date,innovation,ar1_phi_050,ar1_phi_095,ar1_phi_m075,ma1_theta_060,random_walk,trend_stationary,variance_break,synthetic_price,arima_level,arima_difference,seasonal_weekly,seasonal_sar5,seasonal_multiplicative,seasonal_diff5
2021-01-04,-0.2191144416726545,0.0,0.0,0.0,-0.2191144416726545,99.4833281615333,50.0,-0.8466302288938528,100.37961171209172,80.08,0.0,51.96799722655876,-1.048555968338491,68.96325378121499,0.0
2021-01-05,0.9291070817976368,0.9291070817976368,0.9291070817976368,0.9291070817976368,0.7976384167940442,99.28765295549871,50.97335808168579,0.8342773441647054,100.6828719387898,80.16,0.0,52.693640194592106,0.925422966960556,71.62003422339887,0.0
2021-01-06,0.6219556477387431,1.0865091886375615,1.504607375446498,-0.0748746636094845,1.1794198968173253,99.14676505850542,51.01171069700023,-0.5292551857601354,101.80786030384424,79.57242748513366,-0.6675725148663427,55.01950503418313,-1.833881481404043,74.49109000832496,0.0
2021-01-07,-0.3501861536396528,0.1930684406791279,1.0791908530345204,-0.2940301559325393,0.022987235003593,98.83209890171447,50.06570778780063,-0.4403754717570104,102.60064703610652,79.3790886284041,-0.2733388567295484,51.05632736397274,-1.5100310690973784,63.91106874506543,0.0
2021-01-08,-0.9900320247460572,-0.8934978044064932,0.0351992856367372,-0.7695094077966527,-1.2001437169298488,97.94405117694764,51.58813573036981,0.637938281919042,104.34137027011914,79.91641015846952,0.4573215300654026,50.56432864694446,0.07692278806664116,75.09688546701422,0.0
2021-01-11,0.7442174623125462,0.2974685601092995,0.7776567836674465,1.3213495181600357,0.1501982474649119,98.93251499217146,50.26946650371045,0.0977953311177611,104.79553913400464,81.20976684509422,1.2133566866247056,53.41522325175989,-2.0216662672202945,76.85286905030418,1.4472260252011324
2021-01-12,-0.8207319768717435,-0.6719976968170938,-0.0819580323876693,-1.8117441154917704,-0.3742014994842158,98.21191192595366,51.21807949755311,-0.9361738476978668,104.91356428454516,83.51932184784958,2.229555002755367,55.60580204579052,-0.07502426484304892,82.54707408205975,2.9121618511984124
2021-01-13,-0.910826494803939,-1.2468253432124858,-0.9886866255722248,0.4479815918148889,-1.403265680926985,96.71240359311416,51.07913700970733,0.2407874167950239,104.48359633612642,84.65211311751457,1.05279126966499,54.07384929736555,-1.8154122522738265,73.85338563955013,-0.9456557368175851
2021-01-14,-2.693237806690504,-3.3166504782967463,-3.632490100984117,-3.0292240005516704,-3.239733703572867,96.94447821381472,51.71826098811667,-0.5399354797863073,105.27548949990889,84.18319695914855,-0.5489161583660227,52.586734375654395,-0.8138688359176669,68.40655470391276,1.5304070116816533
2021-01-15,0.1185144039148664,-1.5398108352335067,-3.3323511920200444,2.390432404328619,-1.4974282800994356,96.3073547393025,52.54482817945616,0.7268443054820182,105.64815364291296,83.21781597314865,-1.0453809859999077,51.2915023170415,-0.30657919297931485,83.40829763323677,0.7271736700970379
2021-01-18,-0.908380326476469,-1.6782857440932224,-4.074113958895511,-2.701204629722933,-0.8372716841275492,96.66868320286842,51.31796019305019,0.9509180620229574,106.08408613613246,82.69242495549187,-0.6053910176567662,53.409091220692765,-2.0605881729545796,67.20528921336872,-0.006132031067124899
2021-01-19,-0.6025968046515756,-1.441739676698187,-4.473005065602311,1.4233066676406243,-1.1476250005374569,96.96540939630968,50.73476606725584,-0.6729578547732219,106.68367639634884,82.49503467877237,-0.2773902767195099,54.69116941075691,-0.4804601938982483,68.6754563799275,-0.9146326350336054
2021-01-20,0.0548466424808186,-0.6660231958682749,-4.194508169841376,-1.0126333582496496,-0.3067114403101267,96.00541803440797,50.567477664746704,-0.6882996998336313,107.68150459883483,82.32371204864177,-0.2513226301305964,53.902741931362605,-2.5913554255318303,61.12880876988563,-0.17110736600294274
2021-01-21,0.9745982925794212,0.6415866946452837,-3.010184468769886,1.7340733112666582,1.0075062780679125,96.05259631053596,49.966133494664575,-0.4249380838908589,106.37566780804148,82.83372014773128,0.4300080990895156,50.963456169382276,-0.6134641880662458,62.072556653338204,-1.6232782062721185
2021-01-22,-0.4568684597288356,-0.1360751124061938,-3.3165437050602278,-1.7574234431788294,0.127890515818817,96.42073372398036,52.015203048889184,-0.4527140823937116,107.77588996743938,82.44015528357303,-0.4735648641582521,51.555418255819944,0.06229640568244274,56.68853710249669,0.263915938778446
2021-01-25,0.6863007252218696,0.6182631690187727,-2.4644157945853467,2.004368307605992,0.4121796493845682,95.806896117893,52.10368939640821,0.0538121616797746,106.98416620031696,81.7587092346502,-0.7614460489228363,52.57686681876721,-1.1773456871572696,61.5969683937585,-0.8322244019255578
2021-01-26,-0.2533923741520532,0.0557392103573331,-2.594587379008132,-1.756668604856547,0.1583880609810685,95.39917695831072,50.30758809833033,0.1897567975976845,107.16248160798374,81.86067504587064,0.0219658112204404,54.19316586781316,-0.048793655871369634,58.86452228488591,-0.49800354294375637
2021-01-27,2.5124034376444846,2.5402730428231517,0.0475454275867592,3.829904891286895,2.3603680131532525,96.3281965211073,50.93131754942731,0.1276319439724555,107.54983732019102,82.89339236010531,0.9527173142346654,54.78591616765415,-2.8071173454874625,56.87759376900384,0.8831742362915449
2021-01-28,-0.2293679380923576,1.040768583319218,-0.1841997818849362,-3.101796606557529,1.278074124494333,94.8867792708436,51.414525142160905,0.5236823923362616,108.09293953647229,83.15608438665423,0.1826920265489271,52.45778395459517,1.2021406360946756,62.03710550964541,1.4943277852128958
2021-01-29,0.9760776931291542,1.496461984788763,0.8010879003384648,3.302425148047301,0.8384569302737396,94.719347975612,50.820188285624326,0.7322867213459612,108.13125630060358,82.67045462995938,-0.5656297566948452,51.82298909197091,-0.7257026952990574,65.40146730472131,0.26757083615096633
2021-02-01,-1.162995014374126,-0.4147640219797446,-0.4019615090525846,-3.639813875409602,-0.5773483984966337,95.87730606240255,48.87856570693268,0.6330804474710183,109.6052226655004,82.07563953032593,-0.6748150996334603,54.556521216873534,0.2551291666793397,73.32492877303373,1.9796543981063266
2021-02-02,-1.9786828697137675,-2.18606488070364,-2.360546303313723,0.7511775368434344,-2.676479878338243,94.99015484719574,50.03739295174031,0.0179298757856847,108.5245120662138,82.35517247160861,0.1995329412826821,53.88883806995413,-0.4976073605257273,76.53326304949559,-0.304327797859024
2021-02-03,0.0769597194915612,-1.016072720860259,-2.1655592686564757,-0.4864234331410145,-1.110250002336699,94.87504486853578,50.07832416112741,0.8799929488758279,109.96200218213106,83.07740820173676,0.642235730128157,55.454078656722466,-3.7737680845531356,71.38531018494909,0.6681624890683153
2021-02-04,0.7202127011623913,0.212176340732262,-1.33706860406126,1.0850302760181525,0.7663885328573281,95.79615631584598,50.6200220213977,0.2373860034096016,111.09767748052568,82.99859801531328,-0.1588101864234863,51.6093031379173,2.347572296262505,74.04438708401031,-0.8484808166778706
2021-02-05,-1.6825957233796676,-1.5765075530135366,-2.952810897237865,-2.496368430393282,-1.2504681026822329,95.85220338907224,50.13899212264206,-0.6896328843775087,111.14669825310162,83.89316485305457,0.8145668377412901,51.300383838648415,-0.53397038065019,77.10201791534882,-0.5226052533224959
2021-02-08,-0.3236447163221264,-1.1118984928288946,-3.128815068698098,1.548631606472835,-1.3332021503499267,95.66395456917024,48.335030035187806,0.2838611575929447,111.21313768426452,85.10684700445259,1.1336821513980178,54.29256606501039,1.372871194755237,68.86135502285555,-0.26395515186314356
2021-02-09,1.686274807607451,1.1303255611930036,-1.2860995076557418,0.5248011027528248,1.4920879778141751,96.78273549748468,50.07067667296189,0.233980363327717,110.2917109203015,86.23279366117431,1.0459466567217222,56.57166964545586,-0.4560373751988721,84.76868806378825,2.68283157550173
2021-02-10,1.290462414013466,1.855625194609968,0.0686678817405113,0.8968615869488474,2.3022272985779364,96.53681435164688,52.213003236503134,0.7598055213626581,110.68992565524118,86.74547773196379,0.4326840707894751,54.96699388594389,-3.346076062482179,75.53742419969763,-0.4870847707785728
2021-02-11,-0.8079465545029482,0.1198660428020357,-0.7427120668494624,-1.480592744714584,-0.0336691060948686,97.39564492093452,52.66360157930426,-0.7338794760302783,110.86280882349516,87.25164323570561,0.426165503741827,53.35892495653696,0.7903837901767905,75.96889792217074,1.7496218186196586
2021-02-12,1.71731164969291,1.7772446710939278,1.0117351861859207,2.827756208228848,1.232543716991141,96.81654775428692,53.61294553018258,0.0570325656520831,110.10972457345748,87.32575705378167,-0.0058861819239398,53.3678308992598,-2.318074083618534,71.0837681998703,2.0674470606113857
2021-02-15,-1.101642956527334,-0.2130206209803701,-0.1404945296507094,-3.22246011269897,-0.0712559667115881,97.53216411009126,52.663122687182295,1.2401795165696428,110.10269569779344,87.09273977062206,-0.3130172831596085,53.55509540542564,2.893145898385438,62.391339943565896,-0.7374706595847513
2021-02-16,-0.0085627549647508,-0.1150730654549358,-0.1420325581329247,2.408282329559477,-0.6695485288811511,97.63106145213315,52.16418427685165,-0.5153537932251491,110.82569390448876,86.40929399248391,-0.7634457781381463,55.988686229308676,-1.1178594550334322,68.79776650600685,-0.5829834161471865
2021-02-17,1.2820733476920625,1.2245368149645943,1.147142417465784,-0.5241383994775453,1.276935694713212,98.89585991964049,50.71900350280739,0.6910482325723918,113.22495236459407,85.3641847287684,-1.125109263715522,53.27833141044172,-1.62839611617692,58.37828495012908,-1.68866247550217
2021-02-18,-1.5533722058013937,-0.9411037983190964,-0.4635869092088989,-1.160268406193235,-0.7841281971861562,99.1184294040723,52.18085135157846,-0.9503876628629618,111.7608180679641,84.67752852978482,-0.7666561989835732,52.86002180750828,0.688334843474411,56.13226475094119,-0.4989031490286777
2021-02-19,1.962936934930341,1.4923850357707926,1.522529371181887,2.833138239575267,1.0309136114495048,98.80927186103555,52.31586751840007,-0.3786891876409612,111.36568793757826,84.45670643096517,-0.3008220988196545,52.21932321167797,-2.41044624250484,62.46557305901551,-1.1485076875818336
2021-02-22,-0.9052505267870908,-0.1590580089016945,0.5411523758357019,-3.030104206468541,0.2725116341711137,98.52569845911908,51.72431343031189,-0.0900182991565541,110.2205297242783,83.85178550956265,-0.684920921402514,54.39061820017143,2.289189743997959,58.9164102104696,0.8355227947457919
2021-02-23,-1.7010109866210974,-1.7805399910719446,-1.186916229577181,0.5715671682303087,-2.244161302693352,97.4622017613049,52.01300418221224,-0.1096404620720744,109.26820465301002,81.88727110038172,-2.044514409180929,56.09834494505695,-0.8334273115613298,54.823117043394504,0.10965871574827446
2021-02-24,1.142266325698761,0.2519963301627888,0.0146959076004393,0.7135909495260295,0.1216597337261027,97.92921971707908,51.25877811704702,-0.9387497619659496,109.9374423200617,80.74445153913594,-1.2228195612457902,55.23686223953975,-1.0782777175563856,55.689458645859624,1.9585308290980237
2021-02-25,-0.217173483085962,-0.0911753180045676,-0.2032123708655446,-0.7523666952304843,0.4681863123332945,97.29898002443926,50.03784448856953,0.1507632366108375,110.1868271892279,80.03018918118994,-0.7942623579459908,51.716271722034726,0.7396917240293339,67.21018190266095,-1.143750085473556
2021-02-26,-1.0353290013539147,-1.0809166603561986,-1.2283807536761822,-0.4710539799310514,-1.165633091205492,95.9590448559086,51.15849732210255,-0.2141610231056628,109.7014926139678,78.55362634836968,-1.5565628328202612,52.37820249020719,-1.0640366670514663,68.51280617815807,0.1588792785292199
2021-03-01,0.3449642315557635,-0.1954940986223357,-0.8219974844366096,0.6982547165040522,-0.2762331692565852,95.94471821938056,50.69450140225237,0.7177778105190166,108.10660059927407,77.78937079246711,-0.8442555559025631,53.87555198516393,1.1481433081643242,67.16094541120387,-0.5150662150075007
2021-03-02,0.4004954203700341,0.3027483710588662,-0.380402189844745,-0.1231956170080051,0.6074739593034922,95.26814761669972,50.24037140767184,-0.381631105730681,108.34688096836535,78.15749385390465,0.2881230614375338,56.29390299974508,1.0337278251913466,68.5299845857781,0.19555805468812792
2021-03-03,-0.7339207782071179,-0.5825465926776847,-1.0953028585596256,-0.6415240654511141,-0.4936235259850974,94.95177956754524,48.79851708142649,-0.2013646309421447,109.37436003809204,78.63641651717954,0.3989226632748914,54.2054805180917,-1.0340288703011415,77.97257098984672,-1.0313817214480494
2021-03-04,1.0284126233018973,0.737139326963055,-0.0121250923297469,1.5095556723902328,0.5880601563776267,96.08138788283158,49.70741431116241,-0.2123544470603832,108.46040362826795,79.39840902800928,0.6819925108297354,53.67071754708588,-1.9961838494046429,83.27385147835248,1.9544458250511525
2021-03-05,-2.2879352616717936,-1.9193655981902664,-2.299454099385053,-3.420102015964468,-1.670887687690655,96.68029319762528,49.51511928720374,-0.1469696738292851,109.12107197031447,80.52948758298423,1.051078554974958,53.38392221617423,-1.2173493053710764,81.72432675710432,1.0057197259670403
2021-03-08,-0.2730070402685254,-1.2326898393636585,-2.457488434684325,2.292069471704826,-1.6457681972716016,96.96919734431172,49.99465013280518,-1.1838767212579868,110.13348461087178,80.95823296779064,0.3487453848064004,54.53155344250465,1.1829210917365354,78.05851533098766,0.6560014573407216
2021-03-09,-2.2843090778829884,-2.9006539975648176,-4.618923090833098,-4.003361181661608,-2.448113302044104,96.56050914991968,49.96115229941246,-0.5125715720225134,110.87075972854709,80.35994752643809,-0.6782854413525508,55.72696827244789,0.7214786127852811,85.29450512389732,-0.5669347272971876
2021-03-10,0.0355975758667282,-1.4147294229156806,-4.352379360424714,3.0381184621129345,-1.334987870863065,96.59160288186568,52.69758499699996,0.1274138679313076,112.28248387311824,80.15400106720006,-0.2859464592380358,55.77152079172111,-0.18013066133439726,73.22888582890181,1.5660402736294117
2021-03-11,1.616313960564831,0.9089492491069904,-2.518446431838648,-0.6622748860198704,1.6376725060848676,96.0501439203349,53.00120243942039,1.237803937952051,111.80363924828012,81.14371224947297,0.9097111822729248,53.24273323238198,-2.5043643545676715,72.88520604145967,-0.42798431470389886
2021-03-12,-1.0160340134626795,-0.5615593889091846,-3.408558123709395,-0.519327848947777,-0.0462456371237813,95.729043452619,50.1786833134407,0.0874804817336135,112.4233832406001,80.87683611139526,-0.3468761380777088,51.82187158467608,-1.1433720680466901,81.03840937243969,-1.5620506314981455
2021-03-15,-0.7848469643095857,-1.0656266587641778,-4.022977181833511,-0.395351077598753,-1.3944673723871936,97.41819342446485,49.9687273916233,-0.3912466378706518,112.0156330047884,80.26864406804668,-0.6881920433485857,55.35532566410378,0.5987238691527423,66.93880865605344,0.8237722215991283
2021-03-16,-0.2992798345827957,-0.8320931639648846,-4.121108157324631,-0.0027665263837309,-0.7701880131685471,98.38360872448854,51.695884910603446,0.1161507674923738,110.92604154610106,80.12307697858245,-0.2255670894642353,55.38211927410061,1.2490018372013383,78.34850145883046,-0.3448489983472811
2021-03-17,-0.0591790054892273,-0.4752255874716696,-3.9742317549476263,-0.057104110701429,-0.2387469062389047,98.43390772625742,51.21022852671705,-0.127378024332751,109.9946634610382,80.4023504617451,0.1992734831626565,54.68020291637231,-1.2143022712070857,68.9548451741474,-1.0913178753487998
2021-03-18,-1.784585262621806,-2.0221980563576407,-5.560105429822052,-1.741757179595734,-1.8200926659153425,97.71198222628983,52.19596986987472,-0.4812480182173401,110.95140341924238,80.93147863839923,0.4491281766541189,51.506690392640465,-3.086643322610576,68.38100427945002,-1.7360428397415149
2021-03-19,0.9266216634270932,-0.0844773647517272,-4.355478494903856,2.232939548123894,-0.1441294941459904,96.27690271955058,52.764044831326245,0.4776252464395973,112.92145507386957,80.45942458952682,-0.5520540488724032,52.81821547925731,-1.3409454918519186,55.135727361334574,0.99634389458123
2021-03-22,0.4982520226631801,0.4560133402873164,-3.639452547495484,-1.1764526384297402,1.054225020719436,95.01174644812689,52.65446472856095,2.0565908729093594,114.79303223253504,80.5175780801339,-0.0218465093929186,53.54930828957739,0.5624268055204482,61.37472999445088,-1.806017374526391
2021-03-23,0.92251001456883,1.1505166847124884,-2.534969905551879,1.8048494933911352,1.221461228166738,96.16117237929409,52.51014444639186,0.5210533766866076,115.97788207241466,80.69366708153787,0.096089001403969,54.832063530515754,1.0498839152820336,58.87120591875156,-0.5500557435848563
2021-03-24,0.4439539365001987,1.0192122788564428,-1.9642674737740864,-0.9096831835431528,0.9974599452414968,96.96271503037234,52.92605391522677,-0.8684504652970282,115.6734030635644,82.24684416360984,1.4731770820719663,55.92623577707838,-0.9445462933123561,68.61850561822247,1.246032860706073
2021-03-25,0.7835494976136784,1.2931556370418995,-1.082504602471703,1.4658118852710431,1.0499218595137978,96.5620557452084,52.76827852578713,1.0576603122728032,115.47925970404766,83.64532759161732,1.318483428007477,52.289413794719785,-1.438286108031095,61.57516697347405,0.7827234020793199
2021-03-26,0.8840561749241385,1.5306339934450883,-0.1443231974239796,-0.2153027390291439,1.3541858734923455,96.98056611477706,51.87851657989281,0.9400216255178182,115.70369511470642,82.91814000355859,-0.807187588058724,51.790667953962405,0.626333236924853,68.28883585929758,-1.0275475252949064
2021-03-29,-2.0043714923243785,-1.2390544956018343,-2.1414785298771597,-1.8428944380525203,-1.4739377873698951,97.23802789525053,50.18654165518563,-0.2186248330572864,115.81643266201802,81.62087564647408,-1.3772643570845051,54.16899001454932,0.9566209323147143,69.37323314293164,0.6196817249719331
2021-03-30,-1.099840418792738,-1.719367666593655,-3.1342450221760387,0.2823304097466523,-2.302463314187365,96.96951499599729,50.2199078638377,0.2235827273184737,114.2008184273791,80.87904945656346,-0.8218261899106237,58.183526410713775,0.007558791471772297,74.96233340661799,3.351462880198021
2021-03-31,-0.4419208514563115,-1.301604684753139,-3.419453622523548,-0.6536686587663008,-1.1018251027319543,95.98275311351956,51.7792778917396,-0.3705303634811169,115.7848822137302,80.7408787136277,-0.2181707429357574,55.47014780054353,0.18198551466519441,80.43183471866163,-0.4560879765348531
2021-04-01,0.7629201170868357,0.1121177747102661,-2.485560824310535,1.2531716111615614,0.4977676062130488,96.46216836076492,51.79434096890267,-1.844565806580053,117.39013201852516,80.95641663865818,0.1355379250304876,54.20742644731191,-1.172515459278214,81.65970371224891,1.9180126525921253
2021-04-02,-0.6699199760070997,-0.6138610886519666,-3.031202759102108,-1.6097986843782708,-0.2121679057549983,96.10440107863796,52.03403832766361,0.3791721195325682,118.15513473262594,80.9386704929155,-0.0977461457426875,52.910051085727396,-0.5402032531930724,76.27045773682173,1.119383131764991
2021-04-05,0.4575327466703027,0.1506022023443194,-2.4221098744767,1.6648817599540058,0.0555807610660429,95.732858803798,52.53242099696813,0.6960144465505509,117.96503610413508,81.20955817069171,0.1908876777762139,53.56081558661039,-0.5046467716167227,84.14740495596051,-0.6081744279389341
2021-04-06,-1.224979483013889,-1.149678381841729,-3.5259838637667533,-2.4736408029793933,-0.9504598350117072,97.29122770615425,51.5233989698953,-0.0698440115193182,120.3908551183235,82.01485200072614,0.7252938300344249,54.42044024496501,-1.3001977320926723,77.12695989510544,-3.763086165748767
2021-04-07,0.3078496118356524,-0.2669895790852121,-3.041835058742763,2.163080214070197,-0.4271380779726809,97.14742069891564,51.45489517768962,0.3859047188294947,121.53567085531422,81.86682995560083,-0.2280220451253081,55.8159416401173,-0.6905570080243215,78.3805708479842,0.34579383957377274
2021-04-08,-0.3313390231722173,-0.4648338127148234,-3.221082328977842,-1.9536491837248653,-0.1466292560708259,96.5399344994775,53.19739899071563,1.837067191555846,123.25323087212136,81.5554044487491,-0.3914255068517256,52.31251046190823,-2.394363884523457,76.2439636990423,-1.894915985403678
2021-04-09,1.1731688267063238,0.940751920348912,-1.8868593858226257,2.638405714499973,0.9743654128029934,96.456718190923,51.38983415561475,0.9048049257778612,120.62552010784668,82.85368417154154,1.2182797227924405,50.52930046755492,0.42153542193077215,65.01477868772102,-2.3807506181724776
2021-04-12,0.2565518456150801,0.7269278057895362,-1.5359645709164145,-1.7222524402598998,0.9604531416388744,94.3128692781736,51.28200596229173,-0.3277145419101338,121.32124681867462,85.15203632335378,2.21835215181224,52.89066128102588,-0.8194806693882346,70.74623927813477,-0.6701543055845107
2021-04-13,-0.3562401125812511,0.0072237903135169,-1.8154064549518445,0.9354492176136736,-0.202309005212203,94.64773680148764,51.75160220552377,0.4479845360022239,120.46504414854834,86.80996052283088,1.5779241994770878,55.17754695530827,-1.074180590393456,61.65772741655484,0.7571067103432654
2021-04-14,1.585420385168959,1.5890322803257175,-0.1392157470352932,0.8838334719587038,1.3716763176202085,93.01179865710476,51.15401362824904,0.5566956301765563,120.63788254430844,87.79340965675206,0.9034491339211904,54.01890743262402,-0.7571883966855915,64.02821763721886,-1.797034207493283
2021-04-15,-1.8773509970104592,-1.0828348568476005,-2.009605956693988,-2.540226100979487,-0.9260987659090838,93.42805862048314,49.75940499401706,-0.555764222115227,120.32560903828502,89.46642442988315,1.5930147731310884,51.87493156926008,-2.634643382135577,66.63966385074262,-0.43757889264815475
2021-04-16,-0.0915260163460281,-0.6329434447698283,-2.0006516752053165,1.8136435593885876,-1.2179366145523036,92.057305152809,50.01573442499083,-0.8218506172796539,120.344137444574,89.52028830433713,-0.0261361255460303,51.63861326320542,-0.8580845891234603,63.73912234234362,1.109312795650503
2021-04-19,-1.7216571069905886,-2.038128829375503,-3.622276198435639,-3.081889776532029,-1.7765727167982055,92.206051562908,51.21958058438292,0.4063001840918398,120.76906953357847,88.41995338779766,-1.1803349165394614,54.284991946225475,-0.9449859707034407,63.63548392661428,1.3943306651995968
2021-04-20,-1.6666116305359135,-2.6856760452236648,-5.107774019049771,0.6448057018631081,-2.699605894730267,91.8120934539444,49.71714845844805,0.6874810821713528,120.6360567011596,86.8452100562921,-1.654743331505567,54.387351266768796,-1.4514276109049038,64.957390443064,-0.7901956885394767
2021-04-21,-0.9782589437801368,-2.321096966391969,-5.830644261877419,-1.461863220177468,-1.978225922101685,92.16817908532984,52.63252948456341,0.9559948942042208,121.39950260070025,85.34830558438667,-1.57690447190543,54.926591058827704,1.392178305423401,58.683251310218246,0.9076836262036849
2021-04-22,0.0185670187957885,-1.1419814644001958,-5.520545029987758,1.1149644339288896,-0.5683883474722935,92.2996358902404,51.97695751323462,0.1405860031187073,121.83862396456908,84.07843715217588,-1.349868432210782,52.74062907957355,-2.7880633215091555,68.41854560857031,0.8656975103134741
2021-04-23,0.5903053671877562,0.0193146349876582,-4.654212411300613,-0.2459179582589109,0.6014455784652293,92.36206063940008,52.309284746390894,-0.6282775645691326,121.49868327966844,82.3478002867975,-1.8106368653783973,50.878502863134784,-0.06270524137201872,66.5606026982388,-0.7601104000706371
2021-04-26,-1.0171246959509903,-1.0074673784571613,-5.438626486686573,-0.8326862272568071,-0.6629414756383366,92.22306249639816,52.7964095343207,0.7675741897625283,121.80688785548,80.37851386518143,-2.0492864216160545,53.61918564399666,0.4111779062708846,74.76315701220278,-0.6658063022288161
2021-04-27,-1.5284727614241984,-2.032206450652779,-6.6951679237764425,-0.9039580909815932,-2.1387475789947925,89.9658954514712,53.661550804450776,-0.5619994327543072,121.14127082839632,78.81408008672572,-1.6444337784557104,53.657535304055955,-0.3659815715802621,75.67862793068329,-0.7298159627128413
2021-04-28,-0.9223194913063408,-1.93842271663273,-7.282729018893961,-0.2443509230701459,-1.83940314816086,90.15610400242696,51.60688157717708,0.26261730616215,121.26886900705524,77.92453016572668,-0.9695499209990468,53.316991365933795,1.995068212428974,78.72863866112495,-1.6095996928939087
2021-04-29,2.264843139592272,1.2956317812759068,-4.65374942835699,2.448106331894881,1.7114514448084674,90.01826551354286,50.73035892373191,0.4187871984349036,123.452538562679,77.32090841689958,-0.6836217488270948,51.188800484169164,-4.693104993855346,85.2731109123053,-1.5518285954043876
2021-04-30,0.920828959138784,1.5686448497767371,-3.500232997800356,-0.9152507897823772,2.2797348428941477,90.95785279969826,51.77103781220556,-0.5205378910093748,122.69472810008098,76.82283169265168,-0.5780767242478997,51.36041334646653,-1.3239429607738236,86.51067133525736,0.48191048333174535
2021-05-03,-0.4110021106351756,0.373320314253193,-3.736223458545514,0.2754359817016071,0.1414952648480947,92.03629765070568,51.5756101486768,1.0655059910668998,124.48887124883645,76.84675249443508,-0.0560791982166083,51.457571062816264,-0.7010349670290255,84.82162276348919,-2.1616145811803946
2021-05-04,-1.578652552546081,-1.3919923954194846,-5.12806483816432,-1.7852295388222863,-1.8252538189271863,90.88048054227644,54.8892019728948,-0.2657695118651733,124.28256972955788,77.4044917221553,0.4777392277202241,54.87385746014247,-0.7246507880227193,79.80271912347344,1.2163221560865125
2021-05-05,0.6924693918165273,-0.0035268058932149,-4.179192204439576,2.031391545933242,-0.2547221397111212,90.59139243318656,55.6158980166392,0.4524413049546067,124.62015807719564,77.71885972755243,0.2343680053971233,53.250153993434985,3.432900367887025,81.80306832597843,-0.06683737249881005
2021-05-06,-0.441309141306022,-0.4430725442526295,-4.41154173552362,-1.9648528007559531,-0.0258275062161056,90.7006309016729,54.15974825570407,0.4383725953420228,125.95340759114208,77.67906250721256,-0.1197972203398605,51.73892069735404,-3.592082610113407,72.2903248814996,0.5501202131848757
2021-05-07,-0.7423984424261414,-0.9639347145524562,-4.93336309117358,0.7312411581408236,-1.0071839272097547,90.49041527208468,54.27074380151621,-0.5380109760979741,124.29003690008258,76.15591132644239,-1.6031511807701642,51.08243561565391,0.2804129412859381,71.10875200601434,-0.2779777308126228
2021-05-10,0.1006839385827374,-0.3812834186934906,-4.586010998032163,-0.4477469300228801,-0.3447551268729473,92.3429521359224,55.28643170377192,-0.6051017020980004,124.68393939974165,74.56399463582534,-1.6719166906170575,51.67005253856522,-1.4252937665249883,65.39609686821692,0.21248147574895881
2021-05-11,-0.4385266700311231,-0.6291683793778684,-4.795237118161678,-0.102716472513963,-0.3781163068814807,92.3559725457258,54.96844310792376,0.595266839540787,126.29635153315128,73.33514617378535,-1.3088484620399945,54.399969433041356,-0.6116723945083008,65.40057236704436,-0.4738880271011112
2021-05-12,-0.1034138252011779,-0.4179980148901121,-4.658889087454772,-0.0263764708157056,-0.3665298272198518,92.35566249491308,55.65720571873694,-0.0149382354579777,125.92199462589788,73.8584378152183,0.4432916414329436,52.6968301317227,3.280143105639696,60.93287510918442,-0.5533238617122862
2021-05-13,0.4896539803176798,0.2806549728726237,-3.936290652764353,0.509436333429459,0.427605685196973,90.08709965298635,55.585398892710046,-0.510538883444243,124.42246230246704,74.38197364083975,0.4435358256214514,50.75657097426048,-3.596783647603307,64.78432158780703,-0.9823497230935629
2021-05-14,1.01746061334199,1.157788099778302,-2.722015506784145,0.6353833632698959,1.311253001532598,89.90751164485384,53.96343483696892,-0.5176282606045661,124.50971355117916,74.74739524260467,0.2854216017649218,50.489390785247124,1.3819503270279732,62.25611909908645,-0.5930448304067824
2021-05-17,1.711419753133992,2.290313803023144,-0.8744949783109457,1.23488223068157,2.321896121139186,89.87293724880375,53.61601591429794,0.1699094705419054,125.8545866217842,75.13329849745435,0.3059032548496923,51.68050625851651,-1.0442525002169605,74.03371986774309,0.010453719951286189
2021-05-18,0.1344456004402515,1.2796025019518231,-0.6963246289551468,-0.791716072570926,1.1612974523206467,89.03846690109543,52.381928096919104,0.4782576659290466,126.65477275675896,75.5641589175928,0.3508604201384568,53.41069836372831,-1.5590787141602729,71.26702646146151,-0.9892710693130482
2021-05-19,-1.6093782284524891,-0.9695769774765778,-2.2708866259598786,-1.0155911740242949,-1.5287108681883383,87.2363228092763,52.37101567635829,-0.3163418760049459,126.38540074375489,75.14608640997808,-0.498072507614729,52.65788754154543,1.730989595624929,59.41174920963452,-0.038942590177271086
2021-05-20,-0.3159114812832728,-0.8006999700215617,-2.473253775945157,0.4457818992349483,-1.2815384183547665,87.56942931490985,52.07461546134404,0.1779640947247401,127.17091547690404,74.23667019881091,-0.9894162111671676,51.79921888728099,-0.4268501562626894,68.67569260947813,1.0426479130205166
2021-05-21,-0.5510869300904243,-0.9514369151012052,-2.900678017238324,-0.8854233545166356,-0.740633818860388,88.02997664082386,52.73432870815628,0.8332361617417988,127.26846108053446,74.23606270842882,-0.080607490382096,48.84498718783862,1.6354400757145677,65.20210697415004,-1.6444035974085054
2021-05-24,2.260547834801074,1.7848293772504713,-0.4950962815753335,2.9246153506885504,1.9298956767468196,87.40917294266971,51.8664904976996,0.4315772102052119,126.9470107453665,75.05986931728577,0.7438066088569518,51.85276512802544,-1.7970238191319559,81.21680120077163,0.17225886950893
2021-05-25,-0.7658230542814767,0.1265916343437589,-1.2361645217780437,-2.9592845672978894,0.5905056465991677,87.65525490983302,51.87968965680745,0.140682290876637,128.72647551567962,73.56111146130382,-1.5787578559819515,52.930407810080695,-1.0785972757156674,72.69145916638787,-0.4802905536476132
2021-05-26,0.5971644076864806,0.6604602248583601,-0.5771918880026607,2.816627833159898,0.1376705751175946,86.508415685928,52.98907051153734,1.3334399736229656,129.49870850036834,73.88328549487666,0.2421740335728375,52.66095734039205,1.2721013031922968,75.40203943032401,0.003069798846624394
2021-05-27,0.0931064340454317,0.4233365464746118,-0.4552258595570959,-2.0193644408244915,0.4514050786573201,86.69961549354001,51.81095593445762,-0.3147633478892275,128.72739737250936,74.36909127093607,0.4058057760594091,51.19341254256526,-0.5026965732678474,83.91022778817478,-0.6058063447157309
2021-05-28,0.6566031452244147,0.8682714184617205,0.2241385786451735,2.1711264758427835,0.7124670056516736,88.05652682077398,52.70178154935508,-0.8496595922443455,128.9180032858279,73.89353375837509,-0.5555575125609733,49.681315720341985,0.4758036121623287,77.32330849696127,0.8363285325033658
2021-05-31,-1.6028950441081091,-1.168759334877249,-1.3899633943951943,-3.2312399009901966,-1.2089331569734605,87.63622998368776,53.32923697572831,-0.1625938610333868,129.58206238712324,73.48546057966352,-0.48807317871157,51.43889646774893,-1.9726680280160394,90.8694987558478,-0.41386866027650626
2021-06-01,0.446949416991783,-0.1374302504468414,-0.8735158076836514,2.8703793427344304,-0.5147876094730824,85.93838617703653,52.588075770885865,-0.1216043339193263,128.8692539014068,75.2099556114539,1.6444950317903926,52.651467291642206,-0.9603970706522439,91.59275654872583,-0.278940518438489
2021-06-02,-0.4908776241922398,-0.5595927494156605,-1.3207176414917088,-2.6436621312430626,-0.22270797399717,86.00438082581792,53.75364810146683,-0.2347879788344682,127.78741841504277,77.95731015804449,2.6673545465905795,52.25197047044429,0.8784195658304698,78.08198534842379,-0.40898686994776057
2021-06-03,-0.0020119531810743,-0.2818083278889046,-1.2566937125981976,1.980734645251223,-0.2965385276964183,86.1055310714138,53.05952192891075,1.73355033290808,130.61998265813642,79.76073609337583,1.723425935331333,49.851491793085245,-1.259950957550756,77.88021221888337,-1.3419207494800176
2021-06-04,-0.5360631035342803,-0.6769672674787326,-1.729922130502568,-2.021614087472697,-0.5372702754429249,85.84697902695615,53.217796372595714,0.6651886186356095,130.0487145914473,81.3901683732037,1.5494322798278606,48.519875091105845,0.7026491868757114,77.51820293780231,-1.1614406292361394
2021-06-07,0.0160876990750623,-0.3223959346643039,-1.6273383249023772,1.5322982646795853,-0.3055501630455058,85.9744898312229,53.65100148959655,-0.1051337677109094,129.25952069767027,82.65945946634496,1.1892910931412717,49.60323508911549,-1.1831047869769824,73.65523156434351,-1.8356613786334393
2021-06-08,1.6536925698389615,1.4924946025068098,0.1077211611817035,0.5044688713292729,1.6633451892839992,84.61150079008551,53.55424748396136,0.2776314758034645,128.54073054146644,81.83489617270698,-0.9045632936379784,51.681378191286974,-0.683113888037321,73.93622452323984,-0.9700891003552314
2021-06-09,1.2448699306979825,1.9911172319513877,1.3472050338206008,0.8665182772010278,2.23708547260136,85.0448031118305,53.07329073941996,-1.2088642274297543,127.57107656416662,81.61707183379353,-0.2978243389134508,52.07172299078842,0.14771500178270508,68.62052283261208,-0.1802474796558684
2021-06-10,1.6072930477505052,2.6028516637261987,2.887137829880076,0.9574043398497344,2.354215006169295,84.39697863144791,53.468219022226535,0.8257503305792702,127.33508790711514,82.93799404002532,1.2409222062317815,51.191517133370624,-1.387687486621298,65.38530732491824,1.3400253402853792
2021-06-11,-1.4248138864704414,-0.123388054607342,1.3179670519156303,-2.1428671413577423,-0.4604380578201383,83.51424097389786,52.776895931294405,0.9518518380049924,129.79673488004534,85.03498877187165,2.016994731846347,49.93027984005891,2.689357560796428,62.513585438525105,1.410404748953063
2021-06-14,0.8378084874437071,0.776114460140036,2.089877186763556,2.4449588434620138,-0.0170798444385577,83.30185224872511,52.61656513077503,-1.2414921788685047,130.09096996224687,85.89901532073874,0.784026548867079,50.58159929456282,-0.8349529377671498,68.80342905136004,0.9783642054473276
2021-06-15,0.6736697993149255,1.0617270293849437,2.659053126740304,-1.1600493332815849,1.1763548917811495,84.21525150478409,53.428828517012754,1.2151201628291073,131.51475767961242,86.47840953924455,0.49939421850581,52.48490383504248,-2.021129465535417,63.02038048740459,0.8035256437555063
2021-06-16,-0.4266380016438197,0.1042255130486521,2.0994624687594685,0.4433989983173689,-0.0224361220548643,84.19192536284747,54.49601824597174,0.2084027204085684,132.06612160385157,86.50638536760604,-0.052024171638504,52.25718368857275,1.1848347140012918,61.15855556450409,0.18546069778432894
2021-06-17,0.4487885711499536,0.5009013276742798,2.4432779164714487,0.1162393224119269,0.1928057701636618,84.52396844146217,55.27111237178615,0.0677518443492746,131.46344645039966,85.95405012786378,-0.6323352397422666,48.0917540513088,-1.761074140005399,63.93650041074594,-3.099763082061827
2021-06-18,-0.2280492021828048,0.022401461654335,2.0930648184650718,-0.31522869399175,0.0412239405071673,82.22041708929429,56.50544003018894,0.5542769688978093,128.86290451458729,85.94485530414627,-0.0891948237175026,47.59841241375663,0.8625192167211584,71.78626646955875,-2.3318674263022814
2021-06-21,-0.894822526327736,-0.8836217955005684,1.0935890512140816,-0.6584010058339235,-1.031652047637419,82.63614993524084,55.8636084016124,0.0011148487291187,129.12955935073273,86.02544310228062,0.0005877981343425,49.798660306516076,-0.6932401168391988,76.53628297257875,-0.7829389880467446
2021-06-22,-0.0017429253461932,-0.4435538230964775,1.037166673307184,0.4920578290292492,-0.5386364411428348,84.32809008858149,55.31375713272919,0.0184458873044208,128.0844154491014,85.0181227974976,-1.0873203047830184,49.92353213376599,0.4075335337305219,84.84450988506627,-2.5613717012764923
2021-06-23,-0.2988778216099956,-0.5206547331582344,0.6864305180318291,-0.6679211933819327,-0.2999235768177116,84.57246784225126,53.81471876126378,0.6863498211734325,128.22689962959953,83.70900907057744,-1.389113726920164,50.244971272202214,-0.5837528585423688,78.18652568686042,-2.012212416370538
2021-06-24,0.7266458691511439,0.4663185025720267,1.3787548612813816,1.2275867641875935,0.5473191761851466,86.47442814598703,52.039661691404405,1.5639293028580288,127.35915328506395,82.4529970128638,-1.336012057713627,47.28540819688202,-1.8717821784483872,79.27085605279038,-0.8063458544267803
2021-06-25,0.340591040728207,0.5737502920142203,1.6504081589455195,-0.5800990324124881,0.7765785622188934,85.1527403373648,51.896754467268565,0.7230036994531489,127.41533191918248,81.90725820639913,-0.6257388064646684,50.09894850677714,0.10410626077465102,85.92066553992875,2.5005360930205143
2021-06-28,0.3108855679188846,0.5977607139259948,1.878773318917128,0.7459598422282507,0.5152401923558089,84.55667622079727,52.83430432698619,0.0861498963010773,129.18993939726218,83.56124177703197,1.573983570632834,50.29398621551553,-0.4000474252440269,80.56018888011582,0.4953259089994546
2021-06-29,0.5432053978245387,0.8420857547875361,2.3280400507958103,-0.0162644838466493,0.7297367385758695,84.37975049980341,53.50211036714743,-1.103998533999749,128.53636329055965,86.14320052743362,2.5019587504016454,52.040022462098946,-1.5126011099195675,80.90047075869546,2.116490328332958
2021-06-30,-0.4756201238313466,-0.0545772464375786,1.7360179244246732,-0.4634217609463597,-0.1496968851366234,84.88209281028294,54.74729206449236,-0.946468588111747,128.42392770466913,87.23862400439776,1.0154234769641457,51.982659351130074,0.18649482167131654,90.76733207990806,1.7376880789278601
2021-07-01,-0.2800072740642595,-0.3072958972830488,1.36920975413918,0.0675590466455102,-0.5653793483630676,83.42238959086743,53.30027867436939,0.1836609268396522,128.43008537104168,87.26455605203557,-0.0540679523621958,48.593884951899234,-1.1291416659776856,82.33684408819563,1.3084767550172174
2021-07-02,-1.6012699636526735,-1.7549179122941982,-0.3005206972204528,-1.6519392486368063,-1.7692743280912295,83.44780215261525,53.49017536068018,0.3007828947949141,126.39925620541138,86.97254912451201,-0.3720069275235549,47.108735584780185,1.693795800189907,76.59360042499235,-2.9902129219969567
2021-07-05,-0.1260129542921354,-1.003471910439235,-0.4115076166515656,1.1129414821854693,-1.0867749324837397,82.91718148255876,53.26321020376901,0.9503355993138816,126.10568347889092,87.17608295249597,0.1235338279839641,48.2900741147461,1.2371889445029334,77.70914387769898,-2.0039121007694334
2021-07-06,0.956303791680972,0.4545678364613548,0.5653715558619847,0.1215976800418702,0.8806960191056908,83.08384610955208,53.96497302781466,0.226799119914462,126.39586781305997,89.26696614529254,2.0108831927965656,52.19689438355519,-0.9279547146642061,69.31009060874251,0.1568719214562435
2021-07-07,-0.8592102676207537,-0.6319263493900763,-0.3221072895518682,-0.9504085276521564,-0.2854279926121704,80.7717582385937,53.73901792757858,-0.5309163228505597,126.04251483688728,91.19647438753653,1.8495082422439613,49.99616463260302,1.0976846827755786,62.86152148466829,-1.9864947185270552
2021-07-08,0.4736660268510638,0.1577028521560256,0.167664101776789,1.186472422590181,-0.0418601337213883,80.66378623912104,54.505180634943216,-0.472646730467215,127.20393742006117,91.8093674957011,0.5328931081645916,49.07662331194529,-0.2742006439788508,62.58530835757752,0.4827383600460564
2021-07-09,-1.26044803294945,-1.1815966068714372,-1.1011671362615003,-2.150302349892086,-0.9762484168388118,81.13092730703842,52.64852861760581,0.3364698205653865,127.38296160744964,90.7750218626926,-1.1143456330085006,47.157665765491544,-0.9375500483578045,59.14765576378563,0.04893018071135913
2021-07-12,0.2663712984570134,-0.3244270049787051,-0.7797374809914119,1.879098060876078,-0.4898975213126565,81.35470879012914,49.8545746287011,-0.5495408383766894,125.25497439244148,88.9922271312511,-1.8627947314415003,49.34160786002277,1.2250723451446672,70.11601097194556,1.0515337452766715
2021-07-13,-0.753079136117096,-0.9152926386064486,-1.4938297430589371,-2.162402681774154,-0.5932563570428879,80.21794631947974,50.76816471092457,-0.580076923231113,124.94901268031506,87.95175105202424,-1.1204760792268664,50.04138646445261,-2.943980535223067,63.52750497881563,-2.1555079191025825
2021-07-14,-0.5170608278468637,-0.974707147150088,-1.9361990837528544,1.104741183483752,-0.9689083095171211,79.86034195033986,51.62220127236575,-0.1834150232898791,124.15636526594662,88.01139641909496,-0.020354632929262,50.60584407401054,0.1428618106913231,75.29157122016653,0.609679441407522
2021-07-15,0.2053832275511219,-0.281970346023922,-1.6340059020140894,-0.623172660061692,-0.1048532691569962,78.8231048884881,53.15989685289392,-0.9247035858538544,125.12516992069948,89.20264666075815,1.111250241663188,49.1229255494234,0.31357225224344437,67.95599713376812,0.04630223747810902
2021-07-16,0.3395689853051998,0.1985838122932388,-1.212736621608185,0.8069484803514688,0.462798921835873,79.465602094674,54.297483891729975,-0.0451837693095823,127.444445660971,89.7446286017542,0.4619819409960489,47.27687276997601,-1.9671303574156365,74.34359127180835,0.11920700448446553
2021-07-19,1.5100496989194176,1.609341605066037,0.357949908391642,0.904838338655816,1.7137910901025375,79.01615553374644,55.53750845084652,0.3564469967589787,128.72353605628555,90.14373804800756,0.3191094462533534,48.5680755490757,0.9955006364577297,71.5858626253156,-0.7735323109470684
2021-07-20,-0.8545737284952326,-0.0499029259622141,-0.5145213155231727,-1.533202482487095,0.0514560908564178,78.82697851065332,54.77370827897737,0.7851176580585099,129.2167659578664,90.71989964497274,0.4961615969651817,50.244265088084035,-1.5760709324951518,73.62047396183794,0.2028786236314275
2021-07-21,0.6166988846584345,0.5917474216773274,0.1279036349114204,1.7666007465237554,0.1039546475612949,77.44273829270176,54.66318600478864,-0.834469377913026,128.14150002665144,91.56537153085276,0.7654718858800343,50.65771189679434,0.3406965819676747,88.42160140501868,0.05186782278379809
2021-07-22,-1.7580059686531688,-1.462132257814505,-1.6364975154873194,-3.082956528545985,-1.3879866378581085,77.48536420444373,53.68281553011988,0.2056067102104727,128.04025637050913,91.75239739781983,0.1070258669670628,48.027964048418475,1.523578933321657,93.60084952732545,-1.0949615010049243
2021-07-23,-1.5570023890329718,-2.2880685179402245,-3.111675028745925,0.7552150073765174,-2.6118059702248733,78.57171826956093,54.06574457734008,0.1454816227546287,126.28209092056797,92.31940558830276,0.4870081904829403,47.08955559360324,-0.8177159228681347,89.24573705276093,-0.18731717637277256
2021-07-26,0.7442219727525236,-0.3998122862175887,-2.2118693045561053,0.1778107172201355,-0.1899794606672594,79.87702306959622,55.55262380336438,-0.0571103301411735,125.95518832003584,92.6588703968277,0.2594648085249141,47.76605878039125,0.7185550377269408,96.3492203543702,-0.802016768684453
2021-07-27,-0.3494309945080581,-0.5493371376168524,-2.450706833836358,-0.4827890324231597,0.097102189143456,80.47895378475178,55.79916886412106,0.6908902436932179,124.20961197774598,92.0173632825192,-0.7215071143084821,50.13490544720089,-2.3860911516968217,78.9999744833226,-0.10935964088314165
2021-07-28,-0.1252463673500619,-0.3999149361584881,-2.4534178594946017,0.2368454069673079,-0.3349049640548968,81.10207974297604,55.69107111379165,-0.3833527227443214,124.5987246223972,91.35168406932324,-0.7456792131959685,49.82689537743731,1.3046046221709715,77.81432015894255,-0.8308165193570289
2021-07-29,0.1658288591254594,-0.0341286089537845,-2.164918107394412,-0.0118051961000214,0.0906810387154223,79.85231117754127,53.933397232581626,1.467417642420623,125.96520448711227,91.82206543047114,0.3903813611478954,48.27768853173515,0.5088000819817147,80.5005363579514,0.24972448331667607
2021-07-30,0.0571256970172587,0.0400613925403664,-1.9995465050074328,0.0659795940922748,0.1566230124925344,78.91875772665712,55.237356574624926,0.6195838289063742,125.3867336561387,92.7560495185328,0.8539840880616558,47.63316988650566,0.021798156588238027,79.11034211353899,0.5436142929024257
2021-08-02,1.283834301895864,1.3038649981660473,-0.6157348778611971,1.234349606326658,1.3181097201062193,79.87261130602172,55.25689012756428,-0.3615561941318386,124.69587455645126,93.58242537578128,0.7463758572484821,49.032028451870886,-0.4114424303516976,77.71681085213974,1.2659696714796382
2021-08-03,0.9680621863150192,1.619994685398043,0.383114052346882,0.0422999815700257,1.7383627674525377,80.13650662630015,55.74794448937217,-0.1701776164372717,125.19459867466504,93.99341234699912,0.3309869712178301,50.45057913744654,0.2584531436041042,75.94732762997913,0.31567369024564584
2021-08-04,0.564048450069905,1.3740457927689265,0.9280067997994428,0.5323234638923857,1.1448857618589163,80.27981200901957,54.99724100616936,0.4683748448732543,126.50134258070274,93.11519626647942,-0.9582160805196837,48.93737505020519,0.4761567394055016,71.21817226986855,-0.8895203272321197
2021-08-05,-0.1217638173076067,0.5652590790768565,0.759842642501864,-0.5210064152268961,0.2166652527343363,81.12095537553492,56.27920658718426,-0.8283345167067512,125.54586224383496,92.98227037264178,-0.2129258938376428,45.84754045359457,0.7727053711478542,64.39955962912889,-2.430148078140583
2021-08-06,0.6393650152439405,0.9219945547823688,1.3612155256207112,1.0301198266641125,0.5663067248593765,80.43248526136284,53.86647458550865,0.3605804856670452,124.740266050025,93.9597030699893,0.897432697347529,47.760089598289895,-0.29695050074998225,55.89315435633838,0.12691971178423245
2021-08-09,-1.3483389491682312,-0.8873416717770468,-0.0551841998285556,-2.120928819166316,-0.9647199400218668,80.96761063013355,54.100950221459385,0.8512134805625724,125.19058613213004,95.0223949387258,0.9826918687364854,49.38241434881981,-0.5332319364718203,69.85792791039562,0.3503858969489215
2021-08-10,1.396843760565704,0.9531729246771806,1.3444187707285762,2.987540374940441,0.5878403910647654,80.85542840136823,54.52204851482877,0.0810619844450807,125.01467283022184,96.43769518470452,1.3353002459787104,51.22404829196547,-0.7081697832299032,56.9476779930649,0.7734691545189278
2021-08-11,0.2101769626709348,0.6867634250095251,1.4873747948630822,-2.030478318534396,1.0482832190103573,80.78128850592694,54.547961526767054,-0.5684672604274257,123.70644524194276,96.27751615934396,-0.240179025360558,49.54623842036544,0.3995489435811579,64.07037029783679,0.6088633701602504
2021-08-12,-1.2832450711398753,-0.9398633586351128,0.1297609839800526,0.2396136677609215,-1.1571388935373144,81.40098915813891,53.85070850042084,-0.776737130204992,123.03140990453014,95.38481900839017,-0.972697150953786,48.0334221236818,0.3567133793088115,63.44698672328257,2.185881670087234
2021-08-13,2.280936218770356,1.8110045394527996,2.4042091535514056,2.1012259679496648,1.510989176086431,81.19509452549033,54.57887576664294,0.6485584705291255,123.2392937145588,95.0989775732205,-0.3658414351696609,48.45480861210252,-0.8468298837096209,70.13174103704515,0.6947190138126231
2021-08-16,0.7763385977058108,1.6818408674322105,3.0603372935796465,-0.7995808782564378,2.144900328968024,80.7439556101248,56.730143802900784,0.1611149576586064,123.10224364976376,96.021535298771,0.842557725550504,49.523329300654225,-0.7505704794864114,74.72899309614887,0.14091495183441793
2021-08-17,1.585616976957403,2.4265374106735083,4.492937405858067,2.185302635649731,2.051420135580889,80.61928775340444,55.38214664795809,-1.1041994463379967,120.57398232531231,97.62039125176553,1.5188559529945076,50.03205783505607,-0.8568602583990163,81.25580874384583,-1.1919904569093944
2021-08-18,0.3768898924936171,1.5901585978303712,4.64518042805878,-1.262087084243681,1.3282600786680587,78.61497093070113,54.81942807869317,0.5917115495738219,121.52356958983152,100.26154576796468,2.5611545161991875,49.33091789924612,-0.8567570260576998,84.4189865344873,-0.21532052111932387
2021-08-19,0.1190859780781265,0.914165276993312,4.532007384733968,1.0656512912608875,0.3452199135742967,80.69701709745546,55.4801057620688,0.3919440000598204,122.90555705432598,102.19749355841978,1.8559477904550832,46.511749621631964,-1.7721429871616117,84.43330834218534,-1.5216725020498387
2021-08-20,0.1994320186470714,0.6565146571437275,4.50483903414434,-0.5998064497985943,0.2708836054939473,79.017361790571,54.47330253138174,-0.9256619390260964,124.69218589721946,101.80999517289148,-0.4674983855282968,45.15044119944859,-2.2625419790161394,97.80024767206908,-3.3043674126539244
2021-08-23,1.2908846085907626,1.6191419371626263,5.570481691027886,1.7407394459397083,1.4105438197790054,78.97784622748027,53.72918992559802,0.0344313605274398,125.51978762672648,100.99662739321646,-0.893367779675025,48.9664907516543,0.04303876384157701,104.71719028714303,-0.5568385489999272
2021-08-24,-0.614648218188782,0.1949227503925311,4.677309388287709,-1.9202028026435636,0.1598825469656755,80.06061208600126,54.77961355439757,0.0890844007457334,127.36124895936618,100.26366878721063,-0.8129586060058224,49.834002792169024,-1.279446300081429,90.8258376853424,-0.19805504288704867
2021-08-25,-0.6603755252068463,-0.5629141500105808,3.783068393666477,0.7797765767758261,-1.0291644561201154,78.28096780728455,54.624164548247954,-0.6865731932555182,127.15405228602047,100.1755767678535,-0.1680920193571428,50.22521221711269,-2.2946393478026534,83.93759054653279,0.8942943178665743
2021-08-26,0.3422459139816721,0.0607888389763817,3.936160887964825,-0.2425865186001974,-0.0539794011424356,79.43207950137402,53.39164206345298,-0.128490440590211,127.2074473204589,100.09597929332568,-0.1595974745278131,47.59003312957164,0.29447353533323306,80.31502059646063,1.0782835079396733
2021-08-27,1.0378948044876573,1.068289223975848,4.777247648054241,1.2198346934378057,1.2432423528766603,78.75186934787648,54.54291875224995,0.633317393837396,127.03192925374044,99.5092150461707,-0.6667642471549862,48.15948202706447,-2.473428279380931,77.1576518681147,3.009040827615877
2021-08-30,-0.7489218316592642,-0.2147772196713401,3.789463433992265,-1.6637978517376184,-0.1261849489666698,79.6978902404659,55.53575624767663,0.2611931494973614,126.80255606400183,98.89839686344882,-0.6908181827218651,48.18822466871366,1.2272391710506914,74.35142462392088,-0.7782660829406396
2021-08-31,-0.0250946255775831,-0.1324832354132531,3.5748956367150684,1.222753763225631,-0.4744477245731415,80.66442782235623,54.37011046153051,-0.3877520191041382,127.77287865027871,98.29932536898572,-0.6790714944631154,49.43568247784671,-0.8519164764463404,70.67950819953904,-0.3983203143223122
2021-09-01,0.4914280410320589,0.4251864233254324,3.887578895911374,-0.4256372813871641,0.4763712656855091,80.35049485356268,55.83252372271903,-0.2268887756343993,127.78218288931936,98.53624270306295,0.1569173340772335,49.91634121390379,-1.1429264237545294,72.0659120685336,-0.3088710032088997
2021-09-02,0.8378656012075829,1.0504588128702992,4.531065552323388,1.157093562247956,1.1327224258268185,80.24575809361188,54.36658794874057,1.1415060231151102,129.6254270164895,98.51092340700636,-0.1053192960565908,48.944275618654466,-1.0083016018320607,66.39361986214779,1.3542424890828286
2021-09-03,0.3638816411638373,0.889111047598987,4.668393915871056,-0.5039385305221296,0.866601001888387,80.30897122560599,54.77874383040722,-0.8954381750134254,130.53405910829517,100.15346462282334,1.5625412158169765,46.004632204250576,-1.016160924973884,68.68726741642153,-2.154849822813894
2021-09-06,0.2172173500385973,0.6617728738380908,4.6521915701161,0.5951712479301945,0.4355463347368997,78.4002102905889,54.26941785091841,-0.9208374715502236,129.7107776104295,101.79782452620192,1.564359903378587,48.00097712160738,0.8596815624009564,66.7798910239169,-0.18724754710628133
2021-09-07,1.9257508222693875,2.256637259188433,6.345332813879683,1.4793723863217416,2.056081232292546,78.44531278707704,53.56498256524418,0.1126335736766875,130.30073420150285,103.00661553451562,1.1287910083136992,49.83724442158595,-1.4649633758791436,70.59194935986852,0.4015619437392388
2021-09-08,-0.940815607636728,0.1875030219574884,5.08725056554897,-2.050344897378034,0.2146348857249045,77.56299747893542,55.88882594666912,0.7745085906140066,132.08793165974268,103.465172984424,0.3785574499083646,49.60315858660186,-0.38674353883839413,63.72307448405905,-0.31318262730193425
2021-09-09,-0.6345454447604388,-0.5407939337816946,4.198342592511082,0.9032132282730868,-1.1990348093424756,76.81718613511306,55.38219899842842,0.8979065006867006,131.85134817352872,103.985320081043,0.4401470966189967,47.799634567625304,-0.21862203839356842,60.19863960647291,-1.1446410510291614
2021-09-10,-0.7482888338719229,-1.0186858007627702,3.2401366290136053,-1.425698755076738,-1.1290161007281865,76.93322756874724,54.21104858080591,0.4948692117085768,129.54055619609542,105.47128776154688,1.405967680503912,47.641014782334736,-1.1375458574633446,74.5696052017919,1.6363825780841594
2021-09-13,-0.6811513246846176,-1.1904942250660029,2.396978472878307,0.3881227416229359,-1.1301246250077712,75.9631526824551,52.74717119368632,0.4719373070137664,127.82898416484228,106.3785068221706,0.8272190606236967,49.531784418012755,0.41231939006407237,76.06111534832498,1.5308072964053778
2021-09-14,-0.4549245068488273,-1.050171619381829,1.822205042385564,-0.7460165630660293,-0.8636153016595979,74.44555220295081,53.39835845967932,-1.556600273242138,127.32235610231982,105.86184621767394,-0.596660604496646,49.61341177807094,-0.11529883451918921,88.08932954015035,-0.22383264351500998
2021-09-15,0.4562783729780327,-0.0688074367128815,2.1873731632443185,1.015790795277555,0.1833236688687363,74.41621110800952,53.03669561856626,-0.0059939177386697,124.36189411923316,104.6917014056281,-1.2501448120458405,50.29400085902052,-0.521849043505935,79.74793115545945,0.6908422724186636
2021-09-16,0.403366043636093,0.3689623252796522,2.4813705487181954,-0.3584770528220729,0.6771330674229127,73.68534924232532,53.7557938107567,1.8287710698762831,125.01940655802942,104.31123266194402,-0.4604687436840868,47.37223785634099,0.8846081407732307,92.33860523035013,-0.42739671128431667
2021-09-17,0.744995969450941,0.9294771320907672,3.1022979907332267,1.0138537590674956,0.9870155956325968,73.59827617895809,55.330006691656905,-0.5091787830382715,123.82206878637724,104.92293871691244,0.5317060549684431,46.8143534588014,-2.144554166725769,87.07756682258507,-0.8266613235333367
2021-09-20,-0.5404576881997895,-0.0757191221544059,2.406725402996776,-1.3008480075004112,-0.0934601065292248,74.77209937908695,54.11980768497285,0.35853648791868,122.67218297423494,107.01346387622613,2.0105251593136657,48.758321048651965,-1.4340795338436356,88.73272897856219,-0.7734633693607904
2021-09-21,0.7912140328160149,0.7533544717388119,3.077603165662952,1.7668500384413233,0.4669394198961412,73.48498181455899,55.3814015675657,0.0989873148000644,122.4720348398527,109.505696457315,2.412232581088884,51.11724083001657,-0.005621257016128728,89.30928993547506,1.5038290519456297
2021-09-22,0.0222236673972268,0.3989009032666327,2.9459466747770304,-1.302913861433766,0.4969520870868357,74.24357314004284,55.3875987910912,-0.851787920238799,121.4122147481082,110.10154054855116,0.5158440912361506,49.60958175394081,-0.7157609410652135,87.04928091980659,-0.6844191050797122
2021-09-23,-0.1024849691841131,0.0969654824492032,2.6961643718540658,0.8747004268912113,-0.089150768745777,73.49908853943855,54.52644409994128,0.4129955568012489,121.57566905087252,109.27667842253304,-0.9048621260181148,47.74756083827271,0.2942907058697084,88.55384512772554,0.3753229819317241
2021-09-24,1.515607460650508,1.5640902018751095,4.07696361391187,0.8595821404820996,1.4541164791400405,74.09628359115405,56.16132542136866,0.2096355324020829,120.73028881991344,107.62693969310205,-1.7297387294310016,46.906541990046776,-2.5745341022004298,80.62839948264379,0.09218853124537674
2021-09-27,-0.4256876591012584,0.3563574418362964,3.4474277741150177,-1.0703742644628331,0.4836768172890464,73.52744316148721,55.90587674354828,-0.1940452511733318,119.90500020810305,105.29768096662546,-2.4092587264765823,49.30797178397511,-1.9383748102874214,78.93313792863941,0.5496507353231479
2021-09-28,-0.4781106828864106,-0.2999319619682624,2.796945702522856,0.3246700154607142,-0.7335232783471657,73.11510585849291,52.97034922017631,0.6328099117758139,119.70965093973795,104.523549254044,-0.8541317125814729,51.43836695715201,-1.5591811518883856,68.02608626113557,0.3211261271354431
2021-09-29,-1.1135494483760715,-1.263515429360203,1.5435489690206414,-1.357051959971607,-1.400415858107918,72.13159312570141,54.5335378610808,-0.7347597359169524,119.57727530357008,104.60398360866957,0.0004343546255698,49.4051165811825,-0.35927600460178055,69.15261297609645,-0.20446517275831155
2021-09-30,-0.5198727174936975,-1.151630432173799,0.9464988030759118,0.497916252485008,-1.1880023865193403,73.23598679245487,55.399857710784296,-0.0510006037562392,119.55001215792691,104.70091248924554,0.0169288805759762,48.637985701050084,0.4471054761881178,68.78420608688633,0.8904248627773725
2021-10-01,-1.2979077876459324,-1.873723003732832,-0.3987339247238162,-1.6713449770096884,-1.609831418142151,74.14533795045648,55.88583853174745,-0.0328706235651584,118.23203870735904,103.40084815997132,-1.3800643292742156,47.47739801119932,-1.321803099115847,63.02060445498297,0.5708560211525437
2021-10-04,-0.0466138931429857,-0.9834753950094016,-0.4254111216306111,1.2068948396142805,-0.8253585657305451,73.94628702090952,55.85774711159551,-0.4150366956041824,119.7769901921807,101.30049328677276,-2.1803548731985574,49.846168788317435,-1.8739850412909167,67.30536611322985,0.5381970043423223
2021-10-05,0.0798444378005012,-0.4118932597041995,-0.3242961277485793,-0.8253266919102091,0.0518761019147098,73.92073823217568,55.73355129349383,0.2032561171693942,118.76935426254114,99.75974615104352,-1.6207471357292558,51.77074230047779,0.3220346516963881,64.58704607047504,0.3323753433257792
2021-10-06,0.5513118490468997,0.3453652191947999,0.2432305276857493,1.1703068679795563,0.5992185117272004,73.82194287882162,55.57403484417178,-0.3858569452316787,118.31805775088186,99.32214165192651,-0.5176044991170005,50.3323389517544,0.18024075760569175,70.65475049041842,0.9272223705719043
2021-10-07,-0.3345447601407375,-0.1618621505433375,-0.1034757588392756,-1.2122749111254048,-0.0037576507125977,75.39513321842549,55.59840554195658,0.8854164812157588,119.43779375639711,100.3671349455955,0.964993293668992,47.29218664889014,-0.7766775446881389,74.92814419551846,-1.345799052159947
2021-10-08,-0.4826944063317401,-0.563625481603409,-0.580996377229052,0.4265117770123134,-0.6834212624161826,75.66868030052001,55.65612726214209,0.1411590327405632,119.26939958596792,101.78988703499265,1.3427520893971403,49.34211197705271,-0.9235418727886043,73.2705909025723,1.8647139658533902
2021-10-11,0.9019151541946058,0.6201024133929013,0.3499685958270064,0.5820313214353707,0.6122985103955617,74.01033674360976,56.81882452840597,-0.5410657234195682,118.44545426186248,101.51782720059325,-0.3520598343994099,49.66952402808853,-0.2264245073773279,71.66040234231271,-0.1766447602289034
2021-10-12,0.1184038137063117,0.4284550204027624,0.4508739797419678,-0.3181196773702163,0.6595529062230753,73.95436415398594,55.37120621810553,-0.5550545692734551,118.12674480102498,99.93825348509668,-1.659573715496559,53.019034893678885,-0.058142431907518166,82.75116885523748,1.2482925932010929
2021-10-13,-0.3924731907220821,-0.1782456805207009,0.0358570900327873,-0.1538834326944199,-0.3214309024982951,74.65322920279579,55.20264019004644,-0.8100636971026426,116.05094986207804,99.90253982863902,-0.1157136564576504,51.18455949217953,2.5624244039417365,85.75390453722805,0.8522205404251295
2021-10-14,-0.789688625587951,-0.8788114658483015,-0.7556243900568032,-0.6742760510671362,-1.0251725400212004,73.90500442065175,56.576059130117216,0.7279933486010973,115.16625346402662,101.50585398294572,1.5233141543067044,48.57168748401915,-1.372736880199958,94.82044423895863,1.2795008351290136
2021-10-15,1.4003350252148252,0.9609292922906744,0.6824918546608623,1.9060420635151771,0.9265218498620548,73.9316017325622,56.39970743302724,-0.6317973855443457,115.65525100329968,102.75359870158417,1.1677447186384409,49.311066559512334,-2.326794978761113,112.42135391641733,-0.031045417540376263
2021-10-18,0.2143471623357321,0.6948118084810694,0.8627144242635513,-1.2151843853006508,1.0545481774646273,74.2029013025874,56.64522407222121,0.1087826525270561,116.5355018694451,102.3417650242391,-0.4918336773450793,50.012089435756586,-0.7506507362876194,92.38085056496078,0.34256540766805443
2021-10-19,0.9454456001083896,1.2928515043489244,1.7650243031587634,1.8568338890838776,1.0740538975098288,74.19101865052846,57.2256962957262,-0.6046828039267337,118.04601292130918,102.06052530410123,-0.3612397201378324,52.35211121041581,-0.8026792194972815,101.8531220911464,-0.6669236832630716
2021-10-20,-1.6969396786334343,-1.0505139264589722,-0.0201665906326093,-3.0895650954463427,-1.1296723185684008,73.22252927554908,56.2955313374946,-0.6910113419771289,118.63552126089934,102.01419026810044,-0.1263350360008199,52.029001446962575,2.1665642305278365,79.84133211586523,0.8444419547830435
2021-10-21,0.263947893672066,-0.2613090695574201,0.244789632571087,2.581121715256823,-0.7542159135079947,73.67156925971108,58.438221101962725,-0.2808325736260841,119.27397118820716,101.7500126154975,-0.3441776526029367,50.509969021767986,-2.1937150358290776,81.81465926300022,1.9382815377488356
2021-10-22,-0.3792830765908647,-0.5099376113695747,-0.1467329256483319,-2.315124363033482,-0.220914340387625,74.0158109982192,57.05952986582923,-0.0337414621089296,121.42424351058554,100.21941573058768,-1.6105968849098196,49.441566009222235,-1.1902397103300193,83.38912378106029,0.13049944970990168
2021-10-25,-1.4865569260447655,-1.7415257317295532,-1.6259532054106811,0.2497863462303458,-1.7141267719992843,73.49509576164846,56.44859880807902,0.5930895573638312,121.92652320949422,98.77681741947146,-1.522598311116225,50.783202032313056,0.12966937311699356,80.56258332882648,0.7711125965564705
2021-10-26,-1.3122236478856275,-2.1829865137504045,-2.856879193025774,-1.499563407558387,-2.204157803512487,73.18112093140087,55.30875790664963,0.3444528894492796,121.63191547176976,99.11233900751036,0.2555215880389096,52.39052700477612,-0.16803248996318587,69.24854811922934,0.03841579436030429
2021-10-27,0.4927010445825694,-0.5987922122926328,-2.2213341887919165,1.6173736002513597,-0.2946331441488072,74.16545821478138,55.72160781657619,0.0508988117636787,122.78518524461006,99.74658609502494,0.5542470875145787,52.09954801573154,-0.032317288334821725,73.16276410326519,0.07054656876896814
2021-10-28,-1.2011660752013105,-1.5005621813476269,-3.31143355455363,-2.4141962753898305,-0.9055454484517688,74.14665363319864,56.22013997994661,-0.1383912092659819,124.0267934534323,99.5471349612599,-0.2794511337650387,48.989456918635256,-1.212534186697402,66.03609499471631,-1.5205121031327309
2021-10-29,1.950316284390878,1.2000351937170648,-1.1955455924350706,3.7609634909332503,1.229616639270092,73.8644444468711,56.8272029010779,0.231836980861514,122.11383396206064,98.98973511448298,-0.637399846776916,50.664503317198246,-0.6163956616441882,66.68014214243006,1.2229373079760109
2021-11-01,1.888405237129744,2.488422833988277,0.752636924316427,-0.932317381070194,3.058595007764271,74.59640823617889,56.66513051567082,0.7240085443143482,123.11544151940012,98.1965565008538,-0.8731786136291807,50.137906978338926,-0.5541810763191108,65.29921980633468,-0.6452950539741309
2021-11-02,-1.064900785840878,0.1793106311532604,-0.3498957077402722,-0.3656627500382323,0.0681423564369685,74.54745411224759,56.70383331211355,0.9606296413668493,123.95326155039643,98.20304873610432,-0.0735077647494799,54.20802353185973,-0.09253442368515793,65.20168497955342,1.8174965270836125
2021-11-03,-0.5794069847674898,-0.4897516691908595,-0.9118079071207484,-0.3051599222388155,-1.2183474562720165,74.9519139595561,57.02439243691024,0.1256822424205749,124.54022427332885,98.20274196728576,-0.0803067688185824,53.862186423174975,-0.47392483593558604,74.52965639926983,1.7626384074434327
2021-11-04,-1.0235494965949867,-1.2684253311904166,-1.8897670083596976,-0.7946795549158752,-1.3711936874554806,74.20958991467317,56.97798359792589,-0.1491790349166861,123.43369875433596,98.0413667073017,-0.2413752599840407,50.77995862849855,-0.7388755433859491,66.90824845290243,1.7905017098632925
2021-11-05,-0.9924722844872068,-1.626684950082415,-2.7877509424289197,-0.3964626183003004,-1.6066019824441988,75.01202042441686,54.53603412423821,0.0904323711839652,123.8677471296184,97.67383110827932,-0.4475355990223781,49.00890485940566,-0.08834641322394299,80.69154782732598,-1.6555984577925855
2021-11-08,-0.0637445153903786,-0.8770869904315861,-2.712107910697852,0.2336024483348466,-0.6592278860827027,75.91327898237098,56.01968966722318,-0.89120595766637,122.74977712367244,97.9469209208233,0.193089812543981,52.42573520893333,-0.33451632050484076,80.28328680513934,2.287828230594407
2021-11-09,-0.8549800049131754,-1.2935235001289684,-3.4314825200761345,-1.0301818411643104,-0.8932267141474026,75.65576501210955,56.43860437741294,-1.1571733088039515,122.4924989447563,98.1840881269894,0.157167206166085,54.2194920124793,-0.48862494954154784,84.99099661857751,0.011468480619569732
2021-11-10,-1.3927998786663218,-2.039561628730806,-4.652708272738649,-0.620163497793089,-1.905787881614227,75.3094230806638,56.730425667051904,-0.612190049870333,123.73159846760072,98.48563812025668,0.2215499932672902,52.44047043775436,0.40934527114499814,94.60736905061505,-1.4217159854206187
2021-11-11,-0.8768831878893859,-1.896664002254789,-5.296956046991102,-0.4117605645445691,-1.712563115089179,73.37590656094784,57.33321973854463,-0.5467362658549729,124.22432324268232,99.05538033715328,0.4897422168965865,50.32289773057523,-1.4963991857823586,92.06421960588973,-0.45706089792331994
2021-11-12,-1.2441389964370106,-2.192470997564405,-6.276247241078558,-0.9353185730285838,-1.770268909170642,72.50453064392507,57.86148129218592,-0.3704023434635072,124.20947555325988,100.3116231041232,1.1762427669699516,51.0176026909609,1.2377128814887774,86.81924610797907,2.0086978315552386
2021-11-15,2.397524709379583,1.3012892105973803,-3.5649101696450463,3.099013639151021,1.6510413115173763,73.08690014840414,56.8359918834761,0.850646296430463,123.6605923424497,102.10061715843048,1.708994054307255,52.506214843971335,-0.30640227439124934,90.19810885641172,0.08047963503800304
2021-11-16,1.0608336100114613,1.7114782153101515,-2.325831051151333,-1.2634266193518042,2.499348435639211,73.77304169174639,57.31495903623882,0.6758741339691879,123.9542436295214,102.6039563408564,0.4233391824259358,55.787803450928045,-0.6694913741518886,91.59732627877305,1.5683114384487453
2021-11-17,0.6902690677917163,1.546008175446792,-1.51927043080205,1.6378390323055694,1.326769233798593,74.87049169828519,57.54948298582071,0.6351186891129816,125.06585949976858,101.1306021742066,-1.5533541666498192,53.445613670370946,0.8521615964576287,95.32717094087664,1.0051432326165894
2021-11-18,-2.417149533948039,-1.644145446224643,-3.860456443209986,-3.645528808177216,-2.002988093273009,76.14790714137783,58.243881909976096,-0.079542800522325,126.4364555622682,99.75900488213816,-1.4515972920684104,52.56912021746042,-1.506848272095206,87.8989782738856,2.2462224868851948
2021-11-19,-0.6316002996893664,-1.453673022801688,-4.299033920738854,2.102546306443545,-2.0818900200581894,75.27243178405351,57.79705986213005,-0.4070827909331311,125.83110908923324,99.91521706257195,0.0762121804337782,53.375394526644754,1.2170066576481384,78.99324547699693,2.357791835683855
2021-11-22,0.7034911561536947,-0.0233453552471492,-3.380591068548216,-0.8734185736789644,0.3245309763400749,75.58489973468498,58.3816491736802,0.728664405248059,125.61568587695294,99.673842749346,-0.3213743132259596,52.78595848847671,-2.646727646652297,76.3719503117465,0.27974364450537337
2021-11-23,0.8904503280997461,0.8787776504761715,-2.321111187021059,1.5455142583589694,1.312545021791963,75.88009356325828,57.50357062377535,0.4110543494568534,126.94139573702282,98.38203738763968,-1.371805361706303,55.29010724314422,-0.8525010457353345,72.38298859151945,-0.4976962077838252
2021-11-24,0.0444485596400501,0.4838373848781359,-2.160607068029956,-1.1146871341291769,0.5787187564998978,76.09191591840965,57.77090424464697,-0.1218668266343028,127.51837467497543,98.21947901644133,-0.2425583711983832,54.062317254323105,-1.1998619986049872,74.00196526912383,0.6167035839521589
2021-11-25,0.6000227044708669,0.8419413969099349,-1.4525540101575911,1.4360380550677494,0.626691840254897,76.23820646901157,57.36958521182681,-1.2952572648972385,128.64233394827664,99.4166416644037,1.1171626479623813,51.31154159840301,-1.87530148607713,69.44241174359072,-1.257578619057412
2021-11-26,-0.4902587905443453,-0.0692880920893779,-1.870185100194057,-1.5672873318451574,-0.1302451678618252,73.74488409025972,56.08643033528908,0.3310345172871445,128.7871130391806,100.2263528768854,0.729711212481702,51.05664521440972,0.3927260202284992,74.79472534275789,-2.3187493122350347
2021-11-29,0.780899545607908,0.746255499563219,-0.995776299576446,1.956365044491776,0.4867442712813007,74.35306947347178,56.30608731179542,0.8004107711350115,128.57931297584025,100.67841978275204,0.3720669058666468,54.088507347388685,-2.4438730709451395,68.32157588960297,1.302548858911976
2021-11-30,-0.2131504112229681,0.1599773385586413,-1.1591378958205918,-1.6804241945918004,0.2553893161417765,74.48827406491802,56.63782437147058,-0.2537978073493839,129.54756653935618,100.73933971310134,-0.0190800696507018,54.73921103691105,-1.7976308342569616,76.07848501352355,-0.550896206233169
2021-12-01,-1.0999740117374923,-1.019985342458172,-2.201155012767055,0.1603441342063576,-1.2278642584712736,75.38429434298531,54.43919350313339,1.5297092864303308,129.7471523277788,100.54266142591938,-0.2766782871819599,52.95328165961141,0.12361430200951273,70.47399648405218,-1.1090355947116919
2021-12-02,1.4889861321988942,0.9789934609698082,-0.6021111299298081,1.368728031544126,0.8290017251563987,73.26257790526842,56.65857217449092,-0.1403468097500994,126.7449164388094,100.58133521455012,-0.0413262113692593,53.60430542169047,-2.353037291524166,76.41746080069214,2.2927638232874585
2021-12-03,0.1906322807490916,0.6801290112339957,-0.3813732926842261,-0.8359137429090027,1.084023960068428,73.85701947512902,57.02999589980988,-0.5919632626431106,126.08422769829556,99.95573942749115,-0.7055957870589512,51.924850726557004,-1.3603143054382576,82.3559675466834,0.8682055121472843
2021-12-06,0.3434093276788921,0.68347383329589,-0.0188953003711226,0.9703446348606442,0.457788696128347,73.12786664502195,57.58447435011195,0.4223963832034736,126.73438521977364,99.07803056297064,-0.957708864520525,54.633488265136705,-1.5872199700352,82.04732775956518,0.5449809177480205
2021-12-07,-1.087616638143348,-0.7458797214954029,-1.1055671734959145,-1.815375114288831,-0.8815710415360126,73.26023644865082,56.77742185995474,-0.5751802162767565,127.17991645784774,99.0469227878121,-0.1111077751585462,54.61706401520834,-1.9540947976057317,82.58795175109809,-0.12214702170270897
2021-12-08,2.33009859631497,1.9571587355672684,1.2798097814938512,3.691629932031593,1.677528613428961,74.15281175701492,57.80261984015108,0.3947219820583653,128.76449016199237,99.31704063484918,0.1901178470370803,54.937858968870344,-0.4251654038990532,85.005493835139,1.9845773092589312
2021-12-09,0.0356922654086083,1.0142716331922426,1.251511557827767,-2.7330301836150865,1.43375142319759,74.7962952900873,59.08080064770688,0.9362544585940992,128.6047947446593,99.82655561078845,0.4295149759392724,53.55259599344077,-0.9792397555490369,89.32203439857548,-0.05170942824970126
2021-12-10,0.122279120860141,0.6294149374562623,1.3112151007965196,2.172051758571456,0.143694480105306,74.33411176520858,58.69221102250588,-0.6064772066479823,128.14297594825908,99.51517275946333,-0.3913828513251378,52.9142356506547,0.320019279830301,101.21473438386917,0.9893849240976991
2021-12-13,0.2349019998883981,0.5496094686165293,1.4805563456450916,-1.394136819040194,0.3082694724044827,74.58148407694077,59.52224489085255,0.1828535659659136,126.97042449057838,99.19565469845251,-0.399518061010793,54.42366597378803,-2.229614327720185,86.26997949450035,-0.20982229134867225
2021-12-14,-0.9346127864084486,-0.6598080521001839,0.4719157419543884,0.1109898278716969,-0.7936715864754097,74.26559694015809,59.61446516911931,-0.9052687190903332,127.87239088964373,99.01385394273026,-0.261800755722256,55.01064190073128,-1.5318671279394949,90.9020878412782,0.39357788552293727
2021-12-15,0.2821009963494705,-0.0478030297006213,0.7304209512061396,0.1988586254456978,-0.2786666754955986,74.01135315175986,60.44427498054718,-0.076857918893975,128.7036182449547,100.3394564640622,1.2456025213319304,56.34872198570763,0.7808693026032809,90.52682275482026,1.4108630168372827
2021-12-16,-0.3988087188417094,-0.4227102336920201,0.2950911848041231,-0.5479526879259827,-0.229548121032027,73.3036097319843,59.38187241419694,1.874973744700028,128.41223625689577,102.42207839941268,2.002621935350484,53.608540340442396,-0.12797488766942067,86.1552524121474,0.05594434700162765
2021-12-17,-0.2152322349040978,-0.4265873517501078,0.0651043906598191,0.1957322810403892,-0.4545174662091234,72.15238796512212,59.00941755509064,0.9153757966971944,129.3365636543706,103.81626601253144,1.314187613118751,51.37198757335787,0.8530398780442295,78.58230904113339,-1.5422480772968328
2021-12-20,0.8851946377190755,0.6719009618440215,0.9470438088459036,0.7383954269387836,0.7560552967766168,72.62834992266409,59.5723461512824,-0.4958910084090186,128.57932835265578,104.91486257922152,1.018596566690109,54.63830005443134,-2.43476441897694,83.88352382562182,0.21463408064330736
2021-12-21,0.0469221109566304,0.3828725918786412,0.9466137293602388,-0.5068744592474572,0.5780388935880757,72.90121935066819,57.547767992202125,-1.3373324421056128,127.91418148249872,104.8376988358402,-0.1571637433813251,56.71710214981132,-0.36828897584015907,75.689346704695,1.7064602490800382
2021-12-22,-1.1339646266280576,-0.942528330688737,-0.2346815837358307,-0.7538087821924647,-1.105811360054079,72.60113393545257,57.70053418001851,-0.131683563540321,129.25541591602874,104.79781590902604,-0.1198829268141808,55.19263868762174,0.6877467274645058,78.99613223596322,-1.156083298085889
2021-12-23,-1.7184397920435717,-2.18970395738794,-1.941387296592611,-1.153083205399223,-2.398818568020406,72.30291817081071,59.1925938923277,-0.6462200515514217,128.9066949028786,104.1203829333906,-0.7574329756354461,53.17561545115333,1.0852517578668956,75.54355865966221,-0.4329248892890689
2021-12-24,1.416361230890927,0.3215092521969569,-0.4279567008720533,2.281173634940344,0.385297355664784,72.22404767230863,58.71697114603781,0.32815494285477,129.36640503048034,104.47509372932616,0.2747107959355546,53.400541650468114,-0.4873174362890276,71.99428138613395,2.0285540771102433
2021-12-27,-0.1961932285915937,-0.0354386024931152,-0.6027520944200443,-1.907073454796852,0.6536235099429625,72.81188753307808,59.03360782455516,-0.4942081053895483,131.2911385892404,105.4309009980606,0.8758072687344655,55.67820826589572,-0.7705448121192233,70.77178939796512,1.039908211464379
2021-12-28,0.7452495204205385,0.7275302191739809,0.1726350307214964,2.1755546115181774,0.6275335832655823,73.74657270927801,60.27255525729292,-0.1505998271955693,130.02731687557068,105.57602407743111,0.0651230793705236,56.193163960300794,1.1965649408402848,63.00651201148074,-0.523938189510524
2021-12-29,0.3977295050354102,0.7614946146224006,0.561732784220832,-1.233936453603223,0.8448792172877333,73.67508970172,59.52642369293285,-0.5028805305079963,128.80060478064337,106.28880872784256,0.6327846504114253,56.06411862365311,0.9765089968163556,67.74532971792934,0.8714799360313705
2021-12-30,-0.6008799599520035,-0.2201326526408031,-0.0672338149422131,0.3245723802504137,-0.3622422569307573,73.26906272620069,59.03581048728576,-0.6581271027185395,128.50291491827076,107.094391196229,0.7255824683864491,55.14882556914392,0.9060946067337811,71.63157606267441,1.9732101179905968
2021-12-31,-0.0413740248622739,-0.1514403511826755,-0.1052461490573764,-0.2848033100500842,-0.401902000833476,72.70483546652721,59.28615477729928,-0.2263985811542318,128.98048323685654,107.7644680915455,0.5900768953164945,53.47627954802185,-0.6816935982025185,81.02338168835401,0.07573789755373639
2022-01-03,-1.952488788777092,-2.02820896436843,-2.0524726303816,-1.7388863062395288,-1.9773132036944563,73.62118816954509,58.70370087961127,0.4234278358200041,128.5424958770464,108.34880155936594,0.5043334678204354,56.21619420159676,1.5270203172069827,80.20754485219759,0.5379859357010375
2022-01-04,1.1423123956507817,0.1282079134665668,-0.8075366032117379,2.4464771253304285,-0.0291808776154736,72.33013249452175,56.96121347762978,-1.1597777276401986,127.12165944838348,108.808585910977,0.3797843516110721,58.17178301867729,-1.1258715376572597,82.07902101729627,1.9786190583764949
2022-01-05,-0.8499703220581233,-0.7858663653248399,-1.6171300951092742,-2.6848281660559445,-0.1645828846676542,72.7679147713029,56.715437239358906,0.9463708550855444,125.45039165155916,109.73157989992391,0.8429939889469094,55.36457480815811,-0.06922991518990818,88.0105904937994,-0.699543815494998
2022-01-06,-1.236539726399194,-1.6294729090616138,-2.7728133167530045,0.7770813981427647,-1.746521919634068,73.24542551855905,57.29532190357541,1.7381728082915446,127.3170795683264,111.158737262698,1.3471573627740805,54.414709673413995,-1.730927084152559,92.24324002393399,-0.7341158957299285
2022-01-07,0.4293216907837905,-0.3854147637470163,-2.204850960131564,-0.1534893578232828,-0.3126021450557258,73.96232081311828,56.74875999610562,-0.0089642956497195,126.44631612072344,112.01103569428588,0.7722984315878921,53.24514392463248,-2.4161323108779733,98.0027457626399,-0.23113562338937044
2022-01-10,-1.0427288367458702,-1.2354362186193784,-3.1373372488708555,-0.927611818378408,-0.785135822275596,75.38287840187701,56.57390231360571,-1.078108798744886,128.34955987142288,113.04771172605484,0.9566760317689562,55.1619312082406,3.359000764018406,107.26921653799398,-1.0542629933561543
2022-01-11,0.0224454872050159,-0.5952726221046732,-2.958024899222297,0.718154350988822,-0.6031918148425062,75.73375760966135,55.61971774277521,-2.260708900342807,127.0411577281795,114.75755398106038,1.6298422550055398,58.324783159284685,-1.1368084125244549,95.86583697691968,0.15300014060739642
2022-01-12,0.7807512251313041,0.4831149140789675,-2.029372429129878,0.2421354618896877,0.7942185174543137,76.94622062171209,56.79956425586325,-0.1879443210607553,127.29031690300474,116.13057996282612,1.2930259817657337,56.583911067427174,-2.181387979304155,83.66562251996534,1.2193362592690633
2022-01-13,-0.9086315642486272,-0.6670741072091436,-2.836535371922011,-1.090233160665893,-0.4401808291698449,77.31558143091044,56.82945585295394,0.5325248004943368,125.71329199493036,116.4234461825596,0.2128662197334775,55.106428903735356,-1.4962203151775215,101.4994442584588,0.6917192303213611
2022-01-14,-0.2184285266387154,-0.5519655802432872,-2.913137129964626,0.5992463438607043,-0.7636074651878919,76.41879515413612,57.354029686701885,-0.2933817930881425,125.06388988765814,116.86967363089056,0.3662274483309699,55.39881804539941,-0.8288940392317012,84.45107144641075,2.1536741207669294
2022-01-17,2.0745479390022177,1.798565148880574,-0.6929323344641771,1.6251131811066897,1.9434908230189885,76.37519267786118,56.71683302638499,-1.4463294198831116,125.7242683465944,117.07785681639714,0.1281831855065793,54.502975046161886,3.4849560797171444,82.15737943616998,-0.6589561620787165
2022-01-18,0.574616155536745,1.473898729977032,-0.0836695622042231,-0.644218730293272,1.819344918938076,77.29627189132603,58.98851432102779,-0.1460638249138307,126.00714788471264,116.74100083467228,-0.416855981724869,58.244747370240674,-2.0449162714534572,78.04622564894322,-0.0800357890440111
2022-01-19,0.581180294258478,1.318129659246994,0.5016942101644659,1.064344341978432,0.925949987580525,76.36866142079504,58.86182519581486,-0.4035373389322003,126.46102328230872,116.98938853503452,0.1683877003622367,57.544565738660175,-0.897643794645073,78.3711230474913,0.9606546712330015
2022-01-20,-0.7696231841522128,-0.1105583545287157,-0.2930136844959701,-1.5678814406360368,-0.420915007597126,76.81318469654357,58.84695083774724,-0.5350871137145541,125.92551567279789,116.72329802850028,-0.3460905065342534,56.33042332796623,-1.1787774107979292,75.21270329181915,1.2239944242308738
2022-01-21,-0.3902405856560681,-0.445519762920426,-0.6686035859272397,0.7856704948209595,-0.8520144961473958,77.09933768462321,58.03614134133692,-0.0618733745819012,125.2551205893294,115.28846929532116,-1.5148287331790922,54.3324400900437,-0.187973197522114,68.85776727355429,-1.066377955355712
2022-01-24,-0.691342850129977,-0.91410273159019,-1.3265162567608546,-1.2805957212456966,-0.925487201523618,77.99928087245398,57.26002707413268,0.6207568190982036,125.2338208764451,113.4364929395588,-1.93197635576236,57.39191680339319,3.7018953631715448,73.00795980241433,2.8889417572313008
2022-01-25,0.6262784535827538,0.1692270877876588,-0.633911990340058,1.586725244517026,0.2114727435047676,78.4809906365212,59.19296078802903,-0.3380570851237166,125.02033896004068,113.2274947300302,-0.2889982095286095,58.72176629278459,-1.6195447037645292,71.25044029835237,0.47701892254391254
2022-01-26,-0.1132826424757629,-0.0286690985819334,-0.7154990332988179,-1.3033265758635324,0.2624844296738893,76.70964330878984,59.4110993615122,-0.9039822242037724,124.81978065145958,113.30386617880146,-0.0036285512287327,58.611963015852986,-1.1486775486581096,71.58783309432256,1.0673972771928106
2022-01-27,-0.7817587372969803,-0.7960932865879471,-1.4614828189308573,0.195736194600669,-0.849728322782438,76.3066392645983,59.1525144901456,-0.9625399580629372,125.80171727405126,113.98830025491444,0.6044340761129878,55.493224069083624,-2.1839018012441533,73.75223818868544,-0.837199258882606
2022-01-28,-2.19037401973057,-2.5884206630245434,-3.5787826977148844,-2.337176165681072,-2.659429262108758,75.93810925090379,59.47785143289879,-1.24627820370988,126.41539703479772,114.69061079555512,0.6223105406406757,55.217459566856796,-0.37749652480661605,76.79785966709747,0.885019476813099
2022-01-31,1.1271483468329206,-0.167061984679351,-2.2726952159962197,2.880030471093725,-0.1870760650054213,75.24227491621231,57.55559740560461,1.2166816953259338,126.38020790224084,114.44863139510733,-0.3219794004478137,55.658408567234694,2.3612832282064224,94.21468737979956,-1.7335082361584924
2022-02-01,0.7220915153934883,0.6385605230538127,-1.4369689398029202,-1.437931337926805,1.3983805234932407,75.87778139851862,57.60832477996132,-0.0778457387420322,127.64415719816876,114.27970186862964,-0.2489295264776609,60.3438274798625,-1.235511944536024,80.14215206466831,1.622061187077911
2022-02-02,-0.1610570472357327,0.1582232142911736,-1.5261775400485067,0.917391456209371,0.2721978620003602,77.17836373230712,58.53082600439869,0.6017076651568588,128.29814418229552,113.30666698273284,-1.0530348858968104,57.41689716507902,-0.787141580720583,98.61622178931151,-1.1950658507739647
2022-02-03,0.4671017160802816,0.5462133232258685,-0.9827669469657996,-0.2209418760767466,0.370467487738842,76.27165514305187,57.837006961209774,0.4066455647329265,128.1288148465937,111.66895593934083,-1.717711043391997,55.805335302814726,0.2241174217879025,88.76606319789465,0.31211123373110183
2022-02-04,1.0105490754638722,1.2836557370768065,0.0769204758463626,1.1762554825214322,1.2908101051120413,76.01208377926393,57.745927754466834,-0.5215774094828208,127.06359003442024,109.98714383674483,-1.7618121025960114,56.00375741312388,-1.4646651114490734,97.99467603522096,0.7862978462670824
2022-02-07,1.6922618432283751,2.3340897117667785,1.7653362952824196,0.8100702313373009,2.2985912885066986,75.41520332741793,58.87443585567772,-0.7611696515869684,125.98892042329008,109.22448452035113,-0.8426593163937188,56.525447565158544,2.1111887338696502,108.37501712930192,0.8670389979238493
2022-02-08,-0.4529385286756334,0.7141063272077559,1.2241309518426653,-1.060491202178609,0.5624185772613917,76.9344009508911,58.87502664497429,-0.9847105255594972,124.60422081463469,108.8982648951576,-0.4062196251935029,59.794196320529,-0.5916701280247876,91.74265733060102,-0.5496311593335008
2022-02-09,1.3165221826704356,1.6735753462743137,2.479446586920968,2.111890584304392,1.0447590654650556,75.92496603704268,58.54958570888802,-0.487654573991853,123.69303563646224,108.39401874082564,-0.5842461543319927,57.86147611031713,-0.013643167319853045,90.17904412010185,0.44457894523810637
2022-02-10,0.5037943533551738,1.3405820264923305,2.859268610930093,-1.0801235848731203,1.2937076629574351,76.53934176734572,59.15013712783799,-0.9504137689101222,126.19544705846926,108.23906629039536,-0.2349524504302553,55.84900847727773,0.35776349164709315,89.58651824324254,0.04367317446300234
2022-02-11,-0.5271523753801715,0.1431386378659938,2.189152805003417,0.2829403132746689,-0.2248757633670672,76.88262490406542,59.38655041029495,-0.2492497961392986,126.24128471047736,108.75029659537802,0.43123030498265,55.03317139429117,0.5181214299569454,83.27523401928646,-0.9705860188327051
2022-02-14,0.4793041289005789,0.5508734478335758,2.558999293653825,0.2670988939445772,0.163012703672476,76.73425628793834,58.98283311289888,0.0434997943438416,124.91832941066588,108.89020451641554,0.0599079210375219,57.01601445603981,1.1516228412433747,86.89194055792818,0.4905668908812686
2022-02-15,-0.1731716919663273,0.1022650319504605,2.2578776370048064,-0.3734958624247602,0.11441078537402,77.84958741308577,58.5176832306018,0.9137044414390766,126.65617245857024,108.93619687024272,-0.0340076461728201,59.40383679452065,-1.4567392427966337,81.15922265826036,-0.39035952600834634
2022-02-16,-0.2247143998416903,-0.17358188386646,1.920269355312876,0.0554074969768798,-0.3286174150214867,76.91007191245654,57.64405953393264,0.1032633494068182,127.63894847163095,110.2491285784759,1.232931708233188,56.84820144733915,0.26891116464425485,75.82593048278133,-1.0132746629779774
2022-02-17,-0.4798436145580014,-0.5666345564912314,1.3444122729892305,-0.5213992372906613,-0.6146722544630155,78.03681606264423,57.780547226290345,-0.0987361116488638,127.70542735339578,109.81487762912288,-0.514250949353025,55.613488476312654,-0.752132414414094,75.06191762050047,-0.23552000096507442
2022-02-18,-2.525484847106788,-2.808802125352404,-1.2482931877670191,-2.134435419138792,-2.8133910158415887,78.85738490784614,56.71295346001143,-0.1177736005898156,125.11794043038012,107.46367081563535,-2.4312068134875324,55.555468905933076,1.7864196723402719,85.22448381881861,0.5222975116419022
2022-02-21,-0.0815792622310205,-1.4859803249072223,-1.2674577906096889,1.5192473021230737,-1.5968701704950932,78.14428476014356,55.610736588975406,-0.0811056583292219,123.84144711347382,105.48625359667592,-2.057417218959428,56.04352432107452,0.5576561828407797,72.10439447555046,-0.972490134965291
2022-02-22,0.704346552836738,-0.0386436096168731,-0.4997383482424661,-0.4350889237555672,0.6553989954981256,78.15593666036189,56.68146133605866,-1.186998572436854,124.97889551700906,105.6899513277678,0.1236977310918809,59.77134795528236,0.445076881130841,77.38632689649832,0.3675111607617083
2022-02-23,1.1312892823010408,1.111967477492604,0.656537851470698,1.4576059751177162,1.5538972140030836,78.69968398511905,58.74801133593771,-0.3978391343837666,124.50584749483168,105.63074613768384,-0.1392051900839622,58.216759752755586,0.04369779414639821,75.3750887127464,1.3685583054164354
2022-02-24,-0.4178991637038807,0.1380845750424212,0.2058117951932823,-1.5111036450421678,0.2608744056767436,79.99122725091989,57.6137324019764,-2.0070594991388595,124.3225530431981,106.30538744766989,0.5946413099860517,55.24009016559695,-1.6995986603821684,71.51367873082968,-0.3733983107157002
2022-02-25,-0.1075334040957751,-0.0384911165745644,0.0879878013378431,1.0257943296858507,-0.3582729023181035,80.76569899772124,59.886287863320966,0.5580590142291119,123.7760810478762,106.67717427631038,0.2917868286404821,55.80321922749088,0.8343678389576412,77.9954051137261,0.24775032155780252
2022-02-28,-0.5386540415899471,-0.5578995998772294,-0.4550656303189961,-1.307999788854335,-0.6031740840474122,79.89140632238531,59.053843573760034,2.1790236146709185,123.09633867078786,105.8679799287768,-0.8891943475335755,57.2401980536921,2.1148896625970655,80.31206253444704,1.196673732617576
2022-03-01,-0.2528869186620964,-0.5318367186007111,-0.6851992674651427,0.7281129229786552,-0.5760793436160647,79.7379423102263,59.64593629682932,0.1161065073784283,122.503848865732,104.54511425340644,-1.4028656753703446,58.48112045803856,1.331043079087184,85.00079162859036,-1.290227497243798
2022-03-02,0.5010432649901159,0.2351249056897603,-0.1498960391017696,-0.0450414272438755,0.349311113792858,80.70246867211577,60.70059077244386,-0.6278233154467744,122.17296830933564,104.60668633202744,-0.0184279213790046,58.639266423774586,-0.4480774991229112,94.43486894264811,0.42250667101900063
2022-03-03,0.2352777791014869,0.3528402319463671,0.0928765419548058,0.2690588495343936,0.5359037380955565,80.79586080629389,58.68010534135109,-0.2075560673399702,121.4686839851566,105.04687682266837,0.3601904906409136,57.231851058296435,-1.8499686802382098,98.43723613708782,1.9917608926994816
2022-03-04,-0.5590629993547576,-0.382642883381574,-0.470830284497692,-0.7608571365055528,-0.4178963318938654,80.27720002910934,60.20677630440443,-0.2045261224795067,123.33560578585116,106.54512888545356,1.418252062785209,54.17762293167766,0.837574830965869,97.16080267690205,-1.6255962958132173
2022-03-07,-0.9145728876913256,-1.1058943293821126,-1.3618616579641332,-0.3439300353121611,-1.2500106873041803,80.10364403136884,60.11924163838849,0.1393153141827007,120.99153527290484,107.36523307377942,0.7401041883258455,57.08387576947929,0.700496102892844,99.86843061588299,-0.15632228421280558
2022-03-08,0.9687770230997976,0.4158298584087412,-0.3249915519661289,1.2267245495839183,0.4200332904850021,77.99439140554679,60.85463232445932,0.1139389201426843,122.09206479414011,108.07204286957489,0.6268097957954696,57.876692436804156,1.855503954552205,101.47451912209246,-0.6044280212344049
2022-03-09,0.8174531129944832,1.0253680421988538,0.5087111386266607,-0.1025902991934555,1.3987193268543616,77.21609177405368,61.49082361075483,0.4169198798839042,120.33295249757848,108.68987276684022,0.5378298972653461,59.676718498118156,0.1531968276156096,98.99232727423909,1.0374520743435696
2022-03-10,-1.9519097234508864,-1.4392257023514596,-1.468634141755559,-1.8749669990557951,-1.4614378556541967,76.66402216518888,61.17931251857901,-0.6016435711761113,121.27674724165249,108.5709624720112,-0.1989102948290214,54.41296562790258,-1.9229615506443367,94.19393035609507,-2.8188854303938555
2022-03-11,-0.5946629429287351,-1.314275794104465,-1.9898653775965165,0.8115623063631112,-1.765808776999267,76.69685413626065,59.81423524732847,-0.1419982578072124,122.07688735214244,108.97999504282546,0.3290325708142514,55.517959186657095,2.761940950297085,89.31753195858757,1.3403362549794338
2022-03-14,1.1322848869896416,0.4751469899374091,-0.7580872217270489,0.5236131572173082,0.7754871212324006,76.40338898579112,60.41762825110417,0.2359355214523275,123.80769864919702,108.14351133348364,-0.9164837093418324,57.756402436083164,-0.8924855995338103,82.28585822743415,0.6725266666038721
2022-03-15,2.4408120202695067,2.6783855152382112,1.7206291596288104,2.0481021523565257,3.120182952463292,75.51789863038236,59.58729793550005,-0.597863168027012,122.56948025781384,107.67950498241696,-0.5440063510666602,58.68643248130046,1.29944151114671,77.1445686561122,0.8097400444963014
2022-03-16,-0.5081614422962552,0.8310313153228505,1.1264362593511148,-2.0442380565636493,0.9563257698654488,74.94818789429854,59.60255249786953,-1.0502881990325246,122.28168912933808,108.5220047082434,0.76249972582643,57.97612269966957,-0.2200148850463326,73.74508371141611,-1.7005957984485889
2022-03-17,0.990335287178434,1.405850944839859,2.0604497335619927,2.5235138296011708,0.6854384218006808,75.62096893482651,59.08146821358207,-0.945594625227328,124.60995183245822,108.14415856699895,-0.4578461412444313,55.14796995498945,-0.9126379818596617,82.81144045952311,0.7350043270868696
2022-03-18,-0.3215471594099963,0.3813783130099332,1.6358800874738966,-2.214182531610874,0.272654012897064,74.31382340579594,60.50848452206685,1.1101340024712267,125.8457946627311,107.591389104322,-0.6327694626769695,54.64110052944189,2.2068519799562254,65.93088793622739,-0.8768586572152017
2022-03-21,0.0175467275572107,0.2082358840621773,1.5716328106574124,1.6781836262653664,-0.175381568088787,75.21860493338886,61.99865333307562,0.2416888246095034,127.41260967461383,108.60767712542042,0.9362880210984408,57.3202263161271,-0.09369836832157719,65.11369711333207,-0.4361761199560661
2022-03-22,0.0446442581013103,0.148762200132399,1.537695428225852,-1.2139934615977144,0.0551722946356368,74.9871759735203,61.81621718933581,0.3458280396562946,127.16603976861722,111.04905926620738,2.361382140786945,57.888570383919706,-0.6580058487769486,67.19335505292358,-0.7978620973807509
2022-03-23,-0.481674113671124,-0.4072930136049245,0.9791365431434356,0.4288209825271618,-0.4548875588103378,74.7573597230011,62.55073012402352,-0.925498593546232,126.007821804223,112.27389698374444,1.1448377175370763,59.37527884732337,1.7992476167457063,81.25514734844006,1.3991561476538052
2022-03-24,-0.648080757500237,-0.8517272643026992,0.2820989584860267,-0.9696964943956085,-0.9370852257029114,74.7290056402,59.52593754135557,-0.3461321512588677,126.22051823035976,113.31777231302804,0.9638753292835744,56.02917494517405,-0.5203541565681394,73.52532656953156,0.8812049901845995
2022-03-25,0.4158067479580459,-0.0100568841933036,0.6838007585197714,1.1430791187547522,0.0269582934579037,73.7926371461291,59.173378351964736,-0.2095257610271669,126.51753523694651,112.32471768915408,-1.0730546238739307,54.274606196983044,1.9153093381854112,77.30771449030968,-0.3664943324588492
2022-03-28,0.6531976383973751,0.6481691963007232,1.302808358991158,-0.2041117006686891,0.9026816871722028,74.2289182237142,58.81115406477588,-0.6261014468268734,127.00314241872786,110.51020477982703,-1.8945129093270503,57.114636010546825,0.4977126784356898,83.91031812557476,-0.20559030558027303
2022-03-29,0.9779770318708694,1.3020616300212309,2.215644972912469,1.1310608073723862,1.3698956149092945,74.55706050699811,59.798998894388845,-0.3413160278368591,127.91742556870092,108.76915470558772,-1.8210500742393256,57.72627365147299,-0.7339478545719714,91.22273492147362,-0.16229673244671972
2022-03-30,1.245621879579568,1.8966526945901836,3.3504846038464136,0.3973262740502783,1.8324080987020896,74.67879364731687,60.23070158910832,-0.0396500560511679,128.86690183163736,108.47228753757202,-0.3768671680157056,56.412997148353696,2.0560632659299,92.42534442717299,-2.962281698969676
2022-03-31,0.0740773795472515,1.0224037268423432,3.257037753201344,-0.2239173259904572,0.8214505072949924,74.33102866947334,58.0638940288863,-0.9926277717212276,131.6181319389174,109.15364827105265,0.6013607334806184,54.53291858656868,-0.9522559691018215,89.27935103992974,-1.4962563586053719
2022-04-01,-0.8415799233602657,-0.3303780599390941,2.2526059421810105,-0.6736419288674228,-0.7971334956319147,73.48887175005416,57.07666212775994,0.1125827034971496,131.82224038677154,111.08306329029556,1.849415019242931,55.1864388818939,0.26511410100596344,100.46182248889434,0.9118326849108556
2022-04-04,0.5905784485595368,0.4253894185899897,2.730554093631497,1.095809895210104,0.0856304945433774,72.83884154930706,58.85321515860051,-0.2564258451669241,132.5043000113218,112.94466777337736,1.781604483081793,56.01428930101726,-0.6248529846538357,99.0022315029575,-1.1003467095295676
2022-04-05,0.3248184372900368,0.5375131465850317,2.9188448262399587,-0.4970389841175411,0.6791655064257589,72.92834318330146,60.50945622611496,-0.6005788014432544,133.30984160445652,114.02437080494288,0.9997030315655212,59.07281416054672,-0.21144606823165363,103.65988916515228,1.3465405090737335
2022-04-06,-0.2279127824386768,0.0408437908538389,2.544989802489284,0.1448664556494789,-0.0330217200646547,71.71241964885746,60.40468846291449,-1.4793137946801365,133.68992034363313,115.0206442602272,0.9162734552843208,58.004350874581355,0.5463020631834851,105.72354635348664,1.5913537262276591
2022-04-07,0.1393789036660205,0.1598007990929399,2.55711921603084,0.0307290619289112,0.0026312342028143,71.38895923591718,61.7510981266618,-1.2242090283728453,133.5477926422635,115.19730174591844,0.0966574856912474,54.961162104221586,0.6732450831725053,97.9015978070056,0.42824351765290913
2022-04-08,-1.8740210531410175,-1.7941206535945478,0.5552422020882797,-1.8970678495877007,-1.7903937109414054,70.98699514918579,59.395395126036114,0.4784821535379563,132.77394238450742,114.20012487833225,-1.0771768675861872,53.56343523062182,3.1226038855866842,96.75639827072575,-1.6230036512720787
2022-04-11,0.4436902904484814,-0.4533700363487924,0.9711703824323472,1.8664911776392568,-0.6807223414361292,69.48166691486631,60.27927157990579,0.8578263302576448,134.50731186925074,113.69452452680466,-0.5856003515276071,55.53429120689551,-2.666911850286916,91.23748599477783,-0.479998094121747
2022-04-12,-1.667165955440993,-1.8938509736153888,-0.7445540921302632,-3.067034338670436,-1.400951781171904,69.34640738759668,60.61697887108627,0.0059419376294384,136.43376911316616,112.66494007058664,-1.1095844562180015,58.39898508146944,0.06898259795106867,75.89193159428852,-0.6738290790772794
2022-04-13,-0.0628875298385698,-1.0098130166462644,-0.7702139173623199,2.237388224164257,-1.0631871031031657,69.68293142354055,60.88005594399412,-0.2049047798885188,138.6241363062758,112.08186470432616,-0.6630753662604933,57.49381199187857,-0.011553218666888743,84.67484742931445,-0.5105388827027824
2022-04-14,-1.516877271665631,-2.021783779988763,-2.2485804931598348,-3.194918439788824,-1.554609789568773,71.84201222898636,58.50333546886968,-0.2018463465607007,138.750296699202,112.18388244845724,0.0220177441311058,55.10607043994505,1.2305761989153765,80.23977780807863,0.14490833572346418
2022-04-15,-1.1858137703664673,-2.196705660360849,-3.3219652388683105,1.2103750594751508,-2.095940133365846,72.68792358595846,60.52436828089053,0.8454670273795934,139.87049362605325,112.58894423025022,0.3250617817929636,54.1623795633833,2.6844804992305233,73.46096771313267,0.5989443327614765
2022-04-18,-1.9845849738404475,-3.0829378040208715,-5.140451950765343,-2.8923662684468106,-2.696073236060328,72.66247713519105,60.36274916491794,0.1123846888823272,140.32185219446555,113.28009043289578,0.6111462026455631,55.76873933194203,-2.1982283053295437,68.42043272152158,0.23444812504651935
2022-04-19,0.8589910931846346,-0.6824778088258011,-4.024438260042441,3.028265794519742,-0.3317598911196336,73.80052989515605,59.29763015750254,-0.6504839616025706,141.2179751480816,113.23277228204536,-0.1273181508504365,57.792670175819325,-0.08816750093432696,71.90019010537914,-0.606314905650116
2022-04-20,0.1434632197689065,-0.197775684643994,-3.679753127271412,-2.1277361261209,0.6588578756796872,72.84495242825179,60.57180160687762,-1.701160886292527,141.75539394964153,112.2309090731213,-1.0818632089240452,57.32867591115392,-0.24944530886842303,82.04233842558101,-0.16513608072465047
2022-04-21,1.568768396547629,1.469880554225632,-1.9269970743602125,3.164570491138304,1.6548463284089727,73.68867701484832,60.72005869881399,0.5492728194864885,141.21772007557246,111.2102947024243,-1.1006143706970033,53.53422226172498,1.1681837335576162,82.1839704226573,-1.5718481782200726
2022-04-22,-0.8151581660990571,-0.0802178889862411,-2.6458053867412588,-3.188586034452785,0.1261028718295201,72.9164032603609,60.01471756806649,-0.4831149966207427,142.0812021191311,110.72976868641284,-0.5605260160114416,53.58479796428361,2.2225182716081027,87.0252984403434,-0.5775815990996875
2022-04-25,0.6862446110348771,0.6461356665417566,-1.8272705063693184,3.077684136874466,0.1971497113754428,72.98940238538502,60.1822270596819,-0.1728833346287906,143.3738514293077,110.83232661475876,0.0225579283458917,57.53965112281982,-2.5462734746820668,86.50564640122427,1.7709117908777898
2022-04-26,-1.1505755206906296,-0.8275076874197513,-2.886482501741482,-3.458838623346479,-0.7388287540697034,71.96109007046424,62.13260530870536,0.0124847544602471,145.01158064109967,110.72163865682188,-0.1906879579368684,56.28153781053901,-2.2786728960111957,93.1036596306615,-1.511132365280318
2022-04-27,-2.3399480792349032,-2.753701922944779,-5.082106455889312,0.2541808882749561,-3.030293391649281,72.31004047783945,61.25781867110957,0.0482479920585847,145.4549517854496,111.15280166622549,0.3511630094036134,54.98301070116193,-2.100783910933751,92.71406606697886,-2.345665209991992
2022-04-28,1.235955029671409,-0.1408959318009803,-3.5920461034234368,1.0453193634651918,-0.1680138178695329,71.61944225629964,61.32198710412285,-1.4622887028907563,144.66975013504324,110.95047314390814,-0.2823285223173555,54.24266867119866,-0.5137000376255904,102.23845918052668,0.7084464094736802
2022-04-29,-0.3845160695826917,-0.4549640354831819,-3.796959867834957,-1.1685055921815857,0.3570569482201536,72.74573800888304,60.83499531216789,0.2680138144943119,146.09628942911243,110.27955497119558,-0.7509181727125491,53.01254640505831,1.3845535535645142,100.3559604611218,-0.5722515592253004
2022-05-02,0.497320099363189,0.269838081621598,-3.10979177508002,1.3736992934993784,0.266610457613574,72.35971969007034,60.81015454480488,0.0579534848946487,146.81612174941932,110.34344963753152,-0.0161053336640693,56.107785717139315,-1.1356843527929281,93.27674388010354,-1.4318654056805045
2022-05-03,2.250793316618421,2.3857123574292203,-0.7035088697075973,1.2205188464938872,2.5491853762363346,73.17533850525122,60.8381460237928,-0.4949738084878119,150.44499678801986,110.91682380334018,0.4933741658086698,58.32581366777706,-2.543645607520012,96.65601810963477,2.0442758572380555
2022-05-04,-0.0048360723350347,1.1880201063795754,-0.673169498557252,-0.92022520720545,1.345639917636018,72.47745131739715,62.11018380841858,-0.0054108990309628,150.8902972958227,110.42337364172133,-0.5734501616188726,57.06530729312297,-2.491411748230953,104.50528520624066,2.0822965919610397
2022-05-05,1.472795724547782,2.06680577773757,0.8332847009183927,2.16296462995187,1.4698940811467611,71.9813383735625,60.673077513771794,-0.7485655934825013,151.9896901717921,109.03807020590132,-1.4653034358199766,53.2848180611412,-0.8258626952616408,99.53379784379159,-0.9578506100574558
2022-05-06,0.5409868830752668,1.5743897719440518,1.33260734894774,-1.0812365893886358,1.424664317803936,72.12049900169612,59.59226322306053,-0.6258237239780075,151.3069074423137,108.87913486468814,-0.2389353412131969,54.20096756721162,0.7047810850925157,96.1987401194084,1.1884211621533112
2022-05-09,-0.9981846447564358,-0.2109897587844098,0.267792336743917,-0.1872572027149589,-0.6735925149112757,72.07598652543005,59.31475612355982,0.8199148942316158,150.91247953643943,109.15480109926006,0.195666234571912,54.43666840265912,1.2298021991480628,93.11893456503896,-1.6711173144801919
2022-05-10,1.9382484897494852,1.8327536103572808,2.1926512096562067,2.0786913917857044,1.339337702895624,73.19706922762066,61.35345004225135,0.2351158279882695,150.37741696627717,108.18237010720472,-1.0524309920553288,55.37996240171777,-1.6829814425105858,83.3787132453377,-2.945851266059293
2022-05-11,-0.1911733400393199,0.7252034651393203,1.8918453091340768,-1.7501918838785984,0.9717757538103712,72.89790356536416,59.50859719132912,-0.0073934402744655,150.4761567407193,106.85128889806022,-1.4110812091444966,54.2883006971214,-0.18117175135004904,79.6489115930474,-2.77700659600157
2022-05-12,0.0018709573788724,0.3644726899485326,1.799124001056245,1.314514870287821,-0.1128330466447195,71.8209059849436,60.2167792287479,0.2316937403294847,150.59512585912304,105.82802323974872,-1.1032656583115006,53.70025420821287,0.3628731451770205,73.65349207130136,0.41543614707166654
2022-05-13,-0.8385342832575965,-0.6562979382833302,0.8706335177458363,-1.8244204359734624,-0.837411708830273,71.91478523607617,59.04245806726159,-0.1424181916982316,151.1780855925687,104.58042354462566,-1.3275996951230569,51.75139233010509,0.8251827334657169,71.72661554275017,-2.4495752371065294
2022-05-16,1.0481091589217029,0.7199601897800378,1.8752110007802472,2.4164244859018,0.544988588967145,71.4548177355541,58.83556305210632,-1.396604907043503,149.16648407449648,103.209083740079,-1.4513398045466628,54.220269395915125,0.6900109336010594,69.18665068625515,-0.21639900674399826
2022-05-17,-0.2684016878156479,0.091578407074371,1.5130487629255869,-2.0807200522419977,0.3604638075373738,71.98160691991833,61.079086645338464,0.3920622650399948,150.4815281116071,102.11660544519492,-1.1724782948840702,55.97226286675013,-1.6735598100391742,69.32723652523309,0.5923004650323591
2022-05-18,-2.960960781975549,-2.915171578438364,-1.5235644571962417,-1.400420742794051,-3.122001794664938,72.17574451606771,59.73782651091428,-0.2135214901733513,152.10483846515683,101.53995642022043,-0.6566490249744938,55.044755116425335,-1.3882466366841486,76.98836226928239,0.7564544193039353
2022-05-19,0.4702558404401813,-0.9873299487790006,-0.977130393896248,1.5205713975357196,-1.306320628745148,71.74460064585752,60.5004160708569,-0.537445567067066,152.79764081042606,101.1523926561428,-0.467563764077625,52.65435882175661,0.10701016316848527,81.96308962991625,-1.0458953864562588
2022-05-20,-0.0503226419910933,-0.5439876163805937,-0.9785965161925292,-1.190751190142883,0.2318308622730154,71.71733559205832,59.77707340315928,0.0799657163640178,154.70198456694197,102.3588783433815,1.126485687238695,51.90928911511569,-0.49952260451021335,83.92712802495677,0.15789678501059967
2022-05-23,-0.1194122501462172,-0.3914060583365141,-1.04907894052912,0.773651142460945,-0.1496058353408732,72.23134904008964,59.92041199509994,-0.6807227714417136,154.58469013711874,104.14966751951364,1.7107891761321388,53.91475866536283,0.8943738952469519,90.16504397202085,-0.3055107305522924
2022-05-24,-0.1284737505336092,-0.3241767797018662,-1.125098744036273,-0.708712107379318,-0.2001211006213395,71.90056686565194,61.949327851028606,-1.6328271156102017,153.4584805536145,104.24996618912326,0.0202986696096035,55.41658293008064,-2.558507585488921,94.79399073917529,-0.5556799366694918
2022-05-25,-1.3089467757381936,-1.4710351655891267,-2.377790582572653,-0.7774126952037052,-1.386031026058359,72.49618470360471,62.12670028997636,0.6112635793992767,152.99737770971154,103.27484836006433,-1.055117829058945,53.921853822402156,0.605590022935672,96.75295179422803,-1.1229012940231797
2022-05-26,-0.1752331823370605,-0.910750765131624,-2.4341342357810807,0.4078263390657183,-0.9606012477799768,71.41365376678223,62.04935305626445,0.844158917490088,152.9578189213837,103.58797567109728,0.2331273110329603,51.637904510828434,0.6540732281368806,105.85348044535463,-1.0164543109281752
2022-05-27,-1.077624310655687,-1.532999693221499,-3.3900518346477138,-1.3834940649549758,-1.1827642200579234,72.19316440196735,60.69467189689298,-0.3278824863968466,152.39787736160406,104.43661231159427,0.7686366404970004,52.46180298367692,-1.138445770093963,109.75689374223404,0.5525138685612276
2022-05-30,-0.4374021492362359,-1.2039019958469854,-3.657951392151564,0.6002183994799961,-1.083976735629648,70.8791071878916,60.56739294741059,-0.96022438653987,151.80367076042086,104.9760112535964,0.4593989420021373,51.9972130094002,2.316244403785817,86.34872825775324,-1.917545655962634
2022-05-31,0.2798428278002515,-0.3221081701232411,-3.195210994743734,-0.1703209718097455,0.0174015382585099,71.30389260602298,60.22684243337937,0.4045082695941451,151.69153861393744,105.35796114124788,0.3019498876514724,55.77361956485552,-0.5214772367443028,99.52459569354501,0.3570366347748859
2022-06-01,0.7844236813606609,0.6233695962990403,-2.2510267636458865,0.91216441021797,0.9523293780408116,71.59089018689141,59.50924969160983,-0.4873334124216567,152.4061886539723,105.01153987612084,-0.4264212651270356,54.09479127240379,1.1158044498681892,99.95323885657335,0.1729374500016334
2022-06-02,0.1102695139034025,0.4219543120529227,-2.0282059115601894,-0.573853793760075,0.5809237227197991,73.10608661795783,61.106024469121614,-0.5119166674132442,153.83337122154268,104.36472206626226,-0.7268178098585869,52.389597718712515,0.8293038114335738,109.70177536719562,0.751693207884081
2022-06-03,0.7718324205968444,0.9828095766233058,-1.1549631953853354,1.2022227659169007,0.8379941289388859,73.4131029875089,60.96135896411943,-0.5352797488879203,153.94993823607948,104.34774544403568,-0.0969766222265822,52.02332942135478,-1.5115786842328245,104.33006974367679,-0.4384735623221374
2022-06-06,0.7278707695569341,1.219275557868587,-0.3693442660591345,-0.1737963048807415,1.1909702219150406,73.26195248201975,61.83009881549676,0.8488412915338658,152.20778077308813,104.02566014783116,-0.4020852962045146,54.65894695313772,-0.42965775442621656,80.90940578283553,2.6617339437375236
2022-06-07,-1.989994676760656,-1.3803568978263627,-2.340871729516834,-1.8596474481001,-1.5532722150264957,73.61064093441627,61.49743092365929,-0.0026032694632614,156.1481171969699,103.92384654861782,-0.1818135992133446,53.01846352839384,-0.8811841713482982,90.00861130369141,-2.7551560364616847
2022-06-08,0.8246370758454328,0.1344586269322514,-1.3991910671955594,2.219372661920508,-0.3693597302109609,72.48003233205047,60.70406732461768,0.3266912829472164,155.87692445309025,104.02197126070313,0.0181247120853082,54.48125214233693,0.8578228971001821,70.05444289408605,0.38646086993313844
2022-06-09,-0.2996120773704775,-0.2323827639043518,-1.6288435912062589,-1.9641415738108587,0.1951701681367821,72.07113647478971,59.90627022132408,0.5716096660442505,154.01453738700178,103.7456147916091,-0.3563564690940258,51.249758667886,2.680821966110686,79.50324345209395,-1.1398390508265166
2022-06-10,0.9207681543586832,0.8045767724065073,-0.6266332572872626,2.393874334716827,0.7410009079363967,72.57738220990558,60.39019442289912,-0.1515578803356936,151.1140335223377,104.21789778458516,0.3922829929760409,51.503665689486965,-1.6236092982707748,72.16497031205294,-0.5196637318678157
2022-06-13,1.0152950898962234,1.417583476099477,0.419993495473324,-0.7801106611413968,1.567755982511433,72.1468895497081,59.83554067786725,-0.4512390976421686,150.00641559637194,105.65037600709502,1.35247822250988,52.69101654759851,0.23615228659258314,76.78880011777042,-1.9679304055392137
2022-06-14,1.3952658590434386,2.104057597093177,1.7942596797430963,1.980348854899486,2.0044429129811725,72.14438030757903,60.80942107723385,2.1572387337198555,149.55995497144323,106.88082274167851,1.1504467345834926,53.85942805713105,0.017676910232988008,80.12448879809787,0.8409645287372101
2022-06-15,0.6095628475899885,1.6615916461365772,2.3141095433459298,-0.8756987935846262,1.4467223630160515,70.68826369536319,62.67119476622467,-1.788927130978753,149.570730986366,107.13395918507754,0.1731364433990294,54.09773665902417,1.3445713744723307,83.12282823496915,-0.3835154833127561
2022-06-16,-0.1643767879092741,0.6664190351590145,2.034027278269359,0.4923973072791955,0.2013609206447189,71.23295003397988,61.31875021283759,-0.6267930053765898,150.55910034233108,107.17214859375936,-0.041810591318173,51.490223957502025,2.321788235550259,89.57848183836145,0.24046528961602576
2022-06-17,0.5175760645400754,0.8507855821195827,2.4499019788959666,0.1482780840806787,0.418949991794511,71.0682080253611,60.594891320340935,-0.8395963340212184,151.0086295058823,107.43138495086828,0.1792363571089212,50.849567913984174,-1.8159840933245468,82.04060220304049,-0.654097775502791
2022-06-20,0.4363961101147784,0.8617889011745697,2.7638029900659467,0.3251875470542693,0.7469417488388237,71.228383282871,60.78849383007568,-0.536520828875791,152.56830667425697,108.88352344776628,1.3721384968979684,52.27227458012676,-0.752486283231978,87.90449251000558,-0.4187419674717461
2022-06-21,0.0365147268428738,0.4674091774301587,2.662127567405523,-0.2073759334478282,0.2983523929117408,70.83510530809545,62.594809844731984,1.6790775190836684,152.54452977536084,109.37648016226372,0.4129567144974712,53.86947924646675,-0.5569519200429177,89.95844602940441,0.010051189335705146
2022-06-22,0.6302493360385939,0.8639539247536733,3.1592705250738407,0.7857812861244651,0.6521581721443181,69.37366117661719,62.44031254882883,0.704940707585169,149.71399105130513,109.68909053817146,0.2326103759077203,52.97063379324747,0.9288863810747631,110.36790629262727,-1.127102865776699
2022-06-23,0.7429440339420712,1.1749209963189078,3.74425103276222,0.1536080693487224,1.1210936355652277,70.27226992269156,61.57066737975659,-0.1011601780035525,151.70404952283425,110.23359738769832,0.4645068495268762,50.956593256894735,2.9618599564322854,94.18838591202604,-0.53363070060729
2022-06-24,0.8282156807209425,1.4156761788803964,4.385254161845051,0.7130096287094008,1.2739821010861854,69.82929594520104,62.92220684915525,-0.734630017820013,150.43979414403688,111.07392449104456,0.7603271033462328,50.6639511986643,-2.5468716222443923,103.35785626692048,-0.185616715319874
2022-06-27,2.042069333492019,2.749907422932217,6.208060787244817,1.5073121119599684,2.5389987419245843,70.56743800260018,62.370904213761406,0.1624985306960721,149.81144162972282,111.46995249882056,0.3160280077760025,52.88078213688704,-0.12585354514091734,111.48763555575886,0.60850755676028
2022-06-28,-0.1458612129448614,1.2290924985212472,5.751796534937713,-1.2763452969148377,1.07938038715035,68.8701418445971,61.35325122578119,0.1702615817351571,150.94312525548156,111.60625687164924,0.0563043728286711,53.66991062660726,1.5053960707332505,101.75320984586735,-0.19956861985949104
2022-06-29,1.3556108415402028,1.9701570908008263,6.819817549731031,2.312869814226331,1.268094113773286,69.06085198340459,60.6914549209702,0.3542903450513248,152.63360886814291,111.44384870737348,-0.2424081642757393,54.99441717018539,1.3410675752940415,105.45098641162555,2.0237833769379208
2022-06-30,0.4168745321754902,1.4019530775759037,6.89570120441997,-1.3177778284942578,1.230241037099612,68.5304571268632,61.30513295438353,-0.7010424368434355,152.30963663023994,110.3688445188977,-1.1550041884757862,51.6677930397243,1.9666391470666322,101.60775867210155,0.7111997828295671
2022-07-01,1.1063962788629866,1.8073728176509385,7.657312423061958,2.0947296502336803,1.3565209981682806,66.9702837839801,62.251496676818405,-1.77401440696214,153.8352886393548,109.2713038672189,-1.1775406516787934,49.88769445336337,-3.205753382092775,105.76883921212911,-0.7762567453009268
2022-07-04,1.955620364010407,2.8593067728358763,9.230067165919266,0.3845731263351468,2.619458131328199,67.49514953884957,62.75565371387399,-0.4498955908426779,155.259310688621,109.50534853907638,0.1540446718574742,51.84193345289465,0.05656950064608436,82.73146696832633,-1.0388486839923914
2022-07-05,3.1030201517165845,4.532673538134523,11.871583959339889,2.8145903069652243,4.276392370122829,66.84484478340994,60.277281016199225,-0.0455142417788395,155.79947164684103,110.22310416698748,0.6377556279110883,52.36611691294223,1.3253122533484372,90.94683497878397,-1.30379371366503
2022-07-06,-0.7644234902529882,1.501913278814273,10.513581271119904,-2.8753662204769066,1.0973886007769624,67.55467550780935,62.23464078405457,0.6677813899686348,156.07373020790746,110.9793454410549,0.6762412740674288,52.69862467200131,2.7513029068067034,89.05505852917622,-2.2957924981840847
2022-07-07,-0.811783851481222,-0.0608272120740854,9.176118356082688,1.344740813876458,-1.2704379456330148,67.71722276261666,61.97341243981512,0.7447473657589025,156.0340947232244,110.39382304125004,-0.6655223998048501,51.37607100706851,0.7958070814519024,91.5963754135413,-0.291722032655791
2022-07-08,1.4969200490709145,1.4665064430338717,10.214232487349468,0.4883644386635708,1.0098497381821812,67.40922181819315,62.28811120388188,-1.0763935425515678,153.9872474002357,110.62884388113704,0.1550208398869917,50.82795290623074,-3.0521348080381925,75.7719607262658,0.9402584528673685
2022-07-11,0.9977827599020962,1.731035981419032,10.701303622884089,0.631509430904418,1.8959347893446448,67.24403201639947,62.73567095624781,0.7775014535406172,153.7011034850836,110.52494561638224,-0.1838982647548118,52.08299846142059,1.2927651011336077,77.89308619388032,0.24106500852593626
2022-07-12,0.4886800470951492,1.3541980378046652,10.654918488835031,0.0150479739168356,1.0873497030364068,67.60522802493824,60.30132225369431,-0.228999536248213,154.6179531791399,110.50768138646824,-0.0972642299139969,54.93707182001479,0.8495592325350666,70.94655469106776,2.5709549070725615
2022-07-13,0.3066398292775642,0.9837388481798968,10.428812393670846,0.2953538488399375,0.5998478575346538,67.58338872602857,63.104306770972656,0.1756929812353704,154.80534542438625,110.07331157455896,-0.5143698119092772,53.06216545822697,3.099019546784922,79.19471610877206,0.36354078622566277
2022-07-14,-0.6246539204046043,-0.1327844963146559,9.2827178535827,-0.8461693070345575,-0.4406700228380658,67.59362973727421,63.65494560389318,0.6013578320188516,155.15781950437506,109.52035322743068,-0.6329583471282755,50.54674089737874,0.9246678390719325,85.87991282362994,-0.8293301096897707
2022-07-15,-0.5325840257859328,-0.5989762739432607,8.285997935117631,0.1020429544899853,-0.9073763780286954,68.94268987384498,62.49986840467104,0.4226938719966541,154.4809632582994,108.97795178462992,-0.6224014428007688,48.842040953938636,-3.1900783804681816,83.23417611888581,-1.9859119522921063
2022-07-18,-1.062796862784261,-1.3622849997558912,6.808901175577489,-1.13932907865175,-1.3823472782558206,67.97023917410925,58.88638394121291,1.1907413756881515,154.08536800333746,108.86716272372428,-0.1907890609056169,52.11707082221879,1.7937111573589517,96.09348547280135,0.034072360798205636
2022-07-19,0.740363682119047,0.0592211822411014,7.208819798917661,1.5948604911078594,0.1026855644484904,67.00844725858417,62.122018389843184,0.0709207124876488,155.16538767505386,109.96537127893951,1.0182085552152385,54.02233902997036,-0.0018187990908969942,101.24059056188025,-0.9147327900444324
2022-07-20,-0.6026744401140429,-0.5730638489934923,6.245704368857735,-1.7988198084449376,-0.1584562308426147,68.19671855017974,60.806621134723166,-0.4882124238560317,154.2129419612159,111.0052322382454,0.9598609593058672,54.86003781283285,3.2469337665884286,98.31093744354068,1.7978723546058788
2022-07-21,0.8994029359800787,0.6128710114833326,6.832822086394927,2.248517792313782,0.537798271911653,68.19450693925558,60.45662982523979,-1.3211746711368102,155.27915732523684,111.04492594211342,-0.0403062961319821,52.44595432470227,1.0034946023630906,101.2492851321658,1.8992134273235308
2022-07-22,0.8220078297983172,1.1284433355399834,7.313188811873498,-0.864380514437019,1.3616495913863644,67.29835286033486,60.54379414744011,-0.6300729134473219,157.95562977686663,111.126073644901,0.0011477027875962,51.12459009866149,-3.646449506798067,102.8138260691519,2.282549144722857
2022-07-25,-1.2931953424753866,-0.7289736747053949,5.654334028804436,-0.6449099566476223,-0.7999906445963962,68.3229599812221,61.9150467110661,0.2882628113398814,159.74814340024764,111.7836436586372,0.5775700137361947,50.921408775553296,0.7798453463939483,114.80393315473768,-1.1956620466654968
2022-07-26,0.4591287005322784,0.0946418631795809,5.830746027896492,0.9428111680179952,-0.3167885049529535,68.70923442572075,62.453353356999465,0.4612754235179584,157.72194452679878,113.28874343267807,1.4250997740408666,51.541495576162006,0.9437585151016522,107.08734137711572,-2.4808434538083546
2022-07-27,0.8257759373572505,0.873096868947041,6.364984663858918,0.1186675613437541,1.1012531576766176,69.02650535965293,63.215906358828846,0.1362174041436208,156.79596926363558,114.7597101097138,1.3909666770357296,52.65664434845751,1.6699606197365915,111.88580014980238,-2.2033934643753383
2022-07-28,0.1552869494345909,0.5918353839081114,6.202022380100562,0.0662862784267753,0.6507525118489412,66.97217399447726,61.96056478336715,0.6796951457128042,156.5544476872389,115.00496183195406,0.1652517222402499,50.3581424554387,0.8382740683238168,104.8185691343177,-2.087811869263568
2022-07-29,-0.1243189137936198,0.1715987781604358,5.767602347301914,-0.1740336226137013,-0.0311467441328652,65.56109505567372,63.19682751794471,0.6886585906908534,153.96468166779346,113.75306569607736,-1.3318961358767036,49.230405374723475,-3.408150546986324,93.92962500197439,-1.894184723938018
2022-08-01,-1.596148453691112,-1.510349064610894,3.8830737762457055,-1.465623236730836,-1.670739801967284,65.79984888354589,63.87087496499107,-0.2441570528992787,150.21751406312873,112.851730279466,-0.9813354166113556,51.39220363836449,-0.5087803297061732,106.59642176911157,0.4707948628111964
2022-08-02,0.0815578356745632,-0.6736166966308836,3.770477923107984,1.1807752632226902,-0.8761312365401038,66.29480632373765,62.246532888781424,0.4103200825043769,150.16237961073017,112.61319548167076,-0.3185347977952187,52.99769941299195,-0.5391785030208092,91.92336472257011,1.4562038368299426
2022-08-03,-1.5096212957787212,-1.846429644094163,2.072332731173864,-2.395202743195739,-1.4606865943739833,65.5297721940222,62.70588099748235,-0.1975786727323845,150.42839295015483,112.45346738285429,-0.2397280988164862,50.85284182652697,1.457326875777189,83.94676735459996,-1.8038025219305425
2022-08-04,-0.7404177270880025,-1.6636325491350838,1.2282983675271684,1.0559843303088017,-1.6461905045552352,66.27194878524735,62.71262950432106,0.400017914278139,149.76203688847087,111.89721672418514,-0.6362506586691558,51.50398632476482,0.6950001183615039,80.68223195089222,1.1458438693261144
2022-08-05,-0.8614012610553389,-1.693217535622881,0.3054821880954711,-1.65338950878694,-1.3056518973081404,67.08094802061157,62.65948143782263,0.1289911629855272,150.11756746481726,111.07044137320464,-0.9067753509805044,50.26921910558886,-2.315967419717639,78.20588563388236,1.0388137308653853
2022-08-08,-0.5374346539948839,-1.3840434218063242,-0.2472265753041863,0.7026074775953212,-1.0542754106280872,66.76415020086242,62.258663046031074,-1.1594852839932446,149.95684703829215,110.48396375614966,-0.6664776170549714,51.03609251011913,-0.30341015329032006,81.208213883032,-0.3561111282453595
2022-08-09,0.0165195445969721,-0.67550216630619,-0.2183457019420048,-0.5104360635995188,-0.3059412477999581,66.93131621771836,62.409416293791885,0.1856834648788319,151.0650941251874,111.1039416781673,0.5399779220176402,53.446577441379276,-0.09825815099486185,75.77614881776576,0.4488780283873268
2022-08-10,-1.1748338151206272,-1.5125848982737222,-1.3822622319655318,-0.7920067674209882,-1.1649220883624438,67.33477536248469,61.74787705334769,1.1495338803905946,151.12919066935123,110.71477728011632,-0.4691643980509853,52.87550746037936,1.4103378389759569,84.57770490584213,2.022665633852391
2022-08-11,0.6262801732089107,-0.1300122759279504,-0.6868689471583445,1.2202852487746518,-0.0786201158634656,67.77914851878282,62.75523463001814,-0.6042914205664673,151.0896669464368,110.47240629336724,-0.322370986749073,50.02336143337692,0.3172406222754427,73.68882438153702,-1.4806248913878974
2022-08-12,-0.1651727333416767,-0.2301788713056519,-0.8176982331421039,-1.0803866699226656,0.2105953705836696,67.28254544895569,61.39645724734354,0.6789652872754465,150.11034127350084,110.9860603377152,0.4336540443479604,49.122548088058345,-2.3871548123985966,81.61861170481278,-1.1466710175305153
2022-08-15,0.538557637462496,0.42346820180967,-0.2382556840225026,1.3488476399044953,0.4394539974574899,66.60659367028038,60.61258281594899,0.0340178547674712,152.2099139266768,111.06374743159104,-0.002312906124137,51.17539284132259,-2.007985119121259,90.65768822752251,0.13930033120345797
2022-08-16,-1.1234900742286926,-0.9117559733238576,-1.34983297405007,-2.135125804157064,-0.800355491751195,67.32454057687121,62.11451691475784,0.5588198818435505,151.61717434734825,110.13280249759484,-1.0109449339962036,54.18453971112359,0.45214449467678053,112.80226830557739,0.7379622697443153
2022-08-17,-0.5971408708118956,-1.0530188574738244,-1.8794821961594623,1.0042034823059025,-1.2712349153491111,67.25045365358724,61.883219820143935,0.0543243746779212,150.10439482396205,108.51756253580056,-1.6952399617943037,53.05971758586411,1.3235286186837438,102.7532889132971,0.18421012548474636
2022-08-18,-0.1828813350210305,-0.7093907637579427,-1.96838942137252,-0.9360339467504571,-0.5411658575081679,66.6445329070589,63.05583110345203,-0.4357003835784302,150.43992661023222,107.9555617250088,-0.6420008107917481,51.173516131621064,-0.8388568197371546,97.12524358972956,1.150154698244144
2022-08-19,1.016335513055559,0.6616401311765876,-0.8536344372483347,1.718360973118402,0.9066067120429406,66.61875686600993,62.689567907923184,0.5835243459213969,150.30467579709577,106.94339539360108,-1.092166331407744,51.00994651315391,-0.8815923299494354,114.36484813438602,1.8873984250955687
2022-08-22,0.254304113638753,0.5851241792270467,-0.5566486017471648,-1.0344666162000484,0.8641054214720882,67.28947318596875,61.394832981982326,0.9913612408644944,150.07559275680745,107.1480036117024,0.1246082181013253,51.3690754216473,-1.7933174049098053,102.76078858402964,0.19368258032471175
2022-08-23,0.8679408530033879,1.1605029426169111,0.3391246813435813,1.6437908151534242,1.0205233211866396,67.87215701489026,59.13813334799326,0.2432667730238211,149.76618725829775,107.40862128905442,0.1806176773520338,52.772228670177114,0.9597990927201776,112.10358341359563,-1.4123110409464772
2022-08-24,-0.1609336684487665,0.4193178028596891,0.1612347788276357,-1.3937767798138347,0.3598308433532661,67.61993980912504,61.21166142878566,-1.1090290665837643,151.11094788380964,106.66652829427272,-0.8220929947816918,53.47792040830881,-1.9396498928742505,113.87053585866289,0.4182028224447052
2022-08-25,1.1519272787174264,1.361586180147271,1.3051003186036805,2.1972598635778025,1.0553670776481665,67.47622500133355,62.26667910799101,-0.8533025952750166,151.98886916747205,106.39671604710988,-0.3498122471628512,51.53841225700905,-0.5232388671733723,96.34579893371013,0.3648961253879861
2022-08-26,0.4832024881316253,1.163995578205261,1.7230477908051214,-1.1647424095517267,1.1743588553620812,68.40218368592322,63.903458670350346,-0.2462837075140784,153.6953163869949,106.5497844141245,0.0730683670146202,50.63170280969654,-0.9416942753494125,94.87128396932896,-0.3782437034573718
2022-08-29,1.7483619647116937,2.330359753814324,3.3852573659765586,2.6219187718754884,2.0382834575906688,66.86273855512599,63.41644225950508,0.9664948377953306,152.15999088180442,106.38620143420624,-0.2435829799182664,50.715759096027135,-2.5589251671449142,97.89962632359762,-0.6533163256201675
2022-08-30,1.7325667469482102,2.8977466238553724,4.948561244625941,-0.2338723319584059,2.781583925775226,67.26372958476492,61.98516163935085,0.8933568100114824,151.34192090550258,106.569815959012,0.1036145248057791,52.2895990580745,0.19966919380728032,98.56594091421564,-0.48262961210261324
2022-08-31,0.7775822841530596,2.2264555960807457,5.478715466547703,0.952986533121864,1.8171223323219856,66.6953956014691,63.72274546626248,1.4741228344206403,150.93572739678044,106.89836915805604,0.2485531990440204,52.13734235982507,-0.7516977120666205,83.51170534990625,-1.3405780484837422
2022-09-01,1.4921160541720715,2.605343852212444,6.696895747392389,0.7773761543306734,1.9586654246639077,66.8472900557183,62.72120479618818,0.6581463872373142,153.19893100149818,106.91835107231807,-0.0600180857379395,49.67014847380782,0.7290360778170522,91.50584686725193,-1.868263783201229
2022-09-02,-0.399751060524875,0.902920865581347,5.962299899497895,-0.98278317627288,0.4955185719783678,67.85680152866688,63.14564870243705,-0.2009777706122704,153.94713129802707,106.29450067313854,-0.7038503991795385,50.818390846299984,0.11693025573006455,78.42986279322572,0.18668803660344224
2022-09-05,2.982306270763547,3.4337667035542205,8.646491175286545,3.719393652968207,2.742455634448622,66.82009378276466,62.901307402420194,-0.6901045799963945,156.8861618612947,107.05874719893964,0.6842465258010895,53.255690348468626,-3.7371938459489593,82.28493314154727,2.539931252441491
2022-09-06,-0.0065589396711897,1.7103244121059205,8.207607676851028,-2.7961041793973447,1.7828248227869383,66.19643258878264,62.72874995038324,0.6527021459668756,156.81711953110496,107.55470629922912,0.4159591002894846,52.471130462691995,0.3953463798381016,79.40425190216827,0.18153140461749473
2022-09-07,-1.4192708090138637,-0.5641086029609033,6.377956483994613,0.677807325534145,-1.4232061728165772,66.51391107454816,62.86813700200239,0.3141230575803482,154.96199321405194,107.7921893735976,0.1574830743684843,53.90269548753294,-1.1081778324325295,83.46949511084786,1.7653531277078685
2022-09-08,0.4014592170290526,0.1194049155486009,6.460517876823934,-0.1068962771215562,-0.4501032683792654,66.72661617312819,61.49335367997817,-0.3879951343876988,154.4382131562532,108.61424194122044,0.7420525676228227,51.00709136726207,1.09920099150534,85.27787271560337,1.3369428934542498
2022-09-09,0.9566487082211752,1.0163511659954756,7.094140691203912,1.0368209160623425,1.197524238438607,67.21772147436738,60.4443304827016,0.5993228509893044,156.4094768573925,109.86735575797672,1.1731138167563009,50.870112526388745,0.34811518076917586,82.57693960202701,0.05172168008876099
2022-09-12,0.5246076114558418,1.0327831944535797,7.264041268099558,-0.253008075590915,1.0985968363885468,66.68028386892195,59.77765031087984,-0.7576858671692343,157.76658425224207,111.32357284558094,1.376217087604206,52.9602045599619,-1.148271615260742,103.37478187575758,-0.29548578850672413
2022-09-13,0.4893906355809912,1.005782232807781,7.3902298402755715,0.6791466922741775,0.8041552024544962,66.73783655383562,60.28072524963181,-0.7607892926463953,157.02557048846256,111.79119588842954,0.3876230428486003,54.70075518685986,-1.4020329809863856,111.23032538502831,2.229624724167863
2022-09-14,-1.339791758663316,-0.8369006422594254,5.680926589598476,-1.849151777868949,-1.0461573773147212,66.9904386046426,62.74367688352912,-0.4564016492490787,156.4858550208305,110.62182756663498,-1.2493683217945537,54.89809952495455,-0.2949717407898983,101.00448776906916,0.9954040374216149
2022-09-15,0.204013654168447,-0.2144366669612656,5.600893914286999,1.5908774875701588,-0.5998614010295424,66.12766963156828,62.71351911950974,-0.1985136850858003,155.72771264484595,109.75417081502442,-0.9476567516105682,51.66476245556021,0.6090714921814283,124.04160366277786,0.6576710882981374
2022-09-16,-1.8954460638298016,-2.0026643973104346,3.425403154742847,-3.0886041795074206,-1.7730378713287334,66.03665543127269,63.961975486809685,0.7357885087903313,156.51904298384062,110.07804182014496,0.2438710051205529,51.16559092474401,0.598937893101131,115.15748462821182,0.29547839835526446
2022-09-19,-1.0749368039459772,-2.0762690026011947,2.1791961930597274,1.2415163306845882,-2.2122044422438583,66.33191635722929,64.71291161065814,-0.8055790875954156,159.3120254040437,111.50751883673168,1.34947701658671,52.19033906767707,1.1709993002801813,125.46314939683094,-0.7698654922848291
2022-09-20,-1.1758025900173092,-2.2139370913179066,0.8944337933894317,-2.1069398380307502,-1.820764672384896,66.69645341117948,64.67238724601424,-0.5396172873031504,159.30934711154228,113.25055036723694,1.6630315305052648,54.75508686877102,-0.7202221836348502,104.16156566946758,0.05433168191116522
2022-09-21,-0.9639915261153224,-2.070960071774276,-0.1142794223953623,0.6162133524077402,-1.6694730801257078,66.76623334984765,65.02759863883826,0.2053601327079832,157.42322060828232,115.12920263499782,1.798652267760888,54.08946645954577,-0.4360609802071631,93.62294348463597,-0.8086330654087845
2022-09-22,-0.747905713283482,-1.7833857491706198,-0.8564711645590762,-1.2100657275892872,-1.3263006289526755,65.96265551393883,62.34762961386797,1.177970517480659,158.28451388656535,116.06815951316642,0.8589568781685862,52.31976264473183,0.7290769541024223,99.7760694205912,0.6550001891716235
2022-09-23,1.799319406116611,0.9076265315313008,0.9856717997854882,2.706868701808576,1.3505759781465214,67.26973161694039,61.99640416450953,0.3810538584440172,159.93714803167305,115.43830206096628,-0.7098574522001398,51.19030618422823,-0.40493475270416485,88.98443119236366,0.02471525948421771
2022-09-26,0.4605813552933923,0.9143946210590428,1.396969565089606,-1.56957017106304,1.5401729989633588,64.76697988712533,61.56597908419749,0.4635865068663213,158.68455474081927,114.30384844956944,-1.2144536113968534,51.773221718092046,0.6688781923509668,90.42710741844554,-0.4171173495850269
2022-09-27,1.7908136428690118,2.2480109533985333,3.117934729704137,2.967991271166292,2.0671624560450472,64.08701628259644,63.60038226502233,0.3116739700679881,158.29877105607147,113.33199278004176,-1.0518556695276806,55.25615240079862,-1.0633399150318812,95.3572275824114,0.5010655320275959
2022-09-28,-1.3720597771827727,-0.248054300483506,1.589978216036158,-3.5980532305574915,-0.2975715914613657,64.3470282034884,62.76784722979488,1.353276496526279,158.67095126556433,113.25956761148556,-0.1524251685562044,55.10633412183121,-2.0822836255626207,91.09656906750743,1.016867662285442
2022-09-29,0.592816021324338,0.4687888710825849,2.103295326558688,3.2913559442424565,-0.2304198449853256,64.49069610813478,63.4083364047468,0.5066307315275266,158.74159456531336,113.17560757864118,-0.1639600328443827,53.5541974204193,2.4582758964120845,81.78917073974851,1.2344347756874683
2022-09-30,-0.3947115056323118,-0.1603170700910193,1.6034190545984417,-2.863228463814154,-0.039021892837709,63.32388420937809,64.75676505651798,0.4993568404556011,158.04861794680008,114.09475604109612,0.8391484624549725,50.62735751591484,-0.2567042081465774,80.22635804235715,-0.5629486683133891
2022-10-03,-1.1299927586019325,-1.210151293647442,0.3932553432665868,1.017428589258683,-1.3668196619813195,62.33308096182692,63.73851625471031,-0.0824702791230448,157.9773649696228,115.32781650099008,1.153060459893935,53.45904189420468,0.35338329579874883,76.04297704189459,1.6858201761126352
2022-10-04,3.186553861409822,2.581478214586101,3.56014643751308,2.42348241946581,2.5085582062486624,62.52556387420002,63.80483393742352,0.1865301924025561,159.43175631391796,115.98017821184668,0.5723617108566109,54.183015358838716,-1.1803783786762994,95.02209465815216,-1.0731370419599031
2022-10-05,0.6340562263614116,1.924795333654462,4.016195341998837,-1.183555588237946,2.545988543207305,61.36184750318334,64.14130688913949,0.3741610694826601,160.07929050033854,117.14023213655206,1.0800539247053735,54.0919462757037,-1.4997434003981864,89.15564465677089,-1.0143878461275122
2022-10-06,-0.6122029130902706,0.3501947537369604,3.203182661808624,0.2754637780881889,-0.2317691772734237,60.900532560533954,63.67949518145704,-0.4606772776135274,159.86027579737728,118.3053752006177,1.0851430640656416,52.43133909761597,2.690030655705813,78.87865399891427,-1.1228583228033315
2022-10-07,-2.341377261077222,-2.166279884208742,0.7016462676409705,-2.547975094643364,-2.7086990089313847,60.97581538333606,62.93055905172351,-0.0402634874775105,159.87904494960023,119.02921079388344,0.6438355932657361,51.166809375431484,0.8953898317725286,93.23492952709759,0.539451859516646
2022-10-10,0.4902271395743493,-0.5929128025300217,1.1567910938332713,2.401208460556872,-0.914599217071984,61.00782854621266,63.93983078980818,0.2281765773616956,160.39139243515942,119.32454062540054,0.2153298315171205,53.53116886479727,-1.0591582859519593,100.8245253396102,0.07212697059259199
2022-10-11,1.50853012488121,1.2120737236161991,2.6074816640228176,-0.2923762205364442,1.8026664086258195,61.06638967544697,63.346888189588014,-0.3831026315425589,161.3125419258589,119.3294253810012,-0.0751152443993636,55.17826138093729,0.11272786021727976,111.18324289152416,0.995246022098577
2022-10-12,-1.1674787968167104,-0.5614419350086108,1.3096287840049663,-0.9481966314143772,-0.2623607218879844,63.33013605044985,63.36814790364102,-0.1982805035656365,159.12208846685638,119.97082185516076,0.5613964741595698,54.017974218470485,-1.4103385936514785,96.4196676949984,-0.0739720572332132
2022-10-13,-0.1586314244377081,-0.4393523919420136,1.08551592036701,0.5525160491230748,-0.8591187025277344,64.63816040754912,63.21323760740712,-0.4658914574291199,161.9574397579431,120.54843655811752,0.4976147029567497,52.834364976989875,2.676534150335728,107.13207054193091,0.40302587937390655
2022-10-14,-1.6224037781136615,-1.8420799740846685,-0.5911636537650022,-2.0367908149559675,-1.7175826327762864,64.1755981115937,63.09496301388219,-0.1683048723426142,161.43879065350134,120.38491870506871,-0.2435178530487786,53.23508525317282,0.27624401191915976,112.21675666810111,2.0682758777413355
2022-10-17,-1.0120414698726237,-1.933081456914958,-1.5736469409493758,0.5155516413443519,-1.985483736740821,63.88759715761257,63.47608585650816,1.259023601787436,160.52914721069794,119.86801313298304,-0.5969055720856762,53.2590618081916,-0.7601221212387397,112.02484239887833,-0.2721070566056696
2022-10-18,-0.9146971849799472,-1.8812379134374264,-2.409661778881854,-1.3013609159882111,-1.5219220669035214,64.08135117714087,62.195026862818885,2.2028433985921185,158.69941992707322,120.47800001842928,0.5299868854462159,55.18975343508875,-0.24150520656472285,109.64017271375904,0.011492054151453601
2022-10-19,0.387135569598162,-0.5534833871205511,-1.9020431203395995,1.3631562565893205,-0.1616827413898063,62.582430097179085,64.9780238793225,-0.944988707390074,159.32740915004666,121.5312601790573,0.9732601606280258,54.83006749824939,-1.1021681209707723,107.29864976769136,0.8120932797789067
2022-10-20,1.3349003701353244,1.0581586765750488,-0.4720405941872949,0.3125331776933342,1.5671817118942215,62.83892209653686,65.93364351775902,0.2898981341297542,159.11898121474655,122.5536104859102,0.9423503068529212,55.00162890133073,3.1134052003303863,109.7344199838486,2.1672639243408582
2022-10-21,-1.8613660664739784,-1.3322867281864537,-2.309804630951908,-2.0957659497439787,-1.0604258443927836,63.663814754630685,65.2832263124968,1.2321851295001411,156.02226277208447,122.29813231825956,-0.3354781676506713,52.53604664514943,1.1361867682709152,100.99379097216598,-0.6990386080233861
2022-10-24,-0.080645496043235,-0.7467888601364618,-2.274959895447548,1.491178966264749,-1.1974651359276218,63.74452902552045,65.01180793655118,-1.1635689352384964,153.83318970753393,121.63828656656756,-0.7398457516919815,55.610043446074236,-1.2189491828167505,96.90002802531102,2.350981637882633
2022-10-25,-0.1148454882538504,-0.4882399183220813,-2.2760573889290208,-1.233229712952412,-0.1632327858797914,62.75637684967582,64.19821557524574,-1.0317033978403731,154.54425982519072,121.04397520819428,-0.6743113583733041,57.10030475611619,1.1957437444628847,98.36574775460835,1.910551321027441
2022-10-26,-1.7120685045661956,-1.956188463727236,-3.874323024048765,-0.7871462198518866,-1.780975797518506,62.48894287030753,65.18364395007072,-0.7075280854241609,158.26841372334738,121.88861660437414,0.7646413961798659,55.97757747081733,0.2507386323191054,90.95429806190216,1.1475099725679385
2022-10-27,-0.6976619908287637,-1.6757562226923817,-4.378268863675091,-0.1073023259398487,-1.7249030935684808,62.304415460892976,64.42380481636843,0.1262957402126707,157.31634083211557,123.01290577388846,1.0442891695143304,54.09602160689266,4.382644178515708,82.59608144484598,-0.9056072944380702
2022-10-28,2.0518984283153223,1.2140203169691317,-2.1074569921760133,2.132375172770209,1.633301233818064,61.73835590922533,64.6511519494661,0.016173104159435,156.86177211510602,124.02450523919477,0.9315994653063064,52.100730556885246,2.332801119605014,77.10422231692674,-0.43531608826418733
2022-10-31,1.4753406454110771,2.0823508038956438,-0.5267434971561353,-0.1239407341665794,2.7064797024002707,60.42777159963043,63.66092250792238,0.1046454035580212,156.14215449722067,125.7396487076028,1.635143468408054,55.492415415836,0.7866790914171327,81.84773549006886,-0.11762803023823665
2022-11-01,0.9533721431216412,1.994547545069463,0.4529658208233128,1.046327693746576,1.838576530368288,59.61989869316377,61.56050419035216,-0.4060106469164633,157.9240334069042,126.69419846527911,0.8745497576763075,56.24280378596541,-0.10663811294395054,80.53551504096602,-0.857500970150781
2022-11-02,-0.7269061968887207,0.2703675756460107,-0.2965886671065735,-1.5116519671986528,-0.1548829110157359,61.0797970552326,61.77482359625903,-0.1140108133921695,160.288345115653,125.32340796238758,-1.450790502891535,56.75362515292469,-0.7241713397023612,85.79039053733517,0.776047682107361
2022-11-03,-0.1176916181794742,0.0174921696435311,-0.3994508519307191,1.0160473572195154,-0.5538353363127066,60.61870702345472,62.62702765849633,-0.3268919687162974,161.7931480683235,125.39096250295395,-0.0124454594336202,54.79537896391496,3.9002501925538393,92.79996457747275,0.6993573570223006
2022-11-04,1.7072424054572062,1.7159884902789715,1.327764096123023,0.9452068875425697,1.6366274345495215,60.74971727319286,65.69174871685162,-0.6493296352610426,162.59285363208113,126.59613074789104,1.1251682449370972,53.425914600893016,2.820155593355027,91.92966117550085,1.32518404400777
2022-11-07,0.1607086862862484,1.0187029314257343,1.4220845776031203,-0.5481964793706787,1.185054129560572,60.97681955894299,64.25109720098642,-0.6798476152158736,162.20004556183042,127.4990652362058,0.822934488314759,56.231605629897636,-3.094454608377794,103.2545300116264,0.7391902140616367
2022-11-08,-1.1218911656565336,-0.6125396999436664,0.2290891830664307,-0.7107438061285245,-1.0254659538847846,60.82324786512821,62.52879662378337,0.1568198042398687,162.18316495916923,127.65821045201422,0.0791452158084052,57.86008736634333,0.13007222085568165,119.51683710128583,1.6172835803779222
2022-11-09,2.327716709271986,2.021446859300153,2.5453514331850955,2.86077456386838,1.654582009878066,61.12746328949813,63.88013096294366,0.192782149798407,163.67573223988342,126.9260845675616,-0.8121258844526225,56.93242752999835,0.9919409345677428,100.80296376382597,0.17880237707365865
2022-11-10,0.7536028640755169,1.7643262937255932,3.171686725601357,-1.3919780588257682,2.1502328896387084,62.29151552398764,63.34856254500179,-0.5891165029801215,166.03286005671515,126.80805683271942,-0.1980277348421723,55.65499646861811,4.254314171739659,96.80434220415252,0.8596175047031451
2022-11-11,-0.9106949257928476,-0.0285317789300508,2.1024074635284418,0.1332886183264786,-0.4585332073475374,61.865303149347575,62.94578878233345,0.2716923779122711,166.43148601439552,127.30158038457726,0.4135235518578399,55.44390231499174,2.4877376013797847,116.94012104228878,2.017987714098723
2022-11-14,0.0673982326157861,0.0531323431507606,2.0646853229678057,-0.0325682311290728,-0.4790187228599223,62.00854925643896,63.499948471092885,-0.8134659731467703,165.5084715966726,127.24868985286602,-0.1328905317112458,55.724598762570565,-1.7646464364279337,117.68427948187288,-0.5070068673270711
2022-11-15,1.709091043906597,1.7356572154819774,3.670542100726012,1.7335172172534017,1.7495299834760687,62.14430942024416,61.6021976020719,0.6430424062091201,164.0009234086114,126.62452161210764,-0.7041682407583831,58.32839143135761,0.9570837961244099,101.44366283572751,0.46830406501428
2022-11-16,0.9004767325495683,1.7683053402905569,4.387491728239279,-0.3996611803904829,1.9259313588935263,61.57666753445737,63.47404469723597,-0.4870431653471436,163.97645435812825,126.54470193155734,-0.159819680550282,57.91636929037065,0.24305493933390376,101.2440220031236,0.9839417603723035
2022-11-17,1.4877298254648208,2.371882495610099,5.655846967292136,1.787475710757683,2.0280158649945617,62.018076714093226,62.61683033107421,0.0647447326476906,163.3752333681011,126.79181283484068,0.1671109032833238,55.49577520607687,2.4031927920071583,94.63317942723077,-0.15922126254123725
2022-11-18,1.969491395839481,3.155432643644531,7.342546014767009,0.6288846127712187,2.8621292911183733,61.62563065088495,65.37914538774305,0.9539245753905548,164.94524184008364,126.32775889136376,-0.5440539434768932,55.06901380506331,1.9880626365150629,121.1113826731516,-0.37488850992843226
2022-11-21,0.0607741935789617,1.6384905154012273,7.036192907607621,-0.4108892659994522,1.2424690310826505,60.90879795961642,65.19188738883496,0.1311437900202971,164.44712386370304,127.0597183766358,0.6519594852720354,57.03750749331008,-0.7661460600995771,99.02857524230183,1.3129087307395153
2022-11-22,-0.600054421658161,0.2191908360424526,6.084328840569079,-0.2918874721585719,-0.5635899055107839,61.090322357110864,65.05322938251629,-0.3110008554830103,165.0924570184864,127.66187067991676,0.5221523032809362,59.137931393090405,1.1138004377861046,93.50179638770851,0.8095399617327956
2022-11-23,-0.2167079970907547,-0.1071125790695284,5.56340440144987,0.0022076070281742,-0.5767406500856513,60.90327639719577,65.16741310083884,-0.4392164637093345,165.94089076652276,127.74580661236688,0.0039359324501215,57.63972139901737,-0.6546273013686679,89.27458698197151,-0.27664789135328505
2022-11-24,-0.9103670449860356,-0.9639233345208,4.374867136391341,-0.9120227502571664,-1.0403918432404886,61.26714573490021,64.44820662974007,-0.3653770840040649,165.29987371919677,127.41204997132373,-0.4137566410431693,55.545929959805314,0.6822662542317846,89.32854296137596,0.05015475372844236
2022-11-25,-1.7417834108021175,-2.223745078062518,2.414340368769656,-1.057766348109243,-2.2880036377937394,61.37632201917509,64.95900937197028,0.6186384951609509,168.33676528117263,126.5301971962927,-0.9618527750310056,56.28843741107805,1.4254657572293334,89.28967936449821,1.2194236060147432
2022-11-28,-0.8551859807180298,-1.9670585197492887,1.4384373696131434,-0.0618612196360974,-1.9002560271993003,60.868771337226754,65.25981129995523,-1.4161838087290826,167.1530719091274,125.01641546453746,-1.5937817317552363,56.490285016872676,-0.6790497758227427,91.29490908034195,-0.5472224764374047
2022-11-29,0.083497682206412,-0.9000315776682323,1.450013183338898,0.1298935969334851,-0.4296139062244057,61.601889353256574,63.74760802656397,0.557969103539797,167.11662466858832,124.46489471962347,-0.6315207449139784,58.5557828050122,3.212470224147409,86.956237299702,-0.5821485880782049
2022-11-30,0.2080631562026874,-0.2419526326314286,1.5855756803746406,0.1106429585025736,0.2581617655265347,60.17874750461475,63.68351612457253,1.4520293889828295,165.89727807569707,125.2469661952739,0.7020714756504043,58.59880245158886,0.1258051189435177,88.03735987772563,0.9590810525714915
2022-12-01,0.8959593651468142,0.7749830488310998,2.4022562615027225,0.812977146269884,1.0207972588684266,60.47968441846845,65.72404658334628,-1.5189302293075635,163.8276048335452,125.51461275287784,0.187646557603954,55.91236817115616,1.8286728281439328,87.33976066920901,0.36643821135084664
2022-12-02,-1.5190920292158063,-1.1316005048002564,0.7630514192117799,-2.1288248889182197,-0.9815164101277178,60.42398864908645,65.25761351908976,-1.1528667829403223,164.4789328343507,124.64437810425125,-0.9502346486266056,54.72526408711553,1.0359014116242211,87.37073082460478,-1.5631733239625234
2022-12-05,-0.7671483143723018,-1.33294856677243,-0.0422494661211109,0.8294703523163628,-1.6786035319017856,61.2310094327776,65.06513825723303,0.4832249154258478,163.99518999239802,124.21203674221792,-0.5123413620333299,58.0329282504256,0.25813962655728795,97.00233350137704,1.5426432335529228
2022-12-06,0.7132204589047322,0.0467461755185172,0.6730834660896768,0.0911176946674601,0.2529314702813511,61.3589080273305,65.06005102704205,-1.2863234984448229,164.0779684612067,124.24831029824584,-0.0437264439720773,61.02630866493471,1.6688002458221143,100.88791059779163,2.4705258599225104
2022-12-07,0.7947568865498854,0.818129974309144,1.4341861793350783,0.7264186155492903,1.2226891618927247,63.133469038239454,66.87680559470836,0.2063827028988493,164.84393372045744,125.0582261546037,0.7299158563578665,58.36083299524717,-1.574358366802903,112.15596533226896,-0.23796945634168765
2022-12-08,-0.0743061285266552,0.3347588586279167,1.288170741841669,-0.6191200901886229,0.402548003403276,63.96290016791704,66.82741186461936,0.4133862730150794,166.36313992964838,126.17590710581833,1.0376809512146232,56.84791186798569,1.4883255315686252,105.23028999733488,0.9355436968295265
2022-12-09,-0.4716696216439928,-0.3042901923300344,0.7520925831055927,-0.0073295540025256,-0.5162532987599859,64.44678027049589,66.78862644628545,0.4537188665733046,166.4188876132085,126.77556309866246,0.5196559928441375,55.59053103035539,2.690185655397206,115.45770269360463,0.8652669432398667
2022-12-12,-0.1377550076489428,-0.28990010381396,0.5767329463013702,-0.1322578421470486,-0.4207567806353385,62.919518835826885,66.67414872978358,1.44127220637456,166.9023119529937,126.8885352802754,0.0329721816129355,58.4817423192461,-0.1579828326272891,129.22497137763244,0.44881406882050356
2022-12-13,0.2197188418202896,0.0747687899133096,0.7676151408065912,0.3189122234305761,0.1370658372309239,62.7276795372433,67.21522019071543,-0.178277114709817,166.6936904449854,126.56394715348696,-0.4045881267884448,62.225790908647504,2.7330884060774707,107.68210293410598,1.1994822437127937
2022-12-14,2.480321291829654,2.517705686786309,3.209555675595916,2.241137124256722,2.612152596921828,62.35457405766349,68.0205429336998,0.5167689181233007,166.03593171117288,125.89761158992852,-0.7463355635584441,58.26726163199316,-1.492423431805735,109.76631500598172,-0.09357136325401427
2022-12-15,0.7651671944792404,2.024020037872395,3.8142450862953607,-0.9156856487133008,2.253359969577033,62.19483371205434,66.77563855406436,1.084967950675848,163.05816139536492,125.52747210033242,-0.4501394895960983,57.457723942060255,0.7557069242957357,104.6145493398407,0.6098120740745685
2022-12-16,1.7783838221927302,2.790393841128928,5.401916654173323,2.465148058727706,2.237484138880274,62.53850135173056,64.98200222853525,-0.4127651984425834,164.82399183716413,125.658398637309,0.0509265369765902,55.8896699693366,1.9727445183365375,102.18216987575005,0.29913893898120847
2022-12-19,0.3054320064898455,1.7006289270543091,5.437252827954502,-1.543429037555934,1.3724622998054836,62.003598391929394,64.52995788747528,0.7979624393742747,166.1684800811133,125.82739025741516,0.0889916201061703,58.189651327028834,0.3677074976521959,102.96996859863299,-0.2920909922172683
2022-12-20,0.7438220963325094,1.5941365598596642,5.909212282889286,1.90139387449946,0.9270813002264168,62.36913485616964,63.74809810971951,-0.4557744695061457,168.0865864065514,125.6186742762442,-0.2887159811709835,61.19120332205659,1.571526290081326,92.7795972304616,-1.0345875865909164
2022-12-21,2.406792444316174,3.203860724246006,8.020544113060996,0.9807470384415792,2.8530857021156795,61.10244897139555,64.05122413318354,0.7834032631005798,167.88802024582702,125.59848891126644,-0.1001853649777673,57.80416064335513,0.3139597276655295,94.2401340687321,-0.4631009886380255
2022-12-22,-0.4356715234509662,1.1662588386720367,7.18384538395698,-1.1712318022821506,1.008403943138738,62.75757951622863,64.14556470856509,-0.5384885590188658,168.7300567326493,125.87678735811836,0.1982984468519206,55.62934168004459,0.009577250140867632,91.30212641122672,-1.8283822620156656
2022-12-23,-0.4479228851835624,0.1352065341524559,6.376730229575569,0.4305009665280505,-0.7093257992541422,61.040220800173095,63.26807965133969,-0.4515864158290098,166.9650639101396,126.16329853052838,0.2065111724100414,55.059970982652416,2.0447348757796333,81.03186008711366,-0.8296989866841855
2022-12-26,-0.2920938731015857,-0.2244906060253577,5.765799844995204,-0.6149695979976235,-0.5608476042117232,62.38139420698557,64.97334027749076,1.0276266166740475,166.69182043528255,126.5584205702734,0.3151220397450106,59.354254969591,1.037219048653759,76.65551209801806,1.164603642562163
2022-12-27,0.034177529786532,-0.0780677732261468,5.511687382531975,0.4954047282847496,-0.1410787940744194,62.5041102256889,65.30478501585694,-1.536691114136798,167.71119377006406,129.03622765034524,2.397807080071847,60.36749185496557,2.0740948738050413,86.14566545295818,-0.823711467091016
2022-12-28,-0.9790586428672567,-1.0180925294803302,4.25704437053812,-1.350612189080819,-0.9585521249953376,62.85410809818247,64.86607136818868,0.8486211736643192,167.23403425488013,132.01590050419685,2.8996728538515897,61.882261237899726,0.6091399246483942,100.54393829343377,4.078100594544594
2022-12-29,-1.277235034192805,-1.7862812989329702,2.766957117818408,-0.2642758923821906,-1.864670219913159,63.330435919331386,64.63560861681154,-0.0248059447878398,164.4128378845825,134.01266548913208,1.9167649849352435,57.38395786843876,0.139948424970904,98.50491795655674,1.7546161883941735
2022-12-30,-0.1964786107299965,-1.0896192601964816,2.4321306511974914,0.0017283085566464,-0.9628196312456796,62.57503733986094,63.78396345368312,-0.6966937314359171,165.38636405041044,134.54871161040398,0.4560461212718971,57.204095119056035,2.2877017982946826,81.39234488753581,2.1441241364036188
2023-01-02,-0.3430528746080696,-0.8878625047063105,1.967471244029547,-0.3443491060255544,-0.4609400410460675,61.727172725898384,63.74331502207043,-0.6962712628164388,165.53383707389628,134.8478768502566,0.2191652398526176,60.3547171695268,0.351479456743726,101.72865306556871,1.0004621999358037
2023-01-03,1.9688683588080855,1.5249371064549306,3.837966040636156,2.2271301883272514,1.763036634043244,60.944242600676965,66.22834636407148,0.7080869470749233,169.21510859917908,135.37384151517097,0.4459646649143691,60.14459442870926,0.835584879491774,110.1979901174375,-0.22289742625630993
2023-01-04,0.1216686504412748,0.8841372036687402,3.767736389045622,-1.5486789908041638,1.3029896657261262,59.69657678859946,65.32062840720718,0.0708579644532004,169.30100991694636,136.36374076088816,0.9098992457172056,60.15800948033305,0.5948992701276871,112.34149122571837,-1.7242517575666767
2023-01-05,0.7434493454888321,1.1855179473232025,4.322798915082173,1.9049585885919549,0.816450535753597,58.60192862427356,65.47080284591911,1.022155598519063,168.70809822485165,137.5136473475103,1.0699065866221436,58.3819871078507,-0.7324146654542263,111.95834369529467,0.9980292394119346
2023-01-06,1.420873332213145,2.0136323058747463,5.52753230154121,-0.0078456092308212,1.8669429395064443,59.21341584783372,65.45124327465136,0.1844882644487455,166.87885617565797,138.9306734353783,1.3370260878680118,57.55745253958516,1.6498749051339419,126.40123792313769,0.35335742052912167
2023-01-09,-1.5449289794825165,-0.5381128265451434,3.706226706981633,-1.5390447725594003,-0.6924049801546295,61.27487471547033,64.62858427452048,0.3129686073525349,167.67612021624592,139.80628284410454,0.7956094087262109,57.620456621076876,2.1018896324063827,120.21570223388457,-2.7342605484499245
2023-01-10,-0.3736716778020312,-0.6427280910746029,3.14724369383052,0.7806119016175193,-1.3006290654915411,61.75520825908151,65.92501211035832,-0.2640303032187993,166.90975238060562,139.4786351560563,-0.4076476880482452,61.447021381353906,-0.16050372075927022,112.82881873494323,1.3024269526446446
2023-01-11,-0.1615761430932865,-0.4829401886305881,2.828305366045707,-0.747035069306426,-0.3857791497745053,62.11248505440919,66.0507821776797,-0.9859482356273584,166.7309558261566,138.6224410452649,-0.9361941107913874,61.005206300941865,0.9990992546937738,107.17801729552039,0.847196820608815
2023-01-12,-1.186216368253375,-1.4276864625686692,1.5006737294900463,-0.6259400662735555,-1.283162054109347,60.92840698313843,66.43008895717695,0.3014039088921474,166.75726351023994,139.0337407801108,0.3312997348458997,59.24410906214924,0.019341407935445476,115.72305921919755,0.8621219542985443
2023-01-13,-2.136766149956552,-2.850609381240887,-0.7111261069410084,-1.6673111002513856,-2.8484959709085773,62.0933925810926,65.44305366170758,-0.5320323181343264,165.79565782054112,140.0079573019409,0.8942165218300967,57.124427551916014,2.0770848111870985,110.47604315590027,-0.43302498766914255
2023-01-16,1.200473257495081,-0.2248314331253624,0.524903455901123,2.45095658268362,-0.0815864324788504,62.11747254619728,65.22189615999598,-0.0009503649390343,165.70919839688517,140.06772241619737,-0.0202348857435295,61.13131117265811,1.1142110400655,103.87846233937093,3.5108545515812324
2023-01-17,0.4181630647266504,0.3057473481639691,0.9168213478327172,-1.4200543722860648,1.1384470192236988,61.03089135097563,66.16539513457936,0.7398352831610682,167.18388952995397,140.374406240266,0.2266838240686583,62.03556625523474,0.1475615306482489,95.42286292450142,0.588544873880835
2023-01-18,-0.941326462435962,-0.7884527883539775,-0.0703461819948807,0.1237143167785865,-0.6904286235999719,60.71243305023612,67.42754970721549,-0.367640187484285,168.56804709630765,139.87685306466403,-0.5775531756019855,59.13693844774708,2.44570434341982,84.19714786876919,-1.8682678531947872
2023-01-19,-0.4236235780336421,-0.8178499722106309,-0.4904524509287788,-0.5164093156175821,-0.9884194554952194,60.29900692084908,66.01899051265487,0.2232952540536797,169.46121375834804,138.43361566303432,-1.5232374016297294,59.37549376600204,0.2814794250283508,86.10493560373092,0.13138470385279533
2023-01-20,0.3185988436188153,-0.0903261424865001,-0.1473309847635245,0.7059058303320018,0.06442469679863,58.14582601200483,66.55369473499519,-0.2335059474322615,169.52337069875588,136.27706881709395,-2.236546845940364,58.045964397230996,2.37672264952435,84.65677599501387,0.9215368453149821
2023-01-23,1.0558878176742907,1.0107247464310407,0.9159233821489424,0.5264584449252894,1.24704712384558,58.30657623352998,67.49139906452626,-0.0880165408561214,168.6330062978612,134.56733929228488,-1.78972952480905,61.12376756832322,-2.441437638283161,82.57956344649288,-0.0075436043348915405
2023-01-24,0.7908339696422702,1.2961963428577905,1.6609611826837654,0.3959901359483031,1.4243666602468446,58.17208361301029,67.3254561625252,-0.1109463292508045,170.59014949521452,134.41716288818017,-0.2301764041047216,62.15005726238736,2.097154385008294,90.86134736637058,0.11449100715261551
2023-01-25,-1.1295277203071872,-0.4814295488782919,0.4483854032423897,-1.4265203222684146,-0.655027338521825,57.44430450469133,68.59198873834036,0.2302465549000989,172.25754896438826,134.19373082916462,-0.303432059015568,59.92268600634725,0.8531727225694492,89.59048365014753,0.7857475586001712
2023-01-26,-0.020142067295067,-0.260856841734213,0.4058240657852031,1.049748174406244,-0.6978586994793794,57.23743468661866,66.47176634953126,-0.2311311931010116,173.07297854145628,133.81965275186778,-0.454078077296838,60.846422635866865,1.042955785972934,96.60210557067424,1.470928869864828
2023-01-27,-1.050652802506943,-1.1810812233740495,-0.665119940011,-1.837963933311626,-1.0627380428839832,55.69925419407684,66.41159885304758,0.0035919358375552,171.64823802578152,133.8132626077512,-0.0863901441165859,58.16216442654604,1.8533505206414556,88.9106823153447,0.11620002931504558
2023-01-30,-1.3941054162878623,-1.984646027974887,-2.0259693592983123,-0.0156324663041427,-2.024497097792028,56.14112712988551,66.20995131061821,0.3259162139764796,171.35932387257458,134.8676743316509,0.974411723899694,59.571770887353544,-3.501396468034013,107.37437017714471,-1.5519966809696726
2023-01-31,-0.8450836500463004,-1.837406664033744,-2.769754541379697,-0.8333593003181934,-1.6815468998190175,57.35614735438903,66.20209571528369,0.8013158042776023,172.7901635524023,135.3902831219574,0.4426087903065074,61.21531035721648,0.020691414360325178,111.87378478446418,-0.9347469051708757
2023-02-01,-0.6134531464029888,-1.5321564784198607,-3.2447199607137005,0.0115663288356563,-1.1205033364307688,57.33509811024765,67.07951975126338,0.6659855657484983,170.719891092307,135.13992883343806,-0.3303542885193422,61.41108080454923,-0.07678277038370485,101.84212177946165,1.4883947982019805
2023-02-02,-1.010885236152803,-1.7769634753627332,-4.0933691988308185,-1.0195599827795452,-1.378957123994596,57.208175384179086,67.47487976286793,-0.0382338157636749,171.12761127247074,136.07142909851177,0.8515002650737098,59.86250934275469,-0.2500360283370381,121.9089182262404,-0.9839132931121739
2023-02-03,-0.8999083171521353,-1.788390054833502,-4.7886090560414125,-0.1352383300674763,-1.506439458843817,58.42681860330198,66.52953754902256,1.6351456612342026,168.7350569115322,137.73833541281064,1.5869063142988695,58.511350074272386,1.2310661199390416,117.23739614334842,0.349185647726344
2023-02-06,0.9535755048278384,0.0593804774110873,-3.5956030984115035,1.0550042523784455,0.4136305145365571,58.095513292550486,67.53330358441855,-0.7902020131270785,169.47021030577747,138.62457548372382,0.8062400709131723,60.164872930213555,-1.9706860282404302,131.32390965753692,0.5931020428600107
2023-02-07,0.3103221521147941,0.3400123908203377,-3.1055007913761337,-0.48093103716904,0.882467455011497,57.67408289313544,66.61006985432084,0.5015610534964877,167.8747825273988,138.52975838428995,-0.1748170994338475,61.02717533430134,0.41557590404266376,112.50068785161757,-0.18813502291514084
2023-02-08,-2.79200074934316,-2.621994553932991,-5.742226501150487,-2.43130247146638,-2.6058074580742834,56.84961355150316,65.89237785044749,0.2664784719802396,166.82646911244566,138.37840932424606,-0.231349060043908,61.90265201991705,1.4603536325610211,133.11342003185572,0.49157121536782
2023-02-09,1.7786990871550286,0.4677018101885331,-3.676416088937934,3.602175940754813,0.1034986375491326,57.59184626436229,66.66952366466165,-0.4981397094731172,167.99328170964915,138.00947262661862,-0.4489366976274572,58.40821688785894,1.006787918513202,118.83187085984498,-1.45429245489575
2023-02-10,-0.7983369117209541,-0.5644860066266876,-4.290932196211991,-3.4999688672870644,0.268882540572063,56.89092325426237,64.96576535766988,-0.1748083149660901,168.9697388701574,138.11015207964658,0.0206794530279618,58.65057269590636,1.1486526530962529,105.48963007503431,0.13922262163397647
2023-02-13,-0.2799582713002906,-0.5622012746136344,-4.356343857701682,2.3450183791650074,-0.7589604183328631,56.905768597184704,67.42791009307528,0.7193032784161498,167.02383020989146,138.46973544810976,0.2795833684632023,60.46327899059826,-1.3937510891257712,100.2237340291555,0.29840606038470696
2023-02-14,-1.2266689117457952,-1.5077695490526124,-5.365195576562393,-2.9854326961195508,-1.3946438745259695,57.58711692082421,66.82315993260987,-0.1958818028246992,166.2229048100545,138.5840806010426,0.0343451529328227,62.12239094496347,0.11577853660625362,96.91245375967709,1.0952156106621302
2023-02-15,1.4717218240524352,0.717837049526129,-3.6252139736818383,3.7107963461420974,0.7357204770049581,57.8163346707716,68.6525227709921,-0.6051819428605534,168.3024104329629,138.53992855258727,-0.1241520484553156,62.60280527568682,0.6697819516160908,86.68171230608614,0.70015325576977
2023-02-16,-2.249626021080692,-1.8907074963176276,-5.693579296078438,-5.032723280687266,-1.366592926649231,57.817435700355226,69.27192023902677,-0.0475155133538432,167.98348274949635,137.58478786280753,-1.0351406897797475,59.89233513941203,-1.624044447577228,85.69511672500755,1.4841182515530917
2023-02-17,0.7292599474015081,-0.2160938007573055,-4.679640383873007,4.503802407916957,-0.6205156652469069,57.191253629043615,68.35485058703345,-0.4109383497416313,171.99156645556857,136.39981660749407,-1.264971255313458,58.122652977891015,-1.4119151802846561,97.3528105979185,-0.5279197180153474
2023-02-20,-0.6368718601463556,-0.7449187605250083,-5.082530224825712,-4.014723666084073,-0.1993158917054506,56.70132856002006,67.58021700682791,-0.4144011294015053,173.08115138402104,136.30096327730345,-0.1788533301906289,59.15221249178135,0.1899377751777256,91.41539782392205,-1.3110664988169134
2023-02-21,1.0020769880076934,0.6296176077451893,-3.826326725576733,4.013119737570748,0.61995387191988,55.5767849610822,66.66976201469993,0.5784774874572918,174.70966306367328,136.95724371482447,0.5762804375210412,62.678332957678364,0.21312124261443327,88.34293102367464,0.555942012714894
2023-02-22,-0.4741318896599433,-0.1593230857873486,-4.109142278957839,-3.4839716928380047,0.1271143031446727,55.668716673929474,66.43838692255831,-0.3356473535489868,177.3710043512891,136.46803423219288,-0.5692094826316112,60.719955999631864,0.8492483431261815,87.19033025723981,-1.8828492760549551
2023-02-23,0.8225526606330494,0.7428911177393751,-3.081132504376898,3.435531430261553,0.5380735268370835,56.95009195363436,66.49132574573052,-0.5833301062031656,177.71631122549198,135.46924402553503,-1.0787902066578363,58.11202453341101,-1.6298007078007852,92.32654804542692,-1.7803106060010236
2023-02-24,0.8341101376918881,1.2055556965615757,-2.092965741466165,-1.7425384350042767,1.3276417340717177,57.38827268493468,65.77472851448873,0.3466140560832971,179.05187275055872,134.59130891520266,-0.9579351103323772,59.272692298315654,0.9630992731491606,94.48522048384596,1.1500393204246393
2023-02-27,0.3085777220579361,0.911355570338724,-1.6797397323349204,1.6154815483111435,0.8090438046730689,57.39182610736461,66.61298308729623,0.5022248011241047,179.4147674180879,134.57356177736867,-0.097747137833986,60.19238635668805,-0.34540151120562024,104.31087239445382,1.0401738649066985
2023-02-28,-1.6614642393434336,-1.2057864541740717,-3.257216985061608,-2.873075400576792,-1.476317606108672,56.84452845265019,67.07626569736331,-0.0659725865083836,177.57947012159505,135.25426749076846,0.600705713399776,60.39425475020437,-0.9632280918105578,98.78856674902684,-2.2840782074739963
2023-03-01,-0.6084098139308403,-1.211303041017876,-3.702765949739368,1.5463967365017532,-1.6052883575369004,54.85816205840072,65.21278440676569,0.3810376524918398,177.53832324972757,135.69335335677064,0.359085866002197,61.82785712345534,0.8082405055745496,116.28935465538125,1.1079011238234742
2023-03-02,-0.51532486214456,-1.120976382653498,-4.032952514396959,-1.675122414520875,-0.8803707505030641,53.59683109837014,65.15886852440067,-0.5397364919082985,175.43199606115806,136.17442324682068,0.4010698900500445,59.02995216316883,-1.4575143469286562,123.67702588205633,0.9179276297578198
2023-03-03,-0.5705062521180256,-1.1309944434447745,-4.401811140795136,0.6858355587726307,-0.8797011694047616,53.843938207138216,65.91663612597839,0.8826019762748102,176.05527161405553,136.68662064861817,0.4321974017974689,58.126002990311164,1.104733197593037,126.184973090631,-1.1466893080044898
2023-03-06,2.3960776731745232,1.830580451452136,-1.7856429105808551,1.88170100409505,2.053773921903708,54.80429112966688,64.71775747810162,-0.4213032265225876,174.94581537552273,137.40214800628547,0.6355273576672995,60.55873521778196,-0.13133513081329223,112.53984811648492,0.3663488610939112
2023-03-07,0.225406738365982,1.14069696409205,-1.4709540266858303,-1.1858690147053057,1.663053342270696,54.92077868361394,64.56902080584022,0.477350375457663,174.6323198115227,137.6369155085813,0.1547675022958251,60.46066391126974,-1.4772305686716645,115.87897131845106,0.06640916106537276
2023-03-08,-0.8316869486008028,-0.2613384665547777,-2.229093273952341,0.0577148124281762,-0.6964429055812136,55.63923315608955,66.347101316494,-0.5264663950106292,175.93547687808004,137.37185350234867,-0.345062006232616,61.29065576089592,1.1848478155418705,130.3662392518075,-0.537201362559415
2023-03-09,0.7156873064660405,0.5850180731886516,-1.401951303788684,0.6724011971449083,0.2166751373055588,55.48519576988585,65.84620050381582,0.3713042597412966,176.63111416133145,137.49058500483966,0.0387315024909971,59.09906315979239,-0.9301330475251951,115.77553413606937,0.06911099662355724
2023-03-10,0.3260329432912294,0.6185419798855551,-1.0058207953080205,-0.1782679545674518,0.7554453271708537,55.36391751713129,67.41221555070409,-0.025755528426973,178.24734020357386,136.76660229515574,-0.8039827096839408,57.74774949616496,0.9182169142391476,121.92012375370612,-0.37825349414620746
2023-03-13,0.6378353441678819,0.9471063341106596,-0.3176944113747373,0.7715363100934708,0.8334551101426195,55.2375370742663,68.73385654637305,0.3784002746471745,178.3217231895394,135.844892072555,-1.0017102226006975,59.605397728315715,-0.7760924082259841,95.91635215612163,-0.953337489466243
2023-03-14,-0.4717575838379587,0.001795583217371,-0.7735672746439591,-1.0504098164080615,-0.0890563773372295,54.505796660684574,69.1536971788827,0.1356479493970924,178.14440706891307,135.3631851455377,-0.5617069270173198,62.193804390534964,0.6291557531851617,105.63122864796414,1.7331404792652236
2023-03-15,-0.8985240766911119,-0.8976262850824264,-1.6334129876028731,-0.1107167143850655,-1.181578626993887,55.631347390740885,67.93124613170468,0.2329201364697372,178.40636458400806,135.538172209868,0.0949870643303121,60.599765701534245,1.1402164414682137,97.55738357497484,-0.6908900593616778
2023-03-16,-1.0521008976840698,-1.500914040225283,-2.6038432359068,-0.9690633618952706,-1.5912153436987369,54.99280492345586,66.46095375150487,0.122399126748367,176.35381408003428,135.98956979330038,0.3713975834323565,57.86744900005469,-0.17810172413291414,95.91730221764507,-1.2316141597376955
2023-03-17,0.8375262961398975,0.087069276027256,-1.636124777971562,1.5643238175613503,0.2062657575294556,54.12969529242409,65.8917880768716,-0.4681013173825755,177.55835559085702,135.8339912198516,-0.2355785734487494,57.79416732010984,0.30739441676061136,87.0098819696617,0.04641782394488558
2023-03-20,-0.7470110032226093,-0.7034763652089813,-2.3013295422955933,-1.9202538663936224,-0.2444952255386707,54.93680633986032,67.37413650562043,0.0741765494906765,177.9743391691548,136.0160284863956,0.1020372665439761,58.68055713128666,-0.07552224614828384,92.36444839657293,-0.9248405970290534
2023-03-21,-0.8497287865408075,-1.2014669691452982,-3.035991851721621,0.5904616132544093,-1.297935388474373,55.02667681619761,67.50775491488855,0.0736841418133663,178.037279814061,137.29170351539224,1.1956750289966476,60.45911710347964,0.48015166177874813,87.69186947303068,-1.7346872870553227
2023-03-22,-0.5258736821783218,-1.1266071667509707,-3.410065941313861,-0.9687198921191288,-1.0357109541028062,54.81394480318887,69.00549490353247,-1.229354931965558,178.79206127726363,137.53232136168862,0.1606178462963742,60.60925154953173,0.968867253725749,100.53462047930644,0.009485847997481756
2023-03-23,1.2270614620450362,0.6637578786695508,-2.012501182203132,1.9536013811343824,0.9115372527380432,53.96999265005866,68.10061614571264,-1.3727396958991007,178.67610021845337,136.7270736350198,-0.8852477266688276,57.043508088184296,-1.2744227480874097,90.98920120960048,-0.8239409118703946
2023-03-24,-0.5524129848331674,-0.2205340454983919,-2.464289107926142,-2.017614020683954,0.1838238923938543,54.733931924430806,66.88292124071307,0.1704163677331235,179.65149740352322,135.68096913457788,-1.1261045004419232,57.2818811609224,-0.2691487663819776,95.94599662754935,-0.5122861591874397
2023-03-27,-1.4220750972235925,-1.5323421199727882,-3.763149749753428,0.0911354182893733,-1.7535228881234928,54.16039977765725,66.610522273253,-1.2231378435719806,179.65196321532957,134.63956182555674,-1.1214073090211394,57.773566813381315,-0.9458295963104352,96.50239345806179,-0.9069903179053469
2023-03-28,0.025801818665869,-0.7403692413205251,-3.549190443599887,-0.0425497450511609,-0.8274432396682863,54.278450143816535,66.74021421183612,0.0534150905756176,178.27317109034186,134.32444474531462,-0.3951170802420934,59.35204266291727,0.44101686071905977,106.89260579882426,-1.1070744405623714
2023-03-29,0.6172326114116117,0.2470479907513491,-2.7544983100082807,0.6491449201999824,0.6327137026111331,54.37902916894406,67.6150969204472,-0.3222450181484876,177.2894516557661,133.84228768316223,-0.5621570621524085,57.60156291519002,0.0023502084610625973,123.63396531369357,-3.0076886343417044
2023-03-30,2.179375979495513,2.302899974871188,-0.4373974150123532,1.6925172893455267,2.5497155463424805,54.79568751359346,66.656090668966,0.6484873701775093,177.4903862364261,133.96034918516364,0.0380615020013926,57.54059457031714,-1.7775801872612433,119.54343053052473,0.49708648213284334
2023-03-31,2.287937126642971,3.439387114078565,1.872409582381236,1.018549159633826,3.595562714340279,54.29864743846394,65.75119800423045,-0.1356453245307193,178.1534825830351,134.74802384212506,0.7076746569614281,57.95565596917589,0.7643878864895182,127.96635646202245,0.6737748082534907
2023-04-03,0.3798173101342765,2.099510867173559,2.15860641339645,-0.384094559591093,1.7525795861200593,53.520401321290976,67.97951636316645,0.2556983056136932,177.43749159769283,135.87394733370073,1.0459234915756723,58.83872982268035,-1.52949655825502,134.52689949439562,1.0651630092990345
2023-04-04,-0.2617674654911494,0.7879879680956301,1.788908627235478,0.0263034542021703,-0.0338770794105835,53.88453109315282,69.3169410761182,0.1018480678200204,179.38695693417793,137.89252764090634,1.9385803072056345,60.07361732402163,-0.09878634038144934,124.6486948693948,0.7215746611043627
2023-04-05,-0.1477841902471589,0.2462097938006561,1.551679005626545,-0.1675117808987866,-0.3048446695418486,54.05731349151762,67.72945072141758,0.2704921508153796,177.6305761165545,138.30875915540895,0.336231514502615,60.357529867155,0.37188812917297004,126.46115868500075,2.7559669519649788
2023-04-06,-0.8123314249489344,-0.6892265280486063,0.6617636303962833,-0.6866975892748444,-0.9010019390972296,54.68077746710544,66.29882868086351,1.4430068685936663,177.5732784685214,137.75765700882056,-0.6311021465884041,59.020732561339194,-0.8210142765286841,130.20427828626433,1.4801379910220547
2023-04-07,1.6723589260351823,1.3277456620108794,2.3010343749116515,2.187382117991316,1.184960071065822,55.06436919459664,67.7034606087249,0.4526945683337907,178.98884781972063,136.54595056370556,-1.291706445114985,57.171547518751034,-0.5308298986872136,111.92788107068034,-0.7841084504248599
2023-04-10,-1.0396680955613429,-0.3757952645559029,1.146314560604726,-2.680204684054829,-0.0362527399402332,55.79199369830668,66.25160378040394,-0.4045389114485153,180.7194199325947,134.70826428588697,-1.917686277818596,58.30095581800025,-1.0917678435455085,98.94497663776214,-0.5377740046801023
2023-04-11,-1.1552606935217429,-1.3431583257996944,-0.0662618609472531,0.8548928195193795,-1.7790615508585486,56.00312404050707,66.57927264345595,-0.6742137583261392,183.5498927009789,134.15867598369005,-0.6295883021969151,60.559253783132405,-0.47886000530145956,99.10937941046956,0.485636459110772
2023-04-12,-0.4820575847164203,-1.1536367476162677,-0.5450063526163109,-1.1232271993559548,-1.175214000829466,57.28362187820774,65.93701488600024,-0.7761515134265308,180.9693869344639,134.92800445669778,0.6893284730077132,60.322425625729224,0.43011765651531236,102.82682470642129,-0.035104241425777616
2023-04-13,-0.4855952673313912,-1.062413641139525,-1.0033513023168863,0.3568251321855749,-0.7748298181612434,57.3051322934922,66.91758109335483,-0.3927642308235206,180.41213112164093,135.1562348902846,0.1482304335868242,56.525605662772925,-0.8300390613004769,103.42352736544336,-2.4951268985662693
2023-04-14,-0.0259423196322495,-0.5571491402020121,-0.9791260568332916,-0.2935611687714308,-0.3172994800310842,56.4478748120747,67.57220924466482,-0.2240114478248351,180.09392220061082,133.50962788586344,-1.726607004421166,56.512767664279174,-1.2910494527940264,86.93884060269318,-0.6587798544718595
2023-04-17,1.25745349980959,0.9788789297085838,0.3272837458179628,1.477624376388163,1.2418881080302402,56.49224169771877,69.0438649122098,-1.0355558275391263,181.5724718908202,132.48411192919207,-1.1055159566713453,58.7799069469627,-1.9441014012834166,95.11600076705895,0.47895112896244996
2023-04-18,0.1377747003974294,0.6272141652517214,0.4486942589244941,-0.9704435818936928,0.8922468002831834,56.58301751897292,68.35257647732857,-0.9864146649076716,180.7471774229957,132.69393864972983,0.12982672053774,60.72864237308773,-1.26299994726116,95.32316131727403,0.16938858995532513
2023-04-19,0.0681109727342646,0.3817180553601252,0.4943705187125339,0.7959436591545341,0.1507757929727222,56.3812809996991,68.54059482784673,-0.0457468677949102,182.2038388833204,133.08303433992964,0.3090956901998105,58.78652108226932,1.1126370937489312,89.46722504466503,-1.5359045434599068
2023-04-20,0.7018638877299436,0.8927229154100063,1.1715158805068508,0.1049061433640429,0.7427304713705023,56.16526622436994,67.65013701143437,1.438135855920255,183.66692431866875,132.91697892473346,-0.2460554151961859,56.9843282497354,-1.713240401162647,89.5102688002391,0.45872258696247314
2023-04-21,1.117530440802854,1.563891898507857,2.2304705272843623,1.0388508332798216,1.53864877344082,55.876066252051984,68.2590233427602,-0.5870166572522891,183.29590761437044,131.8504665650488,-1.146512359684652,57.57030710032889,-1.8897054245203573,99.71899746305978,1.0575394360497157
2023-04-24,-0.953366140284534,-0.1714201910306055,1.1655808606356102,-1.7325042652444005,-0.2828478758028216,55.645354215577946,66.78179352093329,0.7945118054353096,185.64027908870688,131.23581198774912,-0.6946545772996873,58.72729364669011,-0.11560889222225534,114.50346396116612,-0.052613300272589925
2023-04-25,0.5130834977446246,0.4273734022293218,1.6203853153484542,1.8124616966779248,-0.0589361864260957,54.65901289132658,66.49241183440256,0.7755113031778349,186.1708520432232,131.41890945869136,0.1030974709422359,60.03078770592861,-0.11927617359087284,124.06362225739164,-0.6978546671591204
2023-04-26,2.0832158420779088,2.29690254319257,3.62258189165894,0.7238695695694652,2.391065940724684,55.457171584154864,67.89624188260233,0.4672033247735774,185.5002278887277,132.1558979317329,0.6569884730415693,59.30424444355949,0.9858664864691696,107.73171420678442,0.517723361290173
2023-04-27,0.7392939781646718,1.8877452497609568,4.180746775240665,0.1963918009875728,1.989223483411417,54.82797730544519,68.78063213601739,-5.284078549941992,187.7648908760416,132.33615092972468,0.1002529979917508,56.837852434797114,-1.264575477499115,138.4565907963218,-0.14647581493828454
2023-04-28,2.589223300921633,3.5330959258021117,6.560932737400265,2.4419294501809534,3.032799687820436,54.01380561800598,69.40468057782999,0.564425328038591,187.18746466610557,133.1073597585438,0.6912088288191405,56.56751460661274,-0.9884569124241295,130.44441921785622,-1.00279249371615
2023-05-01,-1.4737556200811095,0.2927923428199459,4.759130480449142,-3.3052027077168247,0.07977836047187,53.46044162040427,70.09889779568611,-1.7686090304776645,187.6831049773936,134.64943998215705,1.4620802236132246,59.19021263924376,-0.2905235902747108,124.94073950553152,0.46291899255365365
2023-05-02,-0.1906154505308599,-0.0442192791208869,4.330558505895825,2.2882865802567585,-1.0748688225795258,53.8505817214713,68.00848041444283,0.3219055681343721,184.07874734158275,136.02340436101366,1.293964378856622,58.16985238652205,0.13518972342636615,118.19786939612567,-1.8609353194065577
2023-05-03,0.8907894950838662,0.8686798555234226,5.0048200756849,-0.8254254401087027,0.7764202247653502,54.64330596767508,68.41078803843185,-3.059065447631105,184.8090809850443,135.86793487102827,-0.2354694899853862,58.428335149162834,0.5405714205789864,114.36387425793852,-0.8759092943966564
2023-05-04,2.194594870027811,2.6289347977895225,6.949173941928466,2.813663950109338,2.729068567078131,54.57697627998833,68.45406430999924,0.4446644490620702,184.2080752995794,134.31015340280598,-1.6377814682222849,56.194435544490446,-2.1975075556595534,115.17307087820636,-0.6434168903066677
2023-05-05,-0.6964522278297958,0.6180151710649655,5.905263017002246,-2.8067001904117994,0.6203046941868908,53.03772925196407,69.09500036114287,2.891025541087591,183.5380933289248,133.3760993825427,-1.0140540202633057,56.8584556714618,-0.8003368799507421,115.41747002916178,0.2909410648490578
2023-05-08,0.2020920468688665,0.5110996324013493,5.812091913021001,2.307117189677716,-0.2157792898290109,53.6207372526848,69.16910734958834,2.4726508258618947,186.10470103759872,132.84200780630994,-0.6140915762327313,56.78935974046554,0.104026148456109,107.30135409067218,-2.4008528987782185
2023-05-09,-2.139619957324636,-1.884070141123961,3.381867360045314,-3.869957849582923,-2.0183647292033164,55.1000871975284,70.52867985635307,-2.8856767926113323,186.49019493179807,134.46919773122212,1.5471899249121757,58.91252602043552,-0.46636606464736274,97.34839113684143,0.7426736339134692
2023-05-10,-0.918934861053449,-1.8609699316154296,2.2938391309896,1.9835335261337432,-2.20270683544823,53.74875977992668,69.98156857119119,-1.470279730352031,187.108122259441,137.62947799364318,3.080280262421068,58.59101933648991,-1.4505216089790023,98.21399145274326,0.16268418732707346
2023-05-11,1.4413181181462436,0.5108331523385287,3.6204652925863625,-0.0463320264540638,0.8899572015141741,54.48784329511903,68.70660094513357,0.4474564173395479,185.4108878995672,139.6086630805533,1.899185086910122,56.29007993239338,-2.236663526619265,91.12557402973704,0.0956443879029365
2023-05-12,-0.8676513973368615,-0.6122348211675972,2.5717906306201828,-0.8329023774963136,-0.0028605264491153,54.510740620770925,66.60236473879954,3.721931415194412,185.29498405484975,140.21480409248454,0.5261410119312485,54.14287863843683,-0.8658152756061716,88.89174502626038,-2.715577033024971
2023-05-15,-0.193312774067091,-0.4994301846508896,2.2498883250220825,0.4313640090551441,-0.7139036124692079,54.61374150300487,67.1636764022341,0.2725456360903238,186.3973713687864,141.02028716795184,0.725483075467273,56.17795360461348,1.1758041013046865,94.95719472233685,-0.6114061358520644
2023-05-16,-1.0572801931505376,-1.3069952854759823,1.0801137156204408,-1.3808031999418957,-1.1732678575907922,53.89533942355319,67.88763629270663,-0.9888848151986984,186.0056021218777,141.9598676738373,0.8595805058854593,56.99443475253762,-0.25592510938350604,110.18521872402683,-1.9180912678978999
2023-05-17,1.150885069775485,0.4973874270374941,2.1769930996149043,2.186487469731907,0.5165169538851628,54.80108428513468,67.40502642767865,-0.2234875275084298,186.3355013859652,143.10112338356848,1.0612557097311817,57.31252830663151,-0.7818413033898308,98.09963646664876,-1.2784910298583938
2023-05-18,0.4961399698012146,0.7448336833199617,2.5642834144353737,-1.143725632497716,1.1866710116665058,55.12366821049777,68.95744699131286,-1.840009931753052,186.39197058114823,143.7353698387629,0.5542464551944224,54.96457855111684,-1.5324084727305298,93.36280094868944,-1.3255013812765455
2023-05-19,-1.2860477408965536,-0.9136308992365728,1.150021502817051,-0.4282535165232667,-0.9883637590158248,54.98275596758531,70.49802586404613,-0.8084598464105065,187.63868410420343,143.82991298949568,0.0145431507327948,55.09397276505603,0.21869795825793759,106.24107850915554,0.9510941266192035
2023-05-22,0.0770828358994109,-0.3797326137188754,1.1696032635756093,0.3982729732918609,-0.6945458086385212,56.46892936571942,69.0331488564514,-1.8085455839565876,189.0221827035836,144.1729469523367,0.2630339628409991,56.20361995040571,-0.24000807462583718,105.48201054153417,0.025666345792231482
2023-05-23,0.8444460360940208,0.6545797292345831,1.9555691364908492,0.5457413061251251,0.8906957376336674,55.88073342616445,67.39935851644215,-0.5580582520060346,189.48409623447907,143.58920867246744,-0.6637382798692456,57.787342185368175,2.047114054424061,105.7019762362588,0.7929074328305532
2023-05-24,1.0737902452817394,1.4010801098990309,2.9315809249480465,0.6644842656878955,1.580457866938152,54.70816249330216,68.23761965915799,-1.4607521076143135,190.6006429903203,143.04360907347018,-0.6255995989972557,56.60541253017856,0.8476702141665146,114.70149176709216,-0.7071157764529516
2023-05-25,-1.3915144203101135,-0.6909743653605983,1.3934874583905303,-1.8898776195760356,-0.7472402731410701,56.37901139266957,67.60345857929494,0.0022453176032553,191.0283390889297,142.51366154055628,-0.6099475329139052,54.51259655007989,-0.5371483819451032,124.20305026501627,-0.45198200103694575
2023-05-26,0.7227444022514892,0.37725721957119,2.046557487722493,2.140152616933516,-0.112164249934579,55.36788066903305,67.85949633183458,-1.0609406230675786,192.12369310792232,143.62084654761608,1.027185007059794,53.122793417084104,0.14789073729486407,124.64854480668731,-1.9711793479719262
2023-05-29,0.6176032393017641,0.8062318490873591,2.5618328526381324,-0.9875112233983728,1.0512498806526576,54.18522114581207,69.0726448834208,3.11460648807661,193.2494208985493,145.40873958513808,1.7078930375220036,56.62407950963852,1.1945751527534103,128.14322644977165,0.4204595592328104
2023-05-30,0.2511694555359366,0.6542853800796162,2.684910665542162,0.9918028730847162,0.621731399116995,53.20069469696988,67.94451264605547,4.0939181392202,196.0435876306672,146.0261054378414,0.5373658527033368,56.71771413705211,1.6058704626374627,119.00752927535157,-1.069628048316062
2023-05-31,-0.772842046140741,-0.4456993561009329,1.777823086124313,-1.516694200954278,-0.622140372819179,53.579499646322645,69.06150018505305,-1.0364936954441435,198.65506729590305,145.63481428686305,-0.4712911509783626,56.40103317296747,0.12692052361191603,116.89277404807927,-0.20437935721108857
2023-06-01,0.9492917278782568,0.7264420498277904,2.6382236596963544,2.086812378593965,0.4855865001938123,53.49025570571804,68.14908799597602,-2.0774782471787407,200.48984511129487,145.41939083347427,-0.2954234533887631,54.70475938185991,-1.5085410955143823,120.93303666113933,0.19216283178001703
2023-06-02,1.3102605095029258,1.673481534416821,3.816572986214463,-0.254848774442548,1.87983554622988,53.11408111389501,69.56049473887917,1.315856343623926,200.0914526979341,145.26112887102448,-0.2382619624497986,54.8549548837286,1.2641896173779825,115.35024534607365,1.7321614666444987
2023-06-05,-0.3008527425977285,0.535888024610682,3.324891594306011,-0.1097161617658175,0.4853035631040269,52.41616287365277,69.00733303757525,2.286585418743116,199.8579665078921,144.81085324136296,-0.5302756296615078,54.689362708170734,1.5791829106796227,112.32495223125402,-1.9347168014677862
2023-06-06,-0.2856130650226444,-0.0176690527173034,2.8730339495680663,-0.2033259436982812,-0.4661247105812814,51.236598242562216,68.77010254250133,-1.80405880306998,200.47789670007697,144.32392368054568,-0.5669295608173037,55.31496289378194,1.4014662638116688,110.64403367542569,-1.402751243270174
2023-06-07,-1.603502297737209,-1.612336824095861,1.1258799543524538,-1.4510078399634985,-1.774870136750796,51.98909398259071,67.55867582013555,1.3683227789513932,198.63157987074973,144.29648703618335,-0.1074366443623346,56.08248279429638,0.22432357859702046,95.61280300730107,-0.31855037867109104
2023-06-08,-0.0105803858330839,-0.8167487978810145,1.0590055708017472,1.07767549413954,-0.9726817644754095,52.34501384546565,68.24779328078311,1.668141070210125,195.037153432136,145.8691758177726,1.4926887815892709,54.00524685049726,-1.355109419107341,96.12240635820534,-0.6995125313626502
2023-06-09,0.6741112841575477,0.2657368852170405,1.6801665764192073,-0.1341453364471071,0.6677630526576973,51.28487486184893,68.97609444732355,-0.200277569883802,196.8706015149516,148.23689210314086,2.2877162853682727,53.62015751731816,0.9031762241881305,89.98741985720784,-1.2347973664104401
2023-06-12,-1.2678377808998589,-1.1349693382913386,0.3283204666983879,-1.1672287785645286,-0.8633710104053303,50.72237395288823,68.50936686396179,1.28063454002086,200.6587928522039,148.18020452384135,-0.1366875792995177,55.62017890945281,2.1341657317822085,89.47369647552945,0.9308162012820773
2023-06-13,-0.4304233413274675,-0.9979080104731368,-0.118518897963999,0.4449982425959289,-1.1911260098673828,50.48087966708682,68.38823121361796,2.469543179908145,201.38321004690744,146.48971007031088,-1.7704944535304676,56.717370553629955,1.7103106045529242,91.36661584494551,1.4024076598480164
2023-06-14,-0.7554479750862579,-1.2544019803228263,-0.868040928152057,-1.0891966570332046,-1.0137019798827385,50.75612597191048,69.49087270051778,1.0703331887034813,200.7983530178752,145.6565351456798,-0.9131749246310704,56.06581202382916,1.9381065148511394,97.7305806404557,-0.016670770467221985
2023-06-15,-0.0823855273270997,-0.709586517488513,-0.907024409071554,0.7345119654478036,-0.5356543123788545,51.047035505342734,69.00831519565816,1.8975538016880649,200.71302497171928,145.2750617875277,-0.4614733581521037,54.659164852319705,-0.41907176833850646,106.07782611016815,0.6539180018224471
2023-06-16,0.1275935987875968,-0.2271996599566596,-0.7340795898303794,-0.4232903752982558,0.0781622823913369,50.78769797237717,72.25231369912633,0.1981993438260867,199.10704499348992,146.0395127974444,0.6844510099166853,51.991272070141065,-0.19276961265699244,118.31156011047297,-1.6288854471770975
2023-06-19,-0.7919374790921917,-0.9055373090705215,-1.489313089431052,-0.4744696976184998,-0.7153813198196336,50.66282490585513,71.64530982159691,0.5091620540431869,199.6951801103707,146.6297822545585,0.5102694571141118,56.01564027991066,1.3409417649319681,108.96166578629126,0.395461370457852
2023-06-20,-0.3874718754898297,-0.8402405300250905,-1.802319310449329,-0.0316196022759548,-0.8626343629451447,50.913163486457016,68.77838499520323,0.5356851477354542,200.88019637472905,146.53786801963005,-0.1719142349285089,56.64876663665202,0.5129067598380399,129.1550590491034,-0.06860391697793489
2023-06-21,-0.1243028029779434,-0.5444230679904887,-1.8365061479048057,-0.1005881012709772,-0.3567859282718412,51.278808729364464,67.91826449530865,3.386489616798583,200.3944681278524,145.3673947888264,-1.2504732308036146,55.751946630508264,1.6486327786152848,113.13999700836716,-0.3138653933208957
2023-06-22,0.9063744312631752,0.634162897267931,-0.83830640924639,0.9818155072164082,0.8317927494764092,51.22155792896226,69.10922366851891,-2.191306041965832,198.52884628502588,144.0983158275969,-1.3490789612294647,53.40539865096595,-0.9663359619031007,128.96066429440236,-1.2537662013537556
2023-06-23,0.6649462531865843,0.9820277018205498,-0.1314448355974862,-0.0714153772257218,1.2087709119444896,51.97838181028696,69.56209654900107,0.8777311489449187,199.84626079245217,143.4265874536246,-0.7517283739723427,54.06386114939773,-0.2228130102550519,134.84628370194534,2.072589079256666
2023-06-26,-2.3279406756400043,-1.8369268247297292,-2.452813269457616,-2.2743791427207127,-1.9289729237280535,51.104504382946416,69.3897734890706,1.1114428024962917,201.32654532570493,143.12834161473694,-0.3782458388876458,53.790425005866254,0.6727802252806446,127.07858015573785,-2.225215274044409
2023-06-27,-1.2575150343798296,-2.1759784467446943,-3.587687640364565,0.4482693226607048,-2.6542794397638323,50.82191850563037,71.18100189710341,2.04708043884575,200.21247472312265,143.89974374834807,0.6914021336111217,56.05278180370524,0.5630850607787283,128.98907787713898,-0.5959848329467832
2023-06-28,0.0658178832944953,-1.0221713400778518,-3.342485375051841,-0.2703841087010332,-0.6886911373334024,50.7095765895737,69.9971369662,-1.881948494552551,200.04780537394652,144.60018337630885,0.620439627960795,56.26192991235391,0.31388262252057086,141.5839856075584,0.509983281845642
2023-06-29,1.6333853136401435,1.1222996436012176,-1.5419757926591056,1.8361733951659185,1.6728760436168408,50.61428641168118,69.75397883958583,1.0105731318877185,199.71335836753812,144.94844170774363,0.2682583314347832,52.43474201924893,-0.24473690356332778,115.04689848123171,-0.97065663171702
2023-06-30,-1.821835775508648,-1.2606859537080393,-3.286712778534798,-3.198965821883087,-0.841804587324562,50.99060020321397,69.4021305648449,1.5054769525454903,198.53571643389927,145.2104198541097,0.1819781463660426,53.784977033523674,0.12478615093634074,134.51743957402954,-0.2788841158740567
2023-07-03,1.3475610893174266,0.7172181124634069,-1.7748160502906316,3.746785455729742,0.2544596240122379,51.31854537618356,70.45768987563254,-0.1710373942043956,196.90324819829263,146.6809136121118,1.390493758002088,54.02328784821638,0.3011054710333865,105.96101559548872,0.2328628423501229
2023-07-04,0.9177687544771058,1.2763778107088093,-0.768306493298994,-1.8923203373202004,1.7263054080675615,51.6265450116806,71.55079940263387,0.9106583829883292,195.69055629839664,148.3209054674854,1.5599918553736276,57.05528909066512,1.0700680400641303,105.56748088103632,1.002507286959883
2023-07-05,-0.6329146088477487,0.0052742965066558,-1.362805777481793,0.7863256441424017,-0.0822533561614853,52.13873940930793,69.71778681049871,2.68203888070373,196.07356131572817,148.67203446162867,0.2711289941432725,56.59089018520078,-0.19729491750965517,101.78604757742472,0.3289602728468708
2023-07-06,-1.6384428515837022,-1.6358057033303743,-2.933108340191405,-2.228187084690504,-2.0181916168923517,50.36031441730546,68.90582535477807,2.6174761440897387,193.508045312205,148.6122073076665,-0.1398271539621641,53.598533887785614,1.238587983311883,95.87875579161505,1.1637918685366841
2023-07-07,1.1941982075520323,0.3762953558868451,-1.5922547156298028,2.8653385210699103,0.2111324966018111,50.31663902807051,68.27610055499922,3.1815895662613274,195.34777627594485,148.40618310412907,-0.2860242035374523,52.68012446397889,0.11353334354686606,89.46740055191371,-1.1048525695447822
2023-07-10,-1.8156193394810471,-1.6274716615376246,-3.32826131932936,-3.96462323028348,-1.0991004149498278,49.663151588352456,69.51599961750632,-3.587262049025196,194.61854516889736,147.99354619790935,-0.4926369062197012,54.55300504031512,-2.804082140406151,85.30063713885325,0.5297171920987438
2023-07-11,0.48755013564095,-0.3261856951278623,-2.6742981177219414,3.4610175583535603,-0.6018214680476783,49.50284118012134,68.12494404937335,1.171522318683166,193.38654774113647,147.0087778334928,-1.0647683644165402,56.70212593405888,0.9990295469644748,99.01082991757733,-0.353163156606243
2023-07-12,-0.1029943271065726,-0.2660871746705038,-2.643577538942417,-2.698757495871743,0.1895357542779973,49.42126542965634,68.05821333387745,4.050230280692588,191.24024617892724,145.6437316865012,-1.4450461469915985,56.34116813745243,-0.3779966429342149,99.69186165690019,-0.2497220477483495
2023-07-13,-0.7562827763282812,-0.8893263636635331,-3.267681438323577,1.267785345575526,-0.8180793725922249,48.64924371085831,69.1249148031106,-1.421667171797966,188.0725811098161,144.93993401306994,-0.7837976734312477,53.45005325516598,0.21733797285346723,105.51914769229762,-0.14848063261963063
2023-07-14,1.450414015239361,1.0057508334075944,-1.6538833511680375,0.4995750060577165,0.9966443494423922,48.7239060250103,69.50692824881132,1.2684351191409795,188.68856773624583,144.77426394547888,-0.2456700675910637,52.08978440515417,0.3578344665733347,112.6711348274954,-0.5903400588247223
2023-07-17,1.4994883529315128,2.00236376963531,-0.0717008306781228,1.1248070983882257,2.3697367620751293,48.24421071538786,68.60549188195697,1.863495409147233,185.5360134418286,144.49857333087235,-0.3556906146065435,55.170198789254,0.3145367777716688,106.08364429522037,0.617193748938881
2023-07-18,1.228202100497252,2.229383985314907,1.160086311353035,0.3845967767060827,2.12789511225616,50.35569665790178,69.22850956148093,-1.0207443056260073,185.94993099612145,143.83456164240442,-0.7440116884679076,56.83312878413027,2.246269628827834,112.76499465044415,0.1310028500713898
2023-07-19,-0.0961548937662163,1.018537098891237,1.005927102019167,-0.3846024762957784,0.6407663665321348,50.1913501377912,69.47086694294296,-0.6029654518289612,183.6621052887171,143.60968883278656,-0.3048728096178723,55.781905421285686,-0.4026648235224337,128.30189405454306,-0.5592627161667423
2023-07-20,1.3377002062604737,1.846968755706092,2.293330953178682,1.6261520634823072,1.2800072700007437,50.009118004615054,69.07575718826243,-0.9364916224197448,185.3445945673875,143.91881445818495,0.2291256253984039,53.10151563054591,-0.8272722826726843,138.19271810347348,-0.34853762462007154
2023-07-21,-0.6764951398628182,0.2469892379902277,1.5021692656569292,-1.8961091874745488,0.1261249838934659,49.8039189963599,70.65095222703965,2.891227535733958,185.1730989453377,144.13918139868866,0.1403669405036787,53.57793052395614,1.1781059153833293,128.3425736110544,1.4881461188019713
2023-07-24,-0.8710056169115832,-0.7475109979164694,0.5560551854624995,0.5510762736943284,-1.2769027008292742,49.91759948822859,69.9113831463275,-1.216720430114536,185.30574862629425,144.1927630379803,-0.0264183607083312,53.37701090236078,-0.3218780046158679,127.65153790637709,-1.7931878868932216
2023-07-25,0.2525610848190751,-0.1211944141391595,0.7808135110084496,-0.1607461204516712,-0.2700422853278748,50.38994549007251,70.47260347003606,-0.30512380242163,186.0381225711837,143.47786206511805,-0.7949009728622675,57.88113033808835,2.3996279858726104,134.67517187776906,1.0480015539580805
2023-07-26,-2.394998323099007,-2.4555955301685866,-1.6532254876409798,-2.2744387327602533,-2.243461672207561,49.230252296124654,68.29016752024772,-1.740567473594615,185.81639437490747,142.6650630727665,-0.8927989923515536,54.65378092199317,-0.424479890009567,137.1917844040704,-1.1281244992925181
2023-07-27,0.0944311141351575,-1.1333666509491358,-1.476133099123773,1.8002601637053477,-1.3425678797242466,49.42128578594988,68.66095455801666,-0.2595944552018649,188.2944431943181,142.44338434385162,-0.3016787289148588,53.11665410077868,-0.20428850756787603,123.23019759604333,0.015138470232770374
2023-07-28,0.1659591385877782,-0.4007241868867897,-1.2363673055798063,-1.1842359841912322,0.2226178070688727,49.39124785334709,67.63087699296592,0.8650305185920013,188.36132466562688,141.98271463903762,-0.5406697048139981,52.23256771857123,1.0072359504268031,116.72295782867931,-1.3453628053849087
2023-07-31,2.609849212350046,2.409487118906651,1.43530027204923,3.49802620049347,2.709424695502713,49.712177252689365,68.55748866742155,-0.4872353553612111,186.5079546676982,142.09413824253963,0.0314236035019921,55.500757306874185,0.2569855111467797,117.10525278888618,2.1237464045134047
2023-08-01,0.134064376904136,1.3388079363574616,1.497599635350905,-2.4894552734659667,1.6999739043141635,48.980104817670245,69.34970092838091,0.3094133201823958,185.21272203558885,142.25713951472534,0.0830012721857104,55.759408036095145,2.266294410998304,103.87495136761622,-2.121722301993202
2023-08-02,-1.316302634083357,-0.6468986659046262,0.1064170195000022,0.550788821016118,-1.2358640079408754,49.894099664191984,68.67522153365009,-2.629274429014557,185.4603967773177,142.323935048579,-0.0132044661463541,55.6636696944469,0.7604759740367443,110.63787843462565,1.0098887724537349
2023-08-03,0.9576328389818466,0.6341835060295336,1.0587290075068487,0.5445412232197581,0.1678512585318323,49.38262029148655,69.06033203443984,1.1109829654354928,184.45786247782252,142.12582106035728,-0.2781139882217016,53.476503349800176,-0.32217147914088995,91.68458292555049,0.35984924902149373
2023-08-04,0.3815805867302009,0.6986723397449677,1.3873731438617072,-0.0268253306846176,0.9561602901193088,48.07703671390678,70.32016021382599,-2.9180220753751414,184.36514918871265,140.5750182389188,-1.630802821438486,52.646068602938314,0.18202785625937068,94.54459352469897,0.41350088436708177
2023-08-07,0.2909787097815795,0.6403148796540634,1.6089831964502013,0.3110977077950427,0.5199270618197,48.79181531074867,70.33235636158356,0.3976079975326227,185.80364186041288,138.57262626629029,-2.082391972628505,54.10380375516076,0.2817769868590607,96.62901583604447,-1.3969535517134233
2023-08-08,-0.3263746672940864,-0.0062172274670546,1.2021593693336048,-0.5596979481403684,-0.1517874414251386,49.375481422762775,70.62523194422644,0.4928919035462226,185.5816867301309,138.2081250336401,-0.4445012326501875,56.99027528709772,3.970789193091624,105.91338017634985,1.2308672510025715
2023-08-09,-1.1158347359637266,-1.118943349697254,0.0262166649031978,-0.6960612748584503,-1.3116595363401784,48.265278375892805,71.28837126771329,-0.457097644904079,185.5127364312688,137.62121956273882,-0.6669054709012701,55.11055800658231,0.5933910554762,101.25253609369132,-0.5531116878645932
2023-08-10,1.0720616982430953,0.5125900233944682,1.0969675299011332,1.594107654386933,0.4025608566648593,49.22669390227005,70.94249650820419,0.0056588481928368,185.05350093086827,136.95383826523886,-0.747381297499966,52.925974087120515,-0.9068269607529075,107.15565266755057,-0.5505292626796603
2023-08-11,0.3686349930119436,0.6249300047091777,1.4107541464180202,-0.8269457477782561,1.0118720119578009,50.59166598401563,71.2493636207323,1.118126164234171,185.81857610072169,136.9037363035662,-0.1301019616726673,52.667881448017944,-0.24525104165564868,108.56198146319018,0.021812845079629994
2023-08-14,-1.505587583927563,-1.193122581572974,-0.1653711448304438,-0.8853782730938708,-1.2844065881203968,49.94034357784479,70.05575775804832,1.4653557363634424,184.73322581408783,136.36953894654687,-0.6141973570193251,56.062869629771996,1.250012512832227,131.15921834547376,1.959065874611234
2023-08-15,-0.332648343120267,-0.929209633906754,-0.4897509307091886,0.3313853617001361,-1.2360008934768048,49.37814524735249,68.83675297480073,-0.5101552365753442,184.16350701147348,136.31495029919864,-0.1345886473482417,55.62145293492997,0.5884566774832884,124.87350169038777,-1.3688223521677472
2023-08-16,-0.6471504144153034,-1.1117552313686805,-1.1124137985890326,-0.8956894356904055,-0.8467394202874636,49.80552450988641,69.45181651291885,1.3534247744969663,183.73256423858388,136.49037935175946,0.095429052560825,55.909328693763804,0.21916581382443717,120.91912547685112,0.798770687181495
2023-08-17,0.3577012079390424,-0.1981764077452978,-0.6990919007205385,1.0294682847068466,-0.0305890407101396,48.43753390167178,69.49469461427593,-0.9921743912295968,184.98475288394053,136.7237662104711,0.15338685871163,52.30910591779931,-1.5147611109124401,124.22310190558177,-0.6168681693212079
2023-08-18,1.8197559521063695,1.720667748233721,1.1556186464218583,1.047654738576235,2.0343766768697957,47.172937725551925,70.2319433004567,-1.2739796859424053,185.39704459831776,136.12797378136827,-0.6757924291028097,54.251820831214275,-0.15101271473073039,138.67075667254653,1.5839393831963307
2023-08-21,-0.1381597596666575,0.722174114450203,0.959677954434108,-0.9239008135988336,0.9536938115971644,46.91103167247827,70.15794262254502,1.5294137993511725,188.22057210924663,135.4984255777066,-0.7095482036616998,55.83049768827636,0.9188858939721373,135.07011812626388,-0.23237194149563578
2023-08-22,0.6953940140437301,1.0564810712688315,1.6070880707561326,1.3883196242428553,0.6124981582437357,46.75315793904426,70.49145251849026,2.03200045066675,187.35260324091007,133.81600825018637,-1.76241732752021,56.105673739812,0.9039817267086181,134.8971172578827,0.48422080488202823
2023-08-23,0.7450049037072487,1.2732454393416646,2.2717385709255744,-0.2962348144748926,1.1622413121334867,45.87306982167246,71.75332791934173,-3.340517114810263,188.2895868590313,132.26754314488247,-1.6284651053038974,54.80551294028502,-0.2509308136269457,140.27506217911255,-1.1038157534787842
2023-08-24,-0.217417832814898,0.4192048868559342,1.9407338095643976,0.0047582780412714,0.2295851094094512,45.24247600981266,71.43430749976322,-0.5707140818755019,188.50457512034384,131.53161867199003,-0.8159244728924556,54.5744378438922,-2.3825769287101544,131.24300970096593,2.265331926092891
2023-08-25,0.5519924567675331,0.7615949001955002,2.3956895758537105,0.5484237482365795,0.4215417570785942,44.33407192017017,70.46224795905005,0.8232572925822528,189.1478200633709,131.37141888147272,-0.2401997905173127,53.2029731784167,2.1336644428190246,118.4269062856393,-1.0488476527975763
2023-08-28,1.7362634193854474,2.1170608694831974,4.012168516446472,1.3249456082080129,2.0674588934459672,44.23179276416806,70.10069687824243,1.0828805654575788,190.26558948391497,131.8177815210105,0.3663626395377804,55.36541889540449,0.4726001540512936,113.7544387334239,-0.46507879287187137
2023-08-29,-1.1059471257189866,-0.0474166909773878,2.705612964905161,-2.0996563318749963,-0.0641890740877182,43.08004783709246,69.01685200425118,-1.4443910711370955,189.97736705953125,131.99358168104425,0.0958001600337751,58.087501305424325,-0.9856732772213556,105.39923909074605,1.9818275656123276
2023-08-30,0.2885181375473408,0.2648097920586468,2.858850454207244,1.863260386453588,-0.3750501378840511,42.30554293660125,70.25622474611428,0.4131913238349196,190.714506038324,133.09150897855466,1.017927297510408,57.78084269582938,-0.10383515782440804,99.95485823815854,2.975329755544358
2023-08-31,0.9327504314589384,1.065155327488262,3.64865836295582,-0.4646948583812527,1.105861313987343,43.19388518558642,71.53490732086125,-0.5391428902298562,187.7885745817253,134.52460003559605,1.3530910570413843,53.116263682447666,-2.3287087832420057,96.4977060510803,-1.458174161444532
2023-09-01,-0.2853014259609964,0.2472762377831345,3.180924018847033,0.0632197178249431,0.2743488329143667,41.80864949200107,69.13640202371795,3.189703243161689,188.9876062599805,135.5421052710555,0.9375052354594532,56.1107765639365,1.1919990156182603,96.85735828063565,2.9078033855197987
2023-09-04,-0.4560017648435771,-0.3323636459520098,2.565876053061104,-0.5034165532122845,-0.6271826204201749,41.20885205694522,70.84980773716998,-2.980840429145063,190.40934419205385,135.51549624123805,-0.1066090298174889,55.510844932168986,1.1892300674853453,96.66160248358464,0.14542603676449772
2023-09-05,-0.6967505790435732,-0.8629324020195781,1.7408316713644756,-0.3191881641343598,-0.9703516379497196,41.243034562024,71.02059029094984,3.3878469976860224,189.3696859558184,133.99582036789488,-1.599675873343137,58.41372183967111,-1.5354025308353927,93.78454479681194,0.32622053424678654
2023-09-06,-0.8871848269018605,-1.3186510279116497,0.7666052608943912,-0.6477937038010907,-1.3052351743280044,41.220786842080926,70.81463564454448,-5.974883741025197,189.9435105522565,133.00046901543993,-1.0753513524549398,56.68185556760765,0.9322207785286128,95.31893632830531,-1.0989871282217294
2023-09-07,1.5239947677189245,0.8646692537630996,2.252269765568596,2.0098400455697423,0.991683871577808,41.92892092827832,70.37372281754756,0.6859089801287871,190.0629727089456,132.54627471046487,-0.5341943049750737,53.09229099780967,-0.2515178442480135,102.17496835463056,-0.023972684637996622
2023-09-08,0.7363020439088027,1.1686366707903524,2.8759583211989685,-0.771077990268504,1.6506989045401572,41.16250127687271,69.5112304729311,0.7905648275899143,190.1074311784306,133.00419091540448,0.3779162049396195,54.45779760196257,1.8491024473871573,108.35916552332664,-1.652978961973929
2023-09-11,0.8759897027742066,1.4603080381693827,3.6081501079132265,1.4542981954755847,1.3177709291194883,41.42687037888423,68.54125255012364,-0.5358763514792639,188.12568017838615,133.0508403176688,-0.0333505977357146,55.63608869171418,0.8126638586421087,116.09349693493834,0.1252437595451923
2023-09-12,-1.1580332132343003,-0.4278791941496089,2.269709389283265,-2.248756859840989,-0.6324393915697764,42.05647584865255,70.99629030521164,-0.0652006224523291,188.33949387176867,132.73469587555277,-0.396144442116025,57.48124825950205,-1.1500052283420708,114.54117980460911,-0.9324735801690593
2023-09-13,-0.1537799258542385,-0.3677195229290431,2.002443993964863,1.5327877190265031,-0.8485998537948187,42.53799732748924,71.42006448760247,-0.3814737996021076,188.91884345657604,131.9183264594107,-0.8963694161420545,55.681091545340365,-0.0949278513785855,143.46473805769065,-1.0007640222672833
2023-09-14,-1.0548971740582278,-1.2387569355227497,0.8474246202083917,-2.204487963328105,-1.147165129570771,43.0948406717494,69.71547982839651,0.0127231239961893,191.68149740846695,132.65889834729558,0.6605718878848632,54.826252247943245,0.17173685220458285,128.76489731092258,1.733961250133575
2023-09-15,-0.4923068442150238,-1.1116853119763983,0.3127465449829482,1.161059128281055,-1.1252451486499606,43.18696650580522,68.68683004472517,2.8549291702666486,193.25211364249216,133.1652175964674,0.4263192491718697,54.9215819100268,1.5862423509851429,129.5027500235688,0.4637843080642341
2023-09-18,-0.3845326893193739,-0.9403753453075732,-0.0874234715855731,-1.2553270355301651,-0.6799167958483883,43.80808688804085,69.98009906082619,0.2144307268335805,194.54438235149016,133.17089702734629,-0.0743205691211505,55.444572651903265,-0.6502216787318128,150.20618439933503,-0.1915160398109137
2023-09-19,0.6969916977425816,0.226804025088795,0.6139393997362872,1.6384869743902055,0.4662720841509573,43.62938300928586,69.84873280022889,2.512137006731656,195.7822152980189,134.23429367189044,0.9833966445441482,56.98936690207664,-1.2374960350162072,136.86623830118634,-0.49188135742541306
2023-09-20,-0.7486184695391223,-0.6352164569947247,-0.1653760397896494,-1.9774837003317765,-0.3304234508935733,44.4332558630306,69.7810950298275,-1.9112059280468945,196.5388915777201,135.75313827193662,1.4388446000462114,57.12084777561146,-1.1916386781165902,138.65558818887166,1.4397562302710938
2023-09-21,0.7333503439600476,0.4157421154626852,0.5762431061598807,2.21646311920888,0.2841792622365742,44.83026196570563,71.46309997729833,-1.7785805438149445,195.3392547784826,135.6511238863948,-0.1820143855418284,54.19588618923417,-0.04080054527225767,145.01827514755783,-0.6303660587090718
2023-09-22,-0.1385201044538085,0.0693509532775341,0.4089108463980782,-1.8008674438604686,0.30149010192222,46.30550050133007,73.1275927560459,-1.6870716041255778,194.33836146205803,133.46585727499905,-2.2652666113957443,54.4400354106174,1.9928823066315262,126.26259193532609,-0.4815464994094043
2023-09-25,0.6958626555016953,0.7305381321404624,1.0843279595798696,2.046513238397047,0.6127505928294102,44.75352742351607,72.8215891675338,0.2574531648676161,197.96894642630468,132.23916089960125,-1.306696375397827,56.95372733325207,1.423908992865615,110.6905683413884,1.5091546813488037
2023-09-26,-0.3223876051237448,0.0428814609464863,0.7077239564771312,-1.85727253392153,0.0951299881772723,44.85973510543046,71.91793886477937,-0.1164897685482053,195.4885034532284,131.64110285911278,-0.678058040488454,56.905541576172084,-0.7930405726014848,103.0048213070237,-0.08382532590455583
2023-09-27,0.9939000025814124,1.0153407330546558,1.666237761234687,2.38685440302256,0.8004674395071656,43.16209277283889,72.68705792831636,-2.6403201294560303,196.07665528653027,131.0875306187147,-0.6335722403980615,56.99436071511815,-2.2510705216795586,113.31226504048023,-0.12648706049331082
2023-09-28,0.9114978672357136,1.4191682337630414,2.494423740408666,-0.8786429350312066,1.507837868784561,44.87928423471906,73.37795013718454,1.6545892364953128,196.60298609306267,130.93987234843445,-0.2276582702802728,57.05716738774437,0.06800532308720283,107.3943835830747,2.8612811985101985
2023-09-29,-0.7547865417667708,-0.0452024248852501,1.614916011621462,-0.0958043404933658,-0.2078878214253428,45.35211184469533,72.1285629013189,-4.081578046786506,198.70150190565124,131.03881184057684,0.0189394921423821,55.84227974116509,3.2366299600296498,102.57645187944595,1.4022443305476955
2023-10-02,-0.5399584141365764,-0.5625596265792014,0.9942117969038125,-0.468105158766552,-0.9928303391966388,46.06062711401921,71.07388468964075,-0.2045896939858068,197.2938853810795,131.78027604828958,0.6614642077127568,57.32272386010344,-0.16126772654900146,108.0039078432509,0.36899652685136886
2023-10-03,-0.2446281524870828,-0.5259079657766836,0.6998730545715388,0.1064507165878311,-0.5686032009690287,45.20411160349318,70.2737159875849,0.7568861304081732,198.9497083859428,131.60423434458113,-0.2560417037084551,58.463691506433925,0.8761491992246103,106.93576929350901,1.5581499302618411
2023-10-04,1.0957387592577503,0.8327847763694087,1.7606181611007123,1.0159007218168772,0.9489618677655008,45.27027431021386,72.64036435269524,0.1245342209883033,195.91873494064572,131.17621761126372,-0.5080167333174234,59.53466738796329,-0.37511724244054045,96.51461163841027,2.5403066728451407
2023-10-05,0.6743800482956417,1.090772436480346,2.3469673013413184,-0.0875454930670162,1.331823303850292,44.94765063579314,72.34703477569099,-2.8246471903717127,198.50591366109745,131.540009668043,0.2837920567792903,57.02639049376797,-0.5439146845483848,111.89763492751977,-0.03077689397640171
2023-10-06,0.8402289622194755,1.3856151804596486,3.069847898493728,0.9058880820197376,1.2448569911968606,44.962676345335645,72.19728236925049,-0.5775272240986384,198.62222767835812,132.747185256826,1.1271755887829835,56.13236666371714,2.282222718151146,110.32107492455087,0.2900869225520495
2023-10-09,0.854028932886162,1.5468365231159864,3.770384436455203,0.1746128713713587,1.3581663102178472,44.53961702076041,71.5554732855727,0.7609479902848055,199.0998207306036,134.43026245815946,1.6030772013334995,57.393976594872704,0.07065274000168903,114.84076057558045,0.07125273476926708
2023-10-10,0.9029605874751454,1.6763788490331386,4.484825802107588,0.7720009339466264,1.4153779472068426,44.7516722997166,71.75954745953004,0.599298962437214,202.38687886803808,135.50477957231996,0.9945171141604906,58.74180889427728,-0.24291370745741592,120.49042408832547,0.27811738784335205
2023-10-11,-1.2762634180828196,-0.4380739935662503,2.9843210939193887,-1.8552641185427892,-0.7344870655977324,44.20688585402939,71.36430378524715,3.1647259677561816,203.02005083845663,135.06920457795462,-0.5155749943653484,58.86290640680939,-1.8239675963450046,124.33579752541318,-0.671760981153902
2023-10-12,-0.948090073758654,-1.167127070541779,1.8870149654647648,0.4433580151484378,-1.713848124608346,45.317833856926846,71.58149899257724,-1.6119157961263564,203.10881581323784,133.97163876110685,-1.1775658168477716,56.94509511880424,-0.6912039023657784,130.33819968284337,-0.08129537496373018
2023-10-13,-1.9803593342830552,-2.563922869553945,-0.1876951170915284,-2.312877845644384,-2.549213378538248,44.6012905967659,72.39127318654158,1.1133283989775342,202.46930817685245,133.69109982250114,-0.3605389386057158,55.05061774715416,1.9829189918892003,151.11152751654572,-1.0817489165629794
2023-10-16,0.3773648069284258,-0.9045966278485468,0.1990544456914738,2.1120231911617138,-0.8108507936414072,44.33225212358522,70.867223581167,-1.655967422766866,205.51409553247623,134.46291033181737,0.6918105093162297,56.25585682244343,0.031232710250689286,140.28709416902115,-1.1381197724292775
2023-10-17,-1.4155384223504162,-1.8678367362746893,-1.226436698943516,-2.9995558157217017,-1.1891195381933608,44.30405867812852,73.22609588379912,-1.576805851891749,206.02326260227335,133.88682801113688,-0.6560823206804813,61.335565352481225,0.4414580679865059,137.32164445592161,2.5937564582039485
2023-10-18,0.4485639750310501,-0.4853543931062946,-0.7165508889652901,2.6982308368223262,-0.4007590783791996,43.161300195693805,72.08339440743431,0.2843518007104667,209.28641877188505,133.03611078339378,-0.9307172277430908,59.7064679825104,-0.6199553279955663,147.44724252410927,0.8435615757010098
2023-10-19,-1.9490178110964589,-2.191695007649606,-2.6297411556134844,-3.972690938713204,-1.6798794260778287,45.15506744337648,71.09508756506438,2.028760285723958,206.95808469594175,132.17355893983893,-0.942551843554859,57.250112349370085,-0.8463594873333937,142.08199476620814,0.30501723056584495
2023-10-20,-1.5945498842995218,-2.6903973881243246,-4.092803982132332,1.384968319735381,-2.763960570957397,43.76239941911911,72.99948494399239,-4.197611359533665,206.64190295171224,132.25717557320968,0.0036166333707411,55.72574284738866,0.7025955812129486,127.87753464154525,0.6751251002344958
2023-10-23,-0.9070480634017368,-2.252246757463899,-4.795211846427452,-1.9457743032032724,-1.8637779939814496,44.516482857496285,73.76218415132814,2.636931963729224,208.4080693292927,132.20700130316595,-0.130174270043704,59.04842075157269,0.7535012638450628,107.62383738893702,2.7925639291292654
2023-10-24,-1.6519345523423132,-2.7780579310742626,-6.207385806448392,-0.1926038249398589,-2.1961633903833557,44.86323989487868,72.89934050879107,-3.014242800670861,210.1235302075845,132.5815818507472,0.2945805475812421,59.96139323432582,-0.519289168088224,105.91792029819786,-1.374172118155407
2023-10-25,1.1551355201646594,-0.2338934453724719,-4.741880995961313,1.2995883888695536,0.1639747887592715,45.05172077424795,71.715841126882,0.7429524060933675,211.29057566720024,133.57572683026012,0.914144979512902,59.619711861015915,1.0729708976433072,108.52979848026294,-0.08675612149448142
2023-10-26,-0.2277488593044991,-0.344695581990735,-4.732535805467745,-1.2024401509566645,0.4653324527942966,45.00691636526939,71.84274546209332,-3.7965494864614873,207.25544501343512,133.5455381204281,-0.1101887098320142,56.98253006343539,0.41972083023609086,103.7962635217981,-0.2675822859346937
2023-10-27,-0.2932007317173418,-0.4655485227127093,-4.789109746911699,0.6086293815001567,-0.4298500473000412,44.25650649061993,71.42622786764845,2.484472003660508,210.3902731190096,133.13762161540387,-0.4879165050242263,57.30360985566367,1.3651431072000395,98.8481815152567,1.577867008275014
2023-10-30,-0.8248981678382771,-1.0576724291946318,-5.374552427404391,-1.2813702039633943,-1.0008186068686822,42.70206061778374,72.01682685615826,-0.1425829387563363,209.67660937274,132.59644951774612,-0.6211720976577632,59.91357461343479,-0.013577985464210074,89.38668502585323,0.8651538618620975
2023-10-31,1.052633565090387,0.5237973504930712,-4.053191240943785,2.013661218062933,0.5576946643874209,42.51781303329198,71.26906904861175,1.980421049515026,207.2063476768677,131.62369723543983,-1.0527522823062787,62.579342868036896,0.49620876708593686,96.11233142829622,2.6179496337110777
2023-11-01,-0.5815855030522621,-0.3196868278057265,-4.432117181948858,-2.0918314165994616,0.0499946360019701,41.702261589932846,73.78714672257848,1.5724285228503954,207.94286083506773,131.8648659606543,0.1611687252144825,61.62603936983459,0.7315744521706228,99.66514139813489,2.0063275088186714
2023-11-02,0.9407316626132908,0.7808882487104274,-3.2697796602381235,2.509605225062887,0.5917803607819334,41.9495143493396,73.19154341292796,3.4273649813912623,209.30923203884237,132.98614820890708,1.0412822482527653,58.77112989253508,0.19881414509254644,105.76227338850553,1.788599829099688
2023-11-03,-1.2790220122300595,-0.888577887874846,-4.385312689456277,-3.161225931027225,-0.7145830146620854,42.03712908397303,73.40553479544931,-4.183894763203147,210.2434340403116,134.72342589710703,1.6572776881999427,57.43895220637515,1.729331534814392,113.13570700375725,0.1353423507114755
2023-11-06,-0.1451747077885455,-0.5894636517259686,-4.311221762772009,2.2257447404818733,-0.9125879151265814,41.8244721585099,72.3930538807071,-2.4925873474542484,208.2176980226464,135.4227075483649,0.6192816512578778,59.43356056121044,-0.9572283168128134,112.70055856260088,-0.4800140522243481
2023-11-07,-0.3084631094976045,-0.6031949353605888,-4.404123784131013,-1.9777716648590091,-0.3955679341707319,41.99213702596305,72.31312494923625,-0.2721392224379704,209.42220571354696,135.5746475327827,0.0719399844178134,61.4681595355838,0.027176693242192407,131.84803456470388,-1.1111833324530949
2023-11-08,0.5949636334406377,0.2933661657603433,-3.588953961483824,2.078292382084894,0.409885767742075,41.35968369312295,73.85351778954441,3.0410306899242934,210.88007328209048,135.963712255587,0.3090647228042957,60.58862896491599,0.7308092903504467,142.77588217937253,-1.037410404918596
2023-11-09,0.9674403793966478,1.1141234622768197,-2.442065884012985,-0.5912789071670231,1.3244185594610305,42.87560443752632,74.27694800236684,3.3905667227717577,209.3935665098296,136.58439791201124,0.5406856564242254,58.54682083831367,0.5076679130192946,130.73165588381698,-0.22430905422140768
2023-11-10,-0.8350048261581189,-0.2779430950197091,-3.1549674159704546,-0.3915456457828515,-0.2545405985201302,42.25137403327508,74.0180876244301,1.1539185434099914,210.96427439461087,137.20364484595856,0.5392469339473288,58.51865350677905,3.175883916154712,137.8060071803836,1.0797013004039044
2023-11-13,-0.3679831749352215,-0.5069547224450761,-3.3652022201071534,-0.0743239405980828,-0.8689860706300929,41.82865385470047,73.47696747503842,-2.7927633860987315,209.03310567157428,137.52750562964985,0.243860783691282,60.57436701297496,-0.7574698975975436,151.87571080105553,1.1408064517645187
2023-11-14,0.3911001728514909,0.1376228116289528,-2.805841936250305,0.446843128300053,0.170310267890358,41.496608337542206,73.31121521470739,1.685350280647091,211.51604787886916,137.70161067317542,0.0941050435255636,60.82497881783361,-0.11105218028646935,140.39618270826827,-0.6431807177501909
2023-11-15,0.8948612789287853,0.9636726847432616,-1.770688560509004,0.5597289327037456,1.12952138263968,40.38050106633321,71.55606468307046,-0.3888253250882096,208.7113518663791,138.72680063737275,0.9451899641973291,61.81938219981195,0.7932180154447985,134.853972478789,1.230753234895957
2023-11-16,0.6439133842857788,1.1257497266574097,-1.038240748197775,0.2241166847579696,1.18083015164305,40.57860989704443,70.64240182348892,-2.005985901726326,208.2948615714464,140.42889820292933,1.6220975655565832,58.904000888990446,1.019285714867272,155.1153813122334,0.3571800506767744
2023-11-17,-1.98487351940672,-1.4219986560780151,-2.9712022301946064,-2.1529610329751976,-1.598525488835253,42.8891315953063,70.13402769741027,-1.1301268544133007,209.4945967547569,140.62356320343687,0.1146650005075389,59.13383214983999,2.8709764865124336,136.15546645904035,0.6151786430609363
2023-11-20,0.175771522168994,-0.5352278058700136,-2.646870596515882,1.7904922969003922,-1.0151525894750382,42.40741352390351,71.37773781637324,5.140867417232189,208.86506298724456,140.47381341155813,-0.2297497918787329,60.47482886212563,-0.2401281517982522,118.79807317677518,-0.09953815084933382
2023-11-21,-0.0480929922378238,-0.3157068951728306,-2.562620058927912,-1.390962214913118,0.0573699210635726,43.2717546933844,72.44589637141137,2.5331936109563906,207.5821839706224,141.20253259919107,0.6487191876329299,61.59040546372353,0.40975407448171863,104.56768235944158,0.7654266458899173
2023-11-22,1.7942752530599742,1.6364218054735589,-0.6402138029215418,2.8374969142448125,1.76541945771728,42.94575628556076,72.88540621312585,-2.276362487671217,208.7028704762892,142.63645490022523,1.3539223010341663,62.46390455959184,-0.10423198285012214,120.53494611193653,0.6445223597798915
2023-11-23,0.4027901017156446,1.221001004452424,-0.20541301105982,-1.7253325839679643,1.479355253551629,43.41853056530184,72.70216002039504,3.953855646539173,207.54061143857933,143.85852880182247,1.14207390159724,58.83898255448753,1.0080615770487684,105.34858188823841,-0.06501833450291628
2023-11-24,0.8300248607756011,1.440525363001813,0.6348825002687721,2.1240242987515745,1.071698921804988,44.04712699433648,73.4653556904306,1.3713587298386334,206.31281332882463,144.57927907678504,0.640750274962575,58.923299119289936,3.230078436267423,103.68588053113073,-0.210533030550053
2023-11-27,-0.2067447356168397,0.5135179458840669,0.3963936396384938,-1.7997629596805205,0.2912701808485209,44.15917912873016,72.11173231987537,1.0140763889644926,204.39532368331305,144.16181101534755,-0.4974680614374999,61.16299951981828,-1.2763404627978203,98.47865669618176,0.6881706576926518
2023-11-28,-0.5853337481431398,-0.3285747752011063,-0.2087597904865706,0.7644884716172506,-0.7093805895132436,43.812965173222615,72.43722790274775,-3.1357006987779044,206.8473882714516,142.73791858223453,-1.5038924331130192,62.09864200761902,0.5633727311893795,106.91437051545063,0.5082365438954923
2023-11-29,0.3072688700933983,0.1429814824928451,0.1089470691311562,-0.2660974836195396,-0.0439313787924855,42.96041800664781,71.93128168926961,-3.0081773331690607,211.03678337197985,140.90617119142632,-1.9117473908082177,61.900247524311276,0.9133358363493923,99.79703153273329,-0.5636570352805634
2023-11-30,1.265970036631613,1.3374607778780354,1.3694697523062114,1.4655431493462676,1.4503313586876518,44.36061674405032,70.60041345275563,3.871989872919048,210.57542713370617,138.8310199391812,-2.1551512522451217,59.01010901149931,0.2766755993285247,110.68705534089129,0.17112645701178053
2023-12-01,2.1997235682895884,2.8684539572286063,3.500719832980489,1.1005662062798875,2.9593055902685563,44.940321119575984,71.19108077683326,-0.7652969818832307,211.235464602498,137.67718824572887,-1.2338316934523237,59.63843067577899,1.4923596607345255,124.86256132456671,0.7151315564890552
2023-12-04,0.3825745350715454,1.8168015136858484,3.70825837640301,-0.4428501196383703,1.7024086760452986,45.65986661377151,71.77539358117139,-0.4834174960823143,212.91149783944013,137.2745776822304,-0.4826105634984892,62.22475440024754,-1.1919791504849235,115.63397379456958,1.0617548804292625
2023-12-05,-0.8036599533243448,0.1047408035185794,2.7191855042585145,-0.4715223635955671,-0.5741152322814176,46.781169472996886,73.0155436238122,-0.2663243593851356,212.45783568622664,136.92561987466303,-0.4289578075673671,62.78022870389001,-0.6919236833407925,122.69793495925757,0.6815866962709904
2023-12-06,-1.383773194396476,-1.3314027926371863,1.1994530346491126,-1.0301314216998008,-1.865969166391083,46.50133517954495,71.06399247298891,-1.6915017562054668,210.6810715848173,136.7495826577839,-0.2560372168791249,63.351192811606055,0.08361644370385657,150.78863167271516,1.450945287294779
2023-12-07,1.5668882783308091,0.901186882012216,2.706368661247466,2.33948684460566,0.7366243616929236,47.31696892753381,72.13148040580316,-1.281236865042541,209.0899470761992,137.21301406038205,0.3834314025981569,61.329102585278996,1.3911052469021954,153.8401849565542,2.318993573779686
2023-12-08,-1.5072828080199323,-1.0566893670138249,1.06376742016516,-3.261897941474177,-0.567149841021447,45.853199584705294,72.34295110095519,2.2056101607185177,212.14881337470575,138.32851400525976,1.0354999448777276,60.14443242828903,1.9355122418293962,143.77878986507517,0.5060017525100378
2023-12-11,-0.3705184903067423,-0.8988631738136545,0.6400605588501598,2.07590496579889,-1.2748881751187018,44.35198575857706,72.52835599746693,-3.0029870103923457,212.40499094078024,139.6700274937672,1.2615134885074468,60.97432377308611,0.43711766954301357,143.6857398354827,-1.2504306271614283
2023-12-12,-0.6101368245205593,-1.0595684114273864,-0.0020792936129074,-2.167065548869727,-0.8324479187046047,44.44849790287607,72.1824206383626,2.057922749889737,214.17898908970287,139.37662771378746,-0.3733997799797562,64.0395965459809,0.48040348166723623,155.00496275082156,1.2593678420908887
2023-12-13,-0.7898507748136472,-1.3196349805273404,-0.7918261037459093,0.835448386838648,-1.1559328695259827,43.87758564702277,72.92006084724241,0.1683260920977795,212.45055831459743,139.53233254615162,0.0757048323641782,63.28234325897317,1.1696805505191357,129.99757591318755,-0.06884955263288361
2023-12-14,0.1374984076582198,-0.5223190826054503,-0.614736390900394,-0.4890878824707662,-0.3364120572299684,43.33547406063754,73.98193383778292,0.6360694285417745,214.7639525080072,138.18695257428558,-1.4253799718660438,60.170306718841495,1.2776507974199274,126.60870193901378,-1.1587958664375009
2023-12-15,0.9818999079914134,0.7207403666886882,0.3979003366360391,1.348715819844488,1.064398952586345,44.63112187650525,72.40144854780935,-1.3253191123562218,216.4177536006769,137.13353365738143,-1.133418916904156,59.71210791121733,1.1942910911444566,134.37233518669706,-0.4323245170716987
2023-12-18,0.1361070928994005,0.4964772762437446,0.5141124127036376,-0.8754297719839655,0.7252470376942485,45.45494808505181,74.11578407048155,0.147871449951857,220.29041803635187,136.45657847486325,-0.7569551825181926,62.46804378405388,0.6151786833489572,124.95917779958666,1.4937200109677704
2023-12-19,-1.0814376775021692,-0.8331990393802969,-0.5930308854337135,-0.4248653485141951,-0.9997734217625288,45.21133785142156,73.23265745073901,0.3221115314312034,221.09373275007687,136.58681856753998,0.0502400926767447,63.9286403572779,0.67657460648945,125.19665642940477,-0.11095618870299973
2023-12-20,-1.4257062898402997,-1.842305809530448,-1.9890856310023275,-1.1070572784546533,-2.074568896341601,45.69338768621213,73.06673747467914,0.9732725174689418,220.09736675466976,138.15523684363535,1.4884182760953764,64.64822565368459,0.6990608142236308,105.24508667567177,1.36588239471142
2023-12-21,1.0944187141033472,0.1732658093381232,-0.7952126353488638,1.9247116729443368,0.2389949401991674,45.883011093936375,72.19384076692636,-2.48996308050339,218.1046929331372,138.8065986267131,0.5713617830777412,61.656064770799375,0.7928895375785021,108.95687148256725,1.4857580519578804
2023-12-22,-0.826712975730977,-0.7400800710619154,-1.5821649793123975,-2.27024673043923,-0.1700617472689687,45.661243637713454,72.55946278143765,1.75502064696877,214.3858239330996,138.4372177894316,-0.4493808372815002,59.79119846459689,0.8184776012182402,107.13676065234523,0.07909055337955806
2023-12-25,-0.4792173011114846,-0.8492573366424423,-1.9822740314582623,1.223467746717938,-0.9752450865500708,46.50356479343394,73.87472611507826,-0.8160566909509954,213.64512008040532,139.21459026275153,0.6973724733199204,63.07773605927988,1.241933566733407,104.68146474817499,0.6096922752259957
2023-12-26,0.4181203625053821,-0.0065083058158389,-1.465039967379967,-0.4994804475330713,0.1305899818384913,48.01348114644684,74.47166304042585,-0.6842406276557662,214.4605190656657,139.7015744462924,0.4069841835408826,64.76511700443274,1.1431814345458344,106.97755835281288,0.8364766471548393
2023-12-27,0.0833144328124577,0.0800602799045382,-1.308473536198511,0.4579247684622612,0.334186650315687,47.99690277777306,74.18717275317505,-0.8379065184986496,213.99009689751944,140.7689812532475,0.9874068069550732,63.72305804866482,1.8491893377209756,110.30326504869916,-0.925167605019773
2023-12-28,1.123773335398916,1.1638034753511852,-0.1192765239896691,0.7803297590522201,1.173761995086391,48.04342578333181,74.33392060794934,1.49888306642755,216.407658196183,141.15617985804982,0.3071986048023413,61.36144151852161,0.9800998910810262,112.49435207950032,-0.2946232522777663
2023-12-29,0.3933870748531264,0.9752888125287192,0.2800743770629408,-0.1918602444360386,1.067651076092476,47.96535368484279,73.97570953644079,0.3499374976350471,216.10946926736915,140.1672198368405,-1.0689600212093118,60.47792069588787,-0.6611023602369159,126.15328275776231,0.6867222312909789
2024-01-01,1.0815348122680597,1.569179218532419,1.3476054704778533,1.2254299955950885,1.3175670571799354,47.13103003370357,74.08624875213089,-1.0682407023391138,217.2525856820526,138.29373923309353,-1.9534806037469803,62.241142051037315,0.3357431636020375,118.93619672850393,-0.8365940082425638
2024-01-02,-0.6458551613783792,0.1387344478878303,0.6343700355755815,-1.5649276580746956,0.0030657259824564,46.40249895382763,73.45942167110256,1.0941257110665483,217.8961360829172,136.14315391933212,-2.2305853137614093,63.55861306248656,0.09571147045574613,130.96145400824324,-1.2065039419461812
2024-01-03,-0.4629015053471934,-0.3935342814032782,0.139750028449609,0.7107942382088281,-0.8504146021742209,45.94357464648628,72.98044253264918,-3.3465590976345907,215.2874779733256,136.71902141919065,0.4958674998585093,63.01315642392301,0.31917933398804554,149.8657304607513,-0.7099016247418106
2024-01-04,-0.1325237132352681,-0.3292908539369072,0.0002388137918603,-0.6656193918918892,-0.4102646164435841,46.05192096872084,73.63771392567091,3.009066088923248,216.01696613982355,138.10359050739183,1.3045690882011876,61.42558107229075,1.6091057627550573,154.86023001129536,0.06413955376913805
2024-01-05,-0.9930428283690104,-1.157688255337464,-0.9928159552667428,-0.4938282844500933,-1.0725570563101712,46.84434412470458,74.30338531372088,1.5074363614587123,213.24529042339245,137.43853061429382,-0.745059893097989,61.821021656594446,-0.177451275195041,140.4132310035132,1.343100960706579
2024-01-08,-1.319158732756582,-1.8980028604253136,-2.2623338902599874,-0.948787519419012,-1.914984429777988,45.84397592941871,72.17345563764754,-1.3349510501642687,211.7717980981037,136.0504295028907,-1.4681011114031337,62.36385517193894,1.5963988501094426,139.3833047699428,0.12271312090162212
2024-01-09,-0.7835891952101193,-1.7325906254227763,-2.9328063909571074,-0.0719985556458603,-1.5750844348640682,45.91294876598259,72.34708822468654,1.396010962677025,208.4168666104121,135.98133010013743,-0.1490994027532777,64.17061161524894,-2.1373714582232606,158.0932580216108,0.6119985527623868
2024-01-10,-0.2660475276111076,-1.1323428403224958,-3.05221359902036,-0.2120486108767123,-0.7362010447371792,46.72190410977686,74.3644615271911,2.208761607426707,207.9660046687875,136.5742561196971,0.5129260195596768,62.83246076571741,-1.2546820984232803,147.15974768573943,-0.1806956582056003
2024-01-11,-0.4287590993770782,-0.994930519538326,-3.32836201844642,-0.2697226412195439,-0.5883876159437428,46.515046991193806,75.0100042363172,2.7372451785153045,205.68346923388808,137.95164669226955,1.297390572572463,61.742114607824895,0.7181077725053899,140.36187432767008,0.3165335355341483
2024-01-12,0.5792455450664928,0.0817802852973297,-2.582698372457606,0.7815375259811508,0.3219900854402459,46.94286515724136,74.33729826774422,-1.4887186730703188,206.4537686088713,139.24589906549355,1.214252373224019,61.2643587579422,-0.20952774536352847,140.77975072951295,-0.5566628986522488
2024-01-15,0.3061005023743595,0.3469906450230244,-2.1474629514603656,-0.2800526421115035,0.6536478294142553,45.34027470442856,73.97031259827442,0.6557469377320609,209.0763646896232,140.1305025141437,0.8046034486501049,63.57798109152991,0.6531035454718712,137.8099523540895,1.2141259195909697
2024-01-16,0.942199300948784,1.1156946234602962,-1.0978905029385635,1.1522387825324116,1.1258596023733995,43.3024399229658,73.64096023523174,1.6778312703835976,210.59110962781705,140.4700534952637,0.259550981120016,63.98350506673046,0.6615946786597655,117.06119291294988,-0.18710654851848574
2024-01-17,-0.948355558039322,-0.3905082463091738,-1.9913515358309573,-1.8125346449386304,-0.3830359774700516,43.071951575639766,73.19336300968833,-1.5464511611678764,210.83351849721365,139.51649169267648,-1.0335618025872313,65.16435861114648,-1.3220525447213767,122.58885206758995,2.3318978454290757
2024-01-18,-0.362747486156048,-0.5580016093106349,-2.254531445195457,0.9966534975479248,-0.9317608209796412,43.90672044607055,74.172634976284,-1.9318089021118188,210.3092095262233,138.91943447074598,-0.6770572219304932,62.09312987783306,-0.2466855584902019,114.20316901270742,0.3510152700081619
2024-01-19,-2.3942491994160067,-2.673250004071324,-4.536054072351691,-3.1417393225769503,-2.611897691109636,43.75487384505736,72.97762293644674,0.7733185733699862,210.28775181286105,139.36295292804112,0.3635184572951405,60.52722803057697,-1.2125040191537797,120.49984200898336,-0.7371307273652263
2024-01-22,-0.9986903222506772,-2.335315324286339,-5.307941690984784,1.357614169682036,-2.435239841900281,44.44636990948686,73.81407979261435,0.1185543940438128,210.4262491449619,139.293855802363,-0.1490971256781265,63.68128221896261,0.5530594092628778,106.22095478266839,0.10330112743270092
2024-01-23,-0.1580407252877679,-1.3256983874309376,-5.200585331723312,-1.176251352549295,-0.7572549186381742,44.16316752422879,72.61923686779201,1.2352132349099116,207.9843772023583,139.5803897535589,0.2065339511959274,63.409253433828056,0.14539373041134618,107.96459695818815,-0.5742516329024028
2024-01-24,0.043342920244157,-0.6195062734713117,-4.897213144892989,0.9255314346561284,-0.0514815149285036,44.901212754446895,73.73608717375815,-0.538476549701382,205.46410998792436,140.87153567968335,1.2111459261244208,64.00253383966104,-2.237124566772764,102.20949675637063,-1.161824771485442
2024-01-25,-2.445831249364093,-2.755584386099749,-7.098183737012432,-3.139979825356189,-2.419825497217599,45.33786495746155,73.4629031818818,-1.586186684373076,205.9179070519102,141.09074507386651,0.1392093941831595,62.185091173146496,-1.6688846606906187,109.80603553355151,0.091961295313439
2024-01-26,0.5154652379261894,-0.8623269551236851,-6.22780931223562,2.870450106943331,-0.9520335116922664,44.02022868322804,73.27641334772325,-1.0090905600131843,205.2659819010131,140.52741186695735,-0.6433332069091477,60.98918523411564,-1.7502319356763003,116.05859735908581,0.46195720353866676
2024-01-29,0.4399651856966647,0.0088017081348221,-5.476453660927174,-1.7128723945108335,0.7492443284523783,44.70411654710627,72.86734421873733,-0.1315003866732755,203.52046908940605,140.74474034956705,0.1373284826096905,63.53241202863204,1.7098830833758096,128.0692211626216,-0.14887019033056959
2024-01-30,0.261741931584729,0.2661427856521401,-4.9408890462960855,1.5463962274678544,0.5257210430027278,44.27079397511359,75.00434271456625,-1.1412077067311464,199.5235269879049,141.80489709508456,0.9801567455175182,64.08045539185039,-0.168623697586429,136.2144055432767,0.671201958022337
2024-01-31,-0.6183573821206547,-0.4852859892945846,-5.312201976101936,-1.7781545527215457,-0.4613122231698173,44.766851208741976,73.80969949558862,4.386443325272434,198.72569865877296,143.08406332139236,1.1991662263078011,63.24754575561214,-0.4836367519446916,140.95250428137427,-0.7549880840489038
2024-02-01,0.8956049990166356,0.6529620043693433,-4.150986878280204,2.229220913557795,0.5245905697442428,43.33758698905614,73.47461911261243,-0.3841785514843706,197.80737751003895,143.03908594118042,-0.1249773802119522,60.313075490744055,-1.3452751049945726,144.51028126432584,-1.8720156824024414
2024-02-02,0.4048382334601407,0.7313192356448124,-3.538599300906053,-1.2670774517082055,0.942201232870122,42.49086320351425,74.70999245113973,1.717628187663585,198.5662926748694,144.19256535530636,1.0734794141259565,60.660215181855165,-2.4236109070660623,151.9519133401152,-0.32897005226047327
2024-02-05,1.214269588946132,1.5799292067685382,-2.147399746914618,2.1645776777272863,1.4571725290222164,42.117220094403365,75.92177473436573,1.2637372131979678,198.53112508384504,144.79274439503246,0.5201790397261173,62.16443520000077,2.4028410983591284,152.0463462402857,-1.3679768286312708
2024-02-06,0.7599575682995294,1.5499221716837983,-1.2800721912693576,-0.8634756899959353,1.4885193216672086,42.26593135482774,77.92749624163054,-3.5739266570793204,198.8368026404384,143.43912355706124,-1.4336208379712274,63.23043150120899,-1.3667872964725907,139.04893007838731,-0.8500238906414026
2024-02-07,0.5975630126077296,1.3725240984496287,-0.61850556909816,1.245169780104681,1.0535375535874472,42.722674834003264,76.39407706413614,1.0653002025865168,199.5796805304966,142.12597871581912,-1.393144841242118,63.038303653222655,-0.9583568245745149,148.5910350350753,-0.2092421023894815
2024-02-08,0.3278100260495817,1.014072075274396,-0.2597702645936703,-0.606067309028929,0.6863478336142195,41.98343630222592,76.07655877531755,1.1076108310872306,199.39734255677627,141.15362069958616,-1.0523580162329615,61.207364272716674,-2.0303841132857716,165.5229321014651,0.8942887819726195
2024-02-09,0.7008633410487827,1.2078993786859806,0.4540815896847959,1.1554138228204796,0.8975493566785318,43.49289567984889,76.05142685263648,-1.308939525635463,201.11349216294337,140.56289741100946,-0.6707232885767133,61.47723876158015,-2.1610944523362208,125.61209522137443,0.8170235797249887
2024-02-12,1.8136567160410857,2.417606405384076,2.245034226241642,0.947096348925726,2.2341747206703557,44.4646954201209,76.08676394790004,1.4962503407233447,202.47282134170544,139.4484045908217,-1.1944928201877656,63.918371129652705,1.0208554522101967,132.06089077475048,1.753935929651938
2024-02-13,-1.158692582344086,0.0501106203479517,0.9740899325854736,-1.8690148440383807,-0.0704985527194348,44.78153480346649,75.87922952614647,-0.3468222782077701,203.6286604577485,138.00780769944242,-1.520596891379276,64.32095646009233,-0.1267146838711437,114.29784478683995,1.0905249588833428
2024-02-14,-0.2877636921103333,-0.2627083819363575,0.6376217438458665,1.1139974409184523,-0.9829792415167852,42.11077389260674,75.65812416246877,-1.1255000038433538,202.978417321334,137.70468686896086,-0.3831208304815405,64.42097113529424,-0.5494279733948146,123.1826029815167,1.3826674820715823
2024-02-15,0.9722245772047056,0.8408703862365268,1.5779652338582788,0.1367264965158663,0.7995663619385056,43.16237722199263,75.95637599074446,1.150163016994529,203.28670903115415,137.6438280877461,-0.1408587812147697,62.36921002817667,-1.3304970958225057,115.02813536625207,1.1618457554599928
2024-02-16,0.2988211087775144,0.7192563018957778,1.7978880809428792,0.1962762363906146,0.8821558551003377,43.98617886561816,75.32274359191958,3.1246274646335674,201.1935694904805,137.07774775685468,-0.6460803308914208,61.97794557796434,-1.2404665177137022,98.41020325139351,0.5007068163841879
2024-02-19,-2.773039410110535,-2.413411259162646,-1.0650457332148,-2.920246587403496,-2.5937467448440263,44.02459558350964,75.69220270571005,2.496958025539109,201.01783207040813,136.36052733755753,-0.7972204192971579,62.2485513322163,0.04018459336729141,119.78968337893089,-1.6698197974364035
2024-02-20,-0.989360400555938,-2.1960660301372608,-2.0011538471099977,1.200824539996684,-2.653184046622259,42.10047381656854,73.94587784257182,-4.409792732956633,203.17722846463136,135.7751829562085,-0.6653443813490164,64.78951065914602,0.5653329559740747,97.1687765435965,0.4685541990536848
2024-02-21,0.1610968772834861,-0.9369361377851444,-1.7399992774710116,-0.7395215277140269,-0.4325193630500766,41.457756122309895,75.03098280178634,1.005718618962492,205.06596822936228,135.5208968133512,-0.3342861428573094,64.47623227520084,-1.1654907377442505,111.73418794138486,0.055261139906605194
2024-02-22,0.7463267739011498,0.2778587050085776,-0.9066725396963112,1.30096791968667,0.8429849002712414,41.94019749793791,76.94542628568772,0.2845121517639672,207.69557889429092,136.2968242737444,0.6959274603931827,62.26112843201991,-0.8292871957247262,99.56726077644558,-0.10808159615675805
2024-02-23,1.4966227697242112,1.6355521222285,0.6352838570127155,0.5208968299592087,1.944418834064901,41.3848063667559,77.17103985802677,-0.174642614130327,204.2947822199311,136.39653909688664,0.0197148231422549,61.276671541686525,-1.3236343796945576,112.77483591144812,-0.701274036277816
2024-02-26,-0.1397386395637216,0.6780374215505283,0.463781024598358,-0.5304112620331282,0.758235022270805,41.83423656159541,76.26203180633007,0.0217083508155196,207.30793588490428,135.56352472183914,-0.9130143750475068,63.394926887849294,-1.47185896270543,114.60153576413904,1.1463755556329929
2024-02-27,0.6761949879904829,1.0152136987657472,1.116786961358923,1.074003434515329,0.59235180425225,43.19492401774188,76.11428975129917,0.5885352807761054,210.78436842927624,135.39191914487412,-0.2516055769649921,64.13947944372401,1.3002601607596513,137.48895117821263,-0.650031215422004
2024-02-28,-1.1476832390150686,-0.640076389632195,-0.0867356257240918,-1.9531858149015653,-0.7419662462207789,42.50846561942772,75.1555628587366,2.2640143316127337,210.6103959747328,136.5781149403452,1.1061957954710515,63.15117010557543,-1.2710120860074876,143.55479292892556,-1.3250621696254115
2024-02-29,0.4164171882541506,0.0963789934380531,0.3340183438162634,1.8813065494303247,-0.2721927551548905,42.09536894817167,74.87578796495079,-3.431707533146692,210.54548141442123,136.6094786029402,-0.0486363374049872,60.220336648453866,-1.0204370272483099,146.67191841764955,-2.0407917835660427
2024-03-01,1.2987691944822108,1.3469586912012377,1.616086621107661,-0.1122107175905327,1.5486195074347011,41.06431313895113,73.99949926719361,-1.849607362080113,210.93497757243605,135.9444038211751,-0.7450747817651153,61.741740305348166,-0.4836087119962583,150.05419160034563,0.46506876366164107
2024-03-04,-1.0246351108718297,-0.3511557652712109,0.5106471791804481,-0.9404770726789302,-0.2453735941825031,41.129280767091565,72.80735923387681,0.87544958749757,213.59909007256016,136.01854174804623,-0.0058620731288522,62.93249701374074,-1.9000315547287738,154.37422574584178,-0.4624298741085511
2024-03-05,-0.0878440608810058,-0.2634219435166113,0.3972707593404198,0.6175137436281919,-0.7026251274041037,41.67536895868075,74.65160179679783,0.3949237168572057,212.16354918926265,136.64375152942955,0.5452097813833239,64.19966681885316,1.9442942275833064,171.541830665725,0.0601873751291464
2024-03-06,0.0206291391992858,-0.1110818325590198,0.3980363605726846,-0.4425061685218581,-0.0320772973293176,41.82047560759299,74.12261815420874,3.1662087616052785,210.336264654801,137.66888128156882,0.945129752139262,63.58833008575359,-0.11961870455003787,158.41214581662962,0.4371599801781585
2024-03-07,-1.0226021693516836,-1.0781430856311935,-0.6444676268076333,-0.69072254296029,-1.010224685832112,41.489065347586326,74.71642467583096,-3.9283535211057337,209.60182998604623,138.2785539434422,0.5296726618733938,61.1179953679687,-0.05128570729715343,139.6303114737235,0.8976587195148369
2024-03-08,-1.0427162997003736,-1.5817878425159704,-1.6549605451676253,-0.5246743924801561,-1.6562776013113836,42.53046459182974,74.30713079952784,2.3887151551622376,212.12455274878872,137.79169300363773,-0.5668609398044937,61.003805890496,0.19059208739364542,129.95213107597667,-0.7379344148521696
2024-03-11,0.5654028432824088,-0.2254910779755764,-1.0068096746268351,0.958908637642526,-0.0602269365378154,42.9924829613728,75.5691792393553,2.435466133693913,210.6522303377128,136.7229863636667,-1.1487066399710142,62.3506176462464,-2.3543546213916278,137.20177762358333,-0.581879367494345
2024-03-12,1.440435371227425,1.3276898322396369,0.4839661803319316,0.7212538929955306,1.7796770771968702,44.34565818026821,75.63405084518728,-1.4110195466488924,213.7454449989137,135.73287543372498,-1.0701109299417304,63.49363594040766,2.4065232893116333,130.71765937019524,-0.7060308784455032
2024-03-13,1.3859424263983648,2.049787342518183,1.8457102977137,0.845002006651717,2.25020364913482,44.49359007708411,75.84980071389123,2.1475061954622627,210.50712238991517,134.9969633529882,-0.8159120807367843,62.649499617116135,-1.4545612032268915,123.3849211555241,-0.9388304686374553
2024-03-14,0.3963142721505676,1.4212079434096592,2.1497390549785824,-0.2374372328382201,1.2278797279895866,44.40261845207922,74.02789686790695,-2.240254613623656,208.76930039617528,135.2559336516332,0.1789702986449932,61.152951039742405,0.9642952277480209,116.05441764981516,0.034955671773701624
2024-03-15,-1.397261726545318,-0.6866577548404884,0.6449903756843351,-1.219183801916653,-1.1594731632549775,44.85286670081791,74.0315022041338,-0.9785824228811156,209.784208550266,135.86932649721257,0.5333928455793598,60.30769002818626,1.2456656431091235,109.56946862174917,-0.696115862309739
2024-03-18,-0.5044462149357386,-0.8477750923559828,0.1082946419643797,0.4099416365017511,-1.3428032508629295,46.38416229699298,72.73353220182916,1.3221902752484638,209.3795613033664,136.36403407864577,0.4147075814331933,61.00962051679662,0.015739612581300078,111.65128248680792,-1.3409971294497751
2024-03-19,-1.5320326510483466,-1.955920197226338,-1.4291527411821858,-1.83948887842466,-1.8347003800097896,45.83301414183947,74.80115465965987,0.0564056394896923,209.44177618061727,136.34849479821136,-0.0955392804343958,63.58564706041101,0.4941591631068576,109.48503609730395,0.09201112000335598
2024-03-20,-0.8526552598558924,-1.8306153584690612,-2.210350363978969,0.5269613989626024,-1.7718748504849002,45.58399307961917,73.72218400631363,-2.375372020149867,210.0813799529799,135.88751502918743,-0.5409797690238906,62.1834202476217,-1.60866195549991,122.45957894954552,-0.4660793694944374
2024-03-21,-0.55081371463998,-1.4661213938745106,-2.65064656042,-0.9460347638619316,-1.0624068705535152,46.11236979029686,71.72570761283102,-1.6352111210433993,210.1618269117399,135.5636031616213,-0.4039118675661793,59.88638986435575,-0.8240829835882674,128.3324654761281,-1.2665611753866557
2024-03-22,1.421827196186451,0.6887664992491958,-1.0962870362125492,2.1313532690829,1.091338967402463,46.4846569703908,73.8589379157903,-1.6668675072672945,210.69555705807272,134.80914495816734,-0.8344582034539395,61.62872095084744,0.23099127107776019,125.39784262181922,1.3210309226611798
2024-03-25,-1.199435673338101,-0.8550524237135032,-2.2409083577400226,-2.797950625150276,-0.3463393556262305,46.81277964992017,73.63527778135268,-0.9695142887507698,212.61197771688865,134.7180315225827,-0.1711134355846557,61.86011859206922,-0.13001311915748986,122.23713930595471,0.850498075272597
2024-03-26,-0.3290112695649702,-0.7565374814217218,-2.457874209417992,1.7694516992977367,-1.048672673567831,46.2644019753357,74.53708557004516,-0.6162969623723504,212.10199367644083,134.4640704822523,-0.3339610403303839,62.389427856572865,1.0008866569316546,136.1764830824738,-1.1962192038381474
2024-03-27,0.5598138912845275,0.1815451505736666,-1.7751666076625645,-0.7672748831887751,0.3624071295455454,46.829829247094445,74.85309993614933,0.2241704420275021,212.40077933753065,133.96957160564511,-0.5744988766072123,60.69398460775018,-1.1117035943945655,146.10327554044508,-1.489435639871516
2024-03-28,0.7089538769916236,0.7997264522784568,-0.9774544002878124,1.284410039383205,1.0448422117623402,45.56612736721667,73.74512910439387,1.9116586453487128,213.49221011724453,135.09515706440635,1.0455854587612263,58.36032011686296,0.16211685352036942,160.61505853176274,-1.526069747492791
2024-03-29,-1.0092596730684686,-0.6093964469292402,-1.9378413533418903,-1.9725672026058725,-0.5838873468734944,45.20979315788752,73.22523522249963,2.776998654802288,210.9517533560362,136.06102410798894,0.8858670435825993,58.91120455643214,0.7302195147174191,144.29858294570434,-2.7175163944152985
2024-04-01,-0.6912952385825429,-0.9959934620471632,-2.532244524257339,0.7881301633718613,-1.296851042423624,45.58571283801575,73.76875170682403,2.082536284416711,210.08778871180195,135.8074783495826,-0.3335457584063265,60.155674275685065,0.03818257413048229,146.21636247097575,-1.704444316384155
2024-04-02,-0.4607296154226856,-0.9587263464462672,-2.8663619134671574,-1.0518272379515816,-0.8755067585722114,45.09535844306278,74.91350550597743,-3.708191543622225,208.9658587200854,135.77565431650032,-0.1118240330822986,63.095995607236034,3.209153832900886,162.65510695975846,0.7065677506631687
2024-04-03,0.7139395057108342,0.2345763324877006,-2.009104312082965,1.5028099341745205,0.4375017364572228,45.355582177011904,74.5077188998936,4.72781659726041,206.95033431060796,136.43340908794443,0.5777547714441353,63.435778517326256,-1.2369827000507057,160.86783760707127,2.7417939095760744
2024-04-04,0.855173766933552,0.9724619331774024,-1.0534753295452652,-0.2719336836973385,1.2835374703600524,46.427096255971605,75.7248352639565,0.3886722674097584,207.8354521162699,136.29770397803395,-0.215705109910502,59.98413460017392,0.2038948226179514,148.72366692826654,1.6238144833109587
2024-04-05,0.1962838645804138,0.6825148311691149,-0.804517698487588,0.4002341273534177,0.7093881247405449,45.79080057628911,75.18444417954946,-0.1998065695217324,211.83747678886752,136.19839096732878,-0.1793130107051525,59.61077363713026,-0.82397289032446,144.85411747358094,0.6995690806981187
2024-04-08,-1.5063957941200368,-1.1651383785354792,-2.2706876076832456,-1.8065713896351,-1.3886254753717884,45.49919638100343,76.69309874197536,-0.7782511513660231,215.67942761689795,136.2252561755987,-0.0531347917300893,60.70900546191054,-1.820005681201675,133.82743695216053,0.5533311862254777
2024-04-09,1.2825809116228906,0.700011722355151,-0.8745723156761926,2.637509453849216,0.3787434351508685,46.052271376973664,76.35115002331621,1.3265927084488736,217.83183032439948,135.58558005098405,-0.7196761246146414,63.38958243390948,2.424189212137496,124.83569718502237,0.2935868266734474
2024-04-10,0.856356919673219,1.2063627808507946,0.025513219780836,-1.1217751707136927,1.6259054666469537,45.88246667428206,75.74241091096059,2.1187267548317146,220.37460439253067,135.4790560520471,-0.1865239989369736,60.51003383842101,-2.087883999297196,113.32836535342867,-2.9257446789052466
2024-04-11,0.4717245586502142,1.0749059490756114,0.4959621174420084,1.3130559366854837,0.9855387104541456,45.07930421595618,76.65377698794481,-2.6636783498426166,216.14939192481003,135.13432076068904,-0.424735291358053,59.24355990460443,1.807986941460046,109.80158549335337,-0.7405746955694852
2024-04-12,-0.4458785265746247,0.091574447963181,0.0252854849952833,-1.4306704790887377,-0.1628437913844961,45.36457248475671,74.79586219686243,-2.999715088708895,214.5793956341641,134.70339935424434,-0.5109214064446888,59.062960503794386,0.2588164172097318,110.41398921671072,-0.5478131333358718
2024-04-15,-0.7793452650875372,-0.7335580411059467,-0.7553240543420181,0.2936575942290158,-1.046872381032312,45.29360855876802,75.18189182240282,-1.801491929959208,214.08371608794204,134.31899254382654,-0.4644068104177904,61.48020404791166,-0.5616937578674549,113.05781138525424,0.7711985860011197
2024-04-16,1.290533460664176,0.9237544401112028,0.5729756090392589,1.0702902649924142,0.8229263016116537,44.94473245709251,77.15346157550124,-1.2735967225454077,218.16264372265456,136.00393625076606,1.6049437069394985,61.76769926309801,1.908241849328306,118.02319120174424,-1.621883170811472
2024-04-17,1.1156755271243572,1.5775527471799586,1.6600023557116532,0.3129578283800466,1.8899956035228629,45.81661867969508,77.96159833582367,4.366490499499897,220.872750972448,137.83096759834964,1.7470313475835992,60.46983411800294,-1.404076971995717,117.21675505075972,-0.040199720418065965
2024-04-18,0.5581572255878251,1.3469335991778044,2.1351594635138955,0.3234388543027902,1.2275625418624394,44.941554236450976,77.82051196325065,2.73989496578727,220.8114453739703,138.52073153289018,0.609763934540523,59.411790240784256,2.1561128309024142,113.92614711090114,0.16823033617982475
2024-04-19,-0.0746338275137739,0.5988329720751282,1.953767662824427,-0.3172129682408666,0.2602605078389211,46.150632003518936,77.1847591670818,-0.2974916086265171,219.2655222367239,137.50558956270356,-1.0951419701866112,58.05461048742417,0.9122273377953507,122.27316972177789,-1.0083500163702155
2024-04-22,-1.202641244703232,-0.903224758665668,0.6534380349799735,-0.964731518522582,-1.2474215412114964,46.577144967545294,77.02586334624098,1.2303522103308977,220.66037556311665,136.3994658631287,-1.1861236995748523,60.690577995081476,-0.6261311587155621,128.19215139955486,-0.7896260528301866
2024-04-23,0.1668965717510074,-0.2847158075818265,0.7876627049819822,0.8904452106429439,-0.5546881750709318,46.40837553197832,76.42742992155469,-2.8858514335340906,222.00011115820027,136.6946962440495,0.2152303809207998,61.027115595910104,0.5791328513372153,140.4029038492141,-0.7405836671879058
2024-04-24,-0.1818280572449801,-0.3241859610358933,0.5664515124879028,-0.8496619652271882,-0.0816901141943756,45.83842987775655,76.33997112245574,1.834731933464744,224.11804210679335,136.6789091310415,-0.0957871130079916,60.03151737406056,-0.7750940771678296,137.19928455431446,-0.43831674394238007
2024-04-25,0.595429767550801,0.4333367870328543,1.1335587044143085,1.232676241471192,0.4863329332038129,45.348847809224175,75.916358128649,1.8502774409688991,225.82828479412592,135.98828133278062,-0.770627798260912,58.759521651209575,1.4649215945813965,153.74910875719715,-0.6522685895746818
2024-04-26,-0.2502328063403508,-0.0335644128239236,0.8266479628532423,-1.1747399874437447,0.1070250541901297,43.62704140348167,75.13973542969372,-1.9877104344051129,222.481148477479,134.94768172449358,-1.1205996082870298,59.37401804573099,0.5036309066984357,161.8373593711588,1.3194075583068212
2024-04-29,0.5680204785909498,0.551238272178988,1.35333604330153,1.4490754691737584,0.4178807947867393,43.63401801641679,76.49541271110257,-0.0768134945764137,222.2720875944044,134.28698226973938,-0.7406994547542021,60.50045479194675,-0.9886331684211934,134.70130309798122,-0.19012320313472486
2024-04-30,-0.5926512129846538,-0.3170320768951598,0.6930180281517996,-1.6794578148649726,-0.2518389258300839,43.20991304132758,74.76197730520857,-0.4058595440887471,225.31860129674865,134.34838135956758,-0.018600910171792,60.98575125193782,-0.2509935846087202,153.2240477966208,-0.04136434397228328
2024-05-01,-0.9676243859091432,-1.126140424356723,-0.3092572591649335,0.2919689752395862,-1.3232151136999355,42.612029293459,75.27148605425282,0.3517322471383623,228.65181181777572,134.67760102645516,0.2492196668875803,60.32190422841472,-1.0376415532223386,158.58273638383358,0.29038685435416056
2024-05-02,-0.939334677992594,-1.5024048901709557,-1.2331290741992809,-1.1583114094222835,-1.5199093095380798,41.77405548048548,74.49539951453195,-1.3181994828618504,232.02424478001,134.2203705427714,-0.537230483683752,58.60445546380088,1.7354319455807592,144.82902608395545,-0.1550661874086927
2024-05-03,-0.100583699706522,-0.8517861447919998,-1.2720563201958388,0.7681498573601906,-0.6641845065020784,42.20607078379472,75.03427811395755,-1.3718422730415432,228.824290509345,133.7549146909141,-0.5454558518573172,57.33899486330677,2.3529344723146153,142.20982343123595,-2.0350231824242186
2024-05-06,0.1501219759366727,-0.2757710964593272,-1.0583315282493742,-0.4259904170834702,0.0897717561127594,41.70538788986885,75.3782817648229,-2.214685218992948,226.2166707619284,134.26702475745753,0.4321100665434254,58.94909202459531,-2.6341166379740812,130.85040196386757,-1.551362767351442
2024-05-07,0.1611480012045127,0.0232624529748491,-0.8442669506323925,0.4806408140171154,0.2512211867665164,41.57800188046178,73.88582781344753,-2.179923771157512,224.9508892538994,135.4513076689678,1.104282911510299,61.99187510276327,-1.3336852977624527,136.79105622596563,1.0061238508254462
2024-05-08,-0.9916883426310048,-0.9800571161435802,-1.7937419457317776,-1.3521689531438412,-0.894999541908297,41.39536975436241,74.09141802952956,-1.7675804189043518,224.2279932287038,136.2744158932237,0.743108224255876,60.13459329539691,-1.1656750462508005,116.82523237512902,-0.18731093301781243
2024-05-09,-0.1330139532455384,-0.6230425113173286,-1.8370688016907275,0.8811127616123425,-0.7280269588241413,41.11226128659915,74.57569882196557,0.0460549274954055,224.24827894691424,136.29452007616865,-0.0598958170550359,58.59274945766848,3.486949777410989,126.6729679954509,-0.011706006132399693
2024-05-10,-1.4718223451909629,-1.7833436008496273,-3.2170377067971536,-2.13265691640022,-1.551630717138286,41.41195257528195,75.8002711834723,0.6539975942943227,225.01701582496315,136.53927890424518,0.1647588280765164,55.41233111356912,1.490822161164522,112.02853535045648,-1.9266637497376564
2024-05-13,-0.9432856107055402,-1.834957411130354,-3.999471432162836,0.6562070765946245,-1.826379017820118,41.074915283056,75.58523864899009,2.3311976589176298,226.07094946777625,137.72369698775674,1.1044180835115818,58.52401356397559,-2.4555828388858805,112.79191968003269,-0.42507846061971577
2024-05-14,1.1487541213148396,0.2312754157496626,-2.6507437392398545,0.6565988138688712,0.5827827548915154,41.46199862607684,77.15594901401589,-0.8920105189232959,225.9100919202243,138.059736975505,0.2560399877482273,61.17582231673968,-1.3520605377692483,114.25377164779626,-0.8160527860235831
2024-05-15,1.48857950840419,1.6042172162790211,-1.029627043873672,0.9961303980025366,2.1778319811930937,41.34602763247359,77.4506311074059,0.750368480297443,225.6508180686172,137.24739141074596,-0.8923455647590225,60.9250046333181,0.3510385645888102,116.33624551340607,0.7904113379211921
2024-05-16,-0.8256588534896638,-0.0235502453501532,-1.803804545169652,-1.572756651991566,0.0674888515528501,40.90099451795432,77.6351267339562,-0.5955808393010228,225.81371471922864,136.77096906431382,-0.5564223464321401,58.009053147824766,2.1834116929930953,123.43494569874403,-0.5836963098437167
2024-05-17,0.9471401236246306,0.935365000949554,-0.7664741942865387,2.126707612618305,0.4517448115308323,40.73296713495604,75.95117741166405,-1.2892059260332835,224.8256225847094,138.17258759222693,1.3216185279130923,56.181705702191955,0.7352684334806954,135.45540299206058,0.7693745886228385
2024-05-20,-0.2696764889136159,0.1980060115611611,-0.9978269734858276,-1.8647071983773449,0.2986075852611624,39.74610926229,76.36996000366072,-1.3584363873617349,225.22094342854768,140.02792912118767,1.7753415289607548,58.76643788023817,-2.1439463148162137,136.94372000104414,0.24242431626257854
2024-05-21,-0.8616176499704674,-0.7626146441898869,-1.809553274782004,0.536912748812541,-1.023423543318637,38.8623903134072,74.94722064990239,0.2684028700821394,226.83726903966067,140.10472676699044,-0.0032023541972464,61.13288348031161,-1.4862924324437092,141.16100849026037,-0.04293883642807117
2024-05-22,-1.2359509307230925,-1.617258252818036,-2.955026541765996,-1.6386354923324982,-1.7529215207053728,39.299977709048896,75.73622562393824,-1.5698851131771476,227.43728431199008,139.8439859634329,-0.3407408035575184,58.6805297257178,-0.19446633798389418,161.22484755107664,-2.2444749076003063
2024-05-23,-1.290977459074776,-2.099606585483794,-4.098252673752472,-0.0620008398254023,-2.0325480175086312,40.11428442270884,76.97316310201434,-1.4997328497934088,226.4841022428621,139.9527010915628,0.0287151281298702,57.230669445465544,0.02616609088682975,141.51800338832047,-0.7783837023592213
2024-05-24,2.066039353172942,1.016236060431045,-1.8273006868919064,2.112539983041993,1.2914528777280765,39.68839744844436,78.04826520243147,0.5573167897910887,228.66274656310915,140.43439588897036,0.4016947974075635,57.80804936965027,-2.305313684788195,159.37781551009863,1.6263436674583147
2024-05-27,-1.934430246135101,-1.4263122159195785,-3.670365898682412,-3.5188352334165964,-0.6948066342313359,40.546805835254034,77.00221134799027,0.3196331261157082,230.60200915358547,141.2261021009367,0.7117062119663667,59.35406798171078,-3.0662033287594843,167.88938829680075,0.5876301014726053
2024-05-28,0.8332773479779647,0.1201212400181754,-2.653570255770326,3.472403773040412,-0.3273807997030959,39.757142976685486,75.95703914333363,-0.5930917285046562,232.15420798636012,141.4218224929803,0.1157203920436079,58.496713834206226,-1.4464994929018267,159.08144135297505,-2.6361696461053867
2024-05-29,-1.2628634744848617,-1.2028028544757738,-3.783755217466671,-3.8671663042651705,-0.7628970656980827,39.62385466739597,78.06515875040272,2.5029263301157187,232.41861377038484,141.00785028073037,-0.4939722122499603,58.770605731172104,-1.434138087661047,154.69206776568768,0.09007600545430705
2024-05-30,-0.8655526169893929,-1.46695404422728,-4.46012007358273,2.034822111209485,-1.6232707016803096,39.01022257732615,76.47708712001689,1.9612017689134504,233.47288181911347,140.82989884552677,-0.2579514352035959,56.62037667209301,-0.48456969089709473,160.03680060385602,-0.6102927733725352
2024-05-31,0.5234139095312581,-0.2100631125823818,-3.713700160372335,-1.0027026738758558,0.0040823393376223,37.89844150303124,76.13714608614694,0.1720388742420012,236.0021024807781,141.73822067613904,0.8283218306122626,58.00517103418628,-1.6418235346462569,147.2558073379387,0.19712166453601299
2024-06-03,0.5683734468834493,0.4633418905922583,-2.9596417054702693,1.320400452290341,0.8824217926022041,37.7690865624656,75.78665335687609,-0.9147672558845412,237.46992098418485,141.7571458920554,-0.0610747840836423,58.67054869168713,-1.6364670548425526,132.34107159542882,-0.6835192900236464
2024-06-04,0.6304577925119637,0.8621287378080928,-2.1812018276847924,-0.3598425467057921,0.9714818606420332,38.28407426433554,77.0390634907042,-1.536304354980379,235.8268574283361,141.14041410935567,-0.6967317826997276,59.99899350677899,-0.4978790306790343,123.07909015850998,1.5022796725727616
2024-06-05,0.6893665764978939,1.1204309454019403,-1.3827751598026587,0.959248486527238,1.067641252005072,38.48982278214821,77.62034420329975,-0.1641351333713797,236.4213810153459,141.4917869140472,0.2713728046915323,58.64437628865337,-1.455423228260989,122.07175442368022,-0.1262294425187349
2024-06-06,1.2477918769625145,1.8080073496634843,-0.0658445248500114,0.5283555120670858,1.6614118228612509,37.81359637931003,77.50961099113778,3.855709676574585,238.61016648647472,141.8821402791225,0.3103533650752971,56.90787691490643,0.5206008014056827,105.73387942779951,0.28750024281342235
2024-06-07,-0.0477478771235305,0.8562557977082116,-0.1103001757310414,-0.4440145111738449,0.700927249053978,35.996810558034355,76.62191069070911,1.3567312837570562,239.5025575223974,142.92451130636022,0.9623710272377136,56.71122332537631,-1.7905202935242375,110.8142369415559,-1.2939477088099736
2024-06-10,2.035633190985296,2.4637610898394016,1.9308480240408064,2.36864407436568,2.0069844647111776,35.35515150750629,78.79630581079392,0.3729715804094881,239.5313800432028,144.58713419830843,1.5826228919482337,58.337226859150775,-0.4613147185870533,106.11939741380343,-0.33332183253635606
2024-06-11,0.3156743071642001,1.5475548520839009,2.1499799300029663,-1.4608087486100596,1.5370542217553775,35.801504704482,78.27248509375339,0.4345706405494316,241.35945074186617,146.89406195707895,2.226927758770557,61.594612009644855,-0.9709910581218553,111.53551946654915,1.595618502865868
2024-06-12,-0.5990474304952755,0.1747299955466749,1.4434335030075425,0.4965591309622692,-0.4096428461967555,35.77270024000876,77.09004946165444,6.042011822001734,241.3588416749241,148.67058848922989,1.6965265321509044,60.59080101576009,-1.940618653326641,122.66267330223306,1.9464247271067237
2024-06-13,-1.590801124939778,-1.5034361271664405,-0.2195392970826126,-1.96322047316148,-1.9502295832369436,36.60458106087949,77.35294385647217,0.257370327426774,242.51653402044548,149.59604342957178,0.8454549403418747,56.39442829566407,-0.44006268512936264,125.77758862555389,-0.5134486192423608
2024-06-14,-0.7487907620267381,-1.5005088256099584,-0.9573530942552202,0.723624592844372,-1.703271436990605,36.70956000137424,78.41401791006496,-3.687034599674587,243.8860468901656,149.49584262337723,-0.1802008061945497,56.59785442922366,-2.7877992449791003,119.34180140072277,-0.11336889615265022
2024-06-17,-0.2830129421421314,-1.0332673549471107,-1.1924983816845909,-0.8257313867754105,-0.7322873993581743,38.84836576355188,77.09769492728141,2.038963795031464,244.8881260426168,149.70985499558142,0.1340123722041966,58.64279307649133,-0.765640352114855,128.70785156360338,0.3055662173405551
2024-06-18,-0.2319191017664563,-0.7485527792400117,-1.3647925643668175,0.3873794383151014,-0.4017268670517352,38.62964232384428,76.82677165975207,0.983641014391426,247.38019654025655,150.31234327740583,0.522488281824388,59.21408052475516,-1.5538228274928265,125.5936553351406,-2.380531484889694
2024-06-19,0.0937262686756284,-0.2805501209443774,-1.2028266674728485,-0.1968083100606976,-0.0454251923842453,38.48023242363927,77.7501938569975,-0.7936072394362191,250.22239855180808,151.67385327180176,1.2815099943959594,57.83037350819206,-0.5938698218532178,164.95642617624932,-2.760427507568032
2024-06-20,1.67937743064326,1.539102370171071,0.5366920965440543,1.8269836631887832,1.735613191848637,39.51546734340042,76.02661590553245,-0.5627476573962753,251.15906512462857,152.03891856407742,0.285065292275645,56.427220478588616,0.3360142385441787,164.3922187564737,0.03279218292454544
2024-06-21,0.1035987177003052,0.8731499027858409,0.6134562094171567,-1.2666390296912822,1.1112251760862613,38.06574934498919,77.40509924148786,0.9866879943206884,250.4777263014522,151.51138648533748,-0.6075320787399194,57.12239294644812,-2.9378529777665636,157.60918001847276,0.5245385172244639
2024-06-24,0.1467145481350455,0.5832894995279659,0.7294979470813443,1.0966938204035073,0.2088737787552286,38.59467614092517,76.87278317429491,0.1971475992104373,250.41776919254755,150.71293073856913,-0.8784557467683712,57.19210103499251,-1.396234170450048,168.90049997632997,-1.4506920414988187
2024-06-25,-0.4199275242078749,-0.1282827744438919,0.2730955255194021,-1.2424478895105056,-0.3318987953268476,39.42577968370436,77.24669746453954,-1.3649622670304904,244.82705142031293,149.78545051406377,-1.0074802245053562,59.48392288133484,-1.7090151501231579,141.42430933333057,0.26984235657968014
2024-06-26,-0.2728890519980191,-0.3370304392199651,-0.0134483027545871,0.65894686513486,-0.5248455665227441,39.02043520254978,77.49165242102983,-1.6480739137318112,245.7401820485031,149.895413272168,0.0299627581042572,58.88409632141909,0.5466765769451007,156.94728771970478,1.0537228132270258
2024-06-27,-0.1107227897198984,-0.279238009329881,-0.1234986773367562,-0.6049329385710435,-0.2744562209187099,38.13031910255712,78.18251656466381,-1.2591072782413395,247.6519980483213,149.70049172971997,-0.2749215424480565,57.2200418990879,0.12192278700850623,154.9975682318134,0.7928214204992869
2024-06-28,-1.8766959018851916,-2.016314906550132,-1.9940196453551096,-1.4229961979569088,-1.9431295757171303,38.45483418982953,77.7539495065648,-1.232793501032589,249.68679486626968,150.0272356595544,0.2467439298344414,56.670842010889125,-1.1908003078058451,122.09182968844246,-0.4515509355589984
2024-07-01,-0.6314288092156046,-1.6395862624906703,-2.525747472302959,0.4358183392520769,-1.7574463503467197,38.3941287351294,76.90339060844707,-0.9291826137729152,248.8198572951161,150.4116775002121,0.3044418406576986,57.26095189980616,-0.7650260352205678,143.96083650415483,0.06885086481364766
2024-07-02,-0.4005581221338828,-1.220351253379218,-2.800018220821693,-0.7274218765729406,-0.7794154076632456,37.6956281401668,77.77863107076804,1.5131344990641875,248.46036894108903,149.80468666282,-0.6869908373921122,58.376081179912504,-0.9579360406612907,135.13224005019055,-1.1078417014223376
2024-07-03,0.3257306363505171,-0.2844449903390919,-2.3342866734300918,0.8712970437802225,0.0853957630701874,37.509130158877575,76.78747090652989,1.2602425318320336,249.79065428606697,149.2449449676035,-0.6397416952164876,59.31198030892919,0.20202686183077448,130.1268990847951,0.42788398751010703
2024-07-04,0.3780504360430944,0.2358279408735484,-1.839521903715492,-0.2754223467920725,0.5734888178534047,38.451403414993,77.90086800651973,-0.6866190600597047,252.11975936513304,148.6701936351983,-0.6547513324051967,57.00868446908978,-0.24598592444012218,119.8994489884871,-0.2113574299981238
2024-07-05,0.3932419669014672,0.5111559373382414,-1.3543038416282505,0.5998087269955216,0.6200722285273238,38.202520568156416,77.93992346053474,2.7081655830938454,252.9007144434788,148.67973191105267,-0.0704617241456458,54.29352889293858,-0.801696890982754,115.45461550996582,-2.3773131179505427
2024-07-08,1.6065135730363618,1.8620915417054824,0.3199249234895238,1.1566570277897206,1.842458753177242,37.84707970725661,78.51360381522326,0.530837772205524,253.33125181920784,148.11076476204184,-0.6489671490108218,56.344218535841044,-1.4317576304874424,118.52344696668746,-0.9167333639651147
2024-07-09,0.5645812738855919,1.495627044738333,0.8685099512006396,-0.3029114969566985,1.5284894177074089,38.78825198789834,78.30333650653823,-3.1709435335801155,253.74464512953853,147.1799044043475,-1.010860357694354,60.32694665225108,-1.1542521996723292,110.93268846525379,1.9508654723385774
2024-07-10,-0.3486191480005984,0.3991943743685681,0.4764653056400091,-0.1214355252830745,-0.0098703836692433,38.48920004665618,78.44003557183112,-1.2440605596023973,254.1062399336701,146.43199797179113,-0.8279064325563287,58.70362764028492,1.8391235610740142,120.16556117433501,-0.6083526686442724
2024-07-11,0.8370702906764325,1.0366674778607166,1.2897123310344412,0.9281469346387384,0.6278988018760734,38.69261455654051,76.43775867990466,2.118456401097108,252.06495064624573,146.49616558099552,-0.0158323907956399,56.89012737180657,1.4697204692569759,126.10544567068617,-0.11855709728320818
2024-07-12,0.9463259455901812,1.4646596845205395,2.1715526600729005,0.2502157446111276,1.448568119996041,38.6153960907096,77.35552396880463,1.6754228781809526,254.10959022994965,147.04952455081298,0.4733589698174671,56.33575033638682,-0.49489452896074615,133.73892293874556,2.0422214434482413
2024-07-15,-0.6657955835927949,0.0665342586674748,1.3971794434764606,-0.8534573920511406,-0.0980000162386861,39.21643600102707,77.52194553368133,-2.02325170311175,254.79911721774505,148.64673439326617,1.517209842453208,57.04294856669809,-1.0290870582880396,153.51871476976973,0.6987300308570425
2024-07-16,-1.309045512266172,-1.2757783829324345,0.0182749590364654,-0.6689524682278165,-1.708522862421849,39.543326023076894,77.50157484059217,-0.841265347496506,251.1062863712114,149.37225371551042,0.6455193222442371,58.71865519386893,-0.8338931978811518,160.87844387345834,-1.6082914583821477
2024-07-17,1.5713576467158548,0.9334684552496376,1.588718857800497,2.073071997886717,0.7859303393561516,40.57282119800221,75.65304553912264,2.3259067446720403,250.19823011021933,149.35638893442325,-0.0958647810871709,57.559130776798135,1.9397599196803617,154.62129114314243,-1.1444968634867863
2024-07-18,0.5738078137246041,1.0405420413494229,2.083090728635076,-0.9809961846904336,1.516622401754117,40.2171606214588,77.61991711352994,-1.0532575712159131,250.7076639279644,148.71131168596062,-0.7250772484626243,55.60111187559164,1.9454424585435701,140.56127612086541,-1.2890154962149296
2024-07-19,-0.1258841309806493,0.394386889694062,1.8530520612226729,0.6098630075371758,0.218400557254113,40.553815672983895,77.11119089027659,-3.1359901255727007,248.81114808609695,148.11170910670378,-0.6796025792568448,56.78821106916057,0.1295551052202723,174.5799897449299,0.4524607327737442
2024-07-22,0.5810275517217826,0.7782209965688136,2.3414270098833216,0.1236302960689006,0.505497073133393,40.88087364884585,77.3929302900643,-0.8735896235486529,247.73670462784088,147.7611507752563,-0.4305583314474732,58.98551388980425,-1.0235974128684378,181.60926421720606,1.942565323106166
2024-07-23,0.4652634493548891,0.854373947639296,2.6896191087440444,0.3725407273032136,0.8138799803879586,41.04024169821334,78.41356000639415,-0.4468860068847783,245.70372439305527,148.9414634615448,1.1003126862884964,60.25106828155683,-1.036213366323469,174.72990574796665,1.5324130876878996
2024-07-24,0.6503327297799103,1.0775197035995585,3.2054708830867527,0.3709271843025,0.9294907993928438,42.129607371225845,78.20015012064874,0.2425714215882981,250.08880850275244,149.74210584093424,0.7206423793894339,58.11527515189991,2.0538341268421902,163.41120789459814,0.5561443751017734
2024-07-25,0.2669366549264749,0.805696506726254,3.3121339938588896,-0.0112587333004001,0.6571362927944211,41.52237954303,77.07139377621601,0.1885078882251134,251.6436565991052,150.4632857519689,0.6411799110346674,57.48316169783807,1.6868634546062427,140.4338715338235,1.8820498222464295
2024-07-26,0.0985257164548012,0.5013739698179283,3.245053010620746,0.1069697664301013,0.2586877094106862,41.34171296674448,76.69357510634526,-2.8668512084536237,249.4008658032289,150.86011023201718,0.3168244800482614,55.91147726035927,0.8054075774439139,128.87677062872592,-0.8767338088012977
2024-07-29,-0.5573115540934084,-0.3066245691844442,2.5254888059963,-0.6375388789159844,-0.4981961242205276,39.87824975649192,76.94722875053856,-1.610191585556042,246.73973387631435,151.035154617636,0.0950443856188331,57.53242046458826,-1.895105299479751,133.28111254459048,-1.4530934252159895
2024-07-30,-0.4032659228272547,-0.5565782074194768,1.99594844286923,0.0748882363597335,-0.7376528552832997,39.602486635891054,78.9440606672244,1.603095981382328,248.9133294999748,151.0740724904844,-0.0410821271515864,60.55768519248074,-1.6265165919599696,125.8877760126949,0.30661691092390697
2024-07-31,1.487230883753243,1.2089417800435047,3.383381904479012,1.431064706483443,1.2452713300568905,40.438995045242365,77.14292383067159,0.2178542237774824,248.92843950471456,150.47752761602823,-0.6765448744562044,60.33515114200891,2.5640713543500624,127.88676680421574,2.219875990109003
2024-08-01,1.00284565635565,1.6073165463774024,4.217058465610711,-0.070452873506932,1.895184186607596,40.42133364516167,75.30885558145722,1.785461194524098,249.83701010952947,149.65466368745874,-0.9028639285694872,56.76461268234223,2.0807967282256676,121.45737939866095,-0.7185490154958387
2024-08-02,0.9603865260632344,1.7640447992519357,4.9665920683934095,1.0132261811934336,1.5620939198766244,40.868657436183305,75.05682712654792,1.19946911364702,249.42096439842976,150.0042639495954,0.2696002621366796,55.601723284618984,-0.6280970665420039,118.96353771394918,-0.3097539757402856
2024-08-05,-0.4041124260715252,0.4779099735544425,4.314150038902214,-1.1640320619666005,0.1721194895664154,40.89272305704049,76.87976348049386,-3.390318279153944,246.57863047754535,150.39822702971475,0.3139630801193617,57.82903479324328,-0.08180265361817285,127.09905276617565,0.2966143286550178
2024-08-06,1.5347491626216443,1.7737041493988657,5.633191699578748,2.407773209096595,1.2922817069787291,41.21717969302644,75.64183794854698,0.2245716309777489,244.43456412470783,150.8241959133913,0.3459688836765155,59.43498356843127,-1.4534326620021834,122.04432884400553,-1.1227016240494692
2024-08-07,0.7966993941461865,1.6835514688456192,6.148231508745996,-1.0091305126762595,1.717548891719173,39.627157840467554,77.32991537196192,-2.4749975791101133,246.9358333319048,151.74897613090144,0.8447802175101271,56.67489977691811,1.7180682298065229,133.723429727132,-3.660251365090801
2024-08-08,-0.0713748721272467,0.7704008622955628,5.76944506118145,0.6854730123799478,0.4066447643604651,40.33718510736336,77.88468552977527,-0.8475764980558983,247.3643158815157,152.9346825158966,1.1057063849951967,58.41491099784779,-0.47552375288563,136.63639531519107,1.6502983155055588
2024-08-09,0.6538959936866824,1.0390964248344638,6.13486880180906,0.1397912344017214,0.6110710704103344,40.140908047184,75.37810837056622,0.4266452549915333,244.1457212992562,153.8817635808656,0.8670810649689533,55.908602247386504,-0.5364622954818485,145.99881348585347,0.30687896276752014
2024-08-12,1.1179920412224047,1.6375402536396366,6.946117402941011,1.0131486154211136,1.5103296374344142,40.85619428600612,75.39607792958721,-0.4771744807369787,244.28671148916047,154.80061045387936,0.8388468730137932,58.0410592127523,2.467316907234171,139.7250174648244,0.21202441950902084
2024-08-13,0.8327265162921135,1.6514966431119318,7.431538049086074,0.0728650547262782,1.503521741025556,38.657307700542006,75.3070112322566,-3.76380369967362,244.8575140852613,155.6855024070569,0.8048919531775105,60.42027460688473,-0.8298170249880508,145.62247694391542,0.985291038453461
2024-08-14,0.7379376470410909,1.5636859685970568,7.79789879367286,0.6832888559963822,1.237573556816359,39.274671116223146,77.23850701634346,0.3390809431722991,245.0801480458812,156.31711359848393,0.5516111914270468,60.05335179914006,0.021193363701163426,146.06331411572796,3.37845202222195
2024-08-15,-0.2336085496080681,0.5482344346904602,7.174395304381148,-0.7460751916053548,0.2091540386165863,39.25897024028815,78.47825997180283,-1.3946238737400214,248.7014249705884,157.53373561998765,1.1366220215037244,57.28941836109677,-0.8384859955627718,148.7498728603989,-1.1254926367510194
2024-08-16,-1.392802012403857,-1.118684795058627,5.4228735267582335,-0.8332456186998408,-1.532967142168698,40.02992439587671,79.72333264464773,-2.621299455508747,247.1460251362884,158.31388770806154,0.7001520880738967,57.389930092576385,-0.17955592201840323,176.07957757467645,1.481327845189881
2024-08-19,1.2857204993626827,0.7263781018333693,6.4374503497830045,1.9106547133875635,0.4500392919203686,39.40197194188249,78.21278045849074,-6.120654814631029,248.99566561056557,158.81700854388174,0.4231208358202007,58.35737904445953,0.1477559151548673,149.60583114848274,0.3163198317072258
2024-08-20,-0.7117410554641964,-0.3485520045475118,5.403836776829658,-2.144732090504869,0.0596912441534132,38.816332023531785,76.96074570284979,-1.346918759567571,248.92910208706223,158.99847999423125,0.1014714503495079,60.555998654516344,-0.7408617711543317,159.2956902285472,0.13572404763161217
2024-08-21,-0.9356420486120672,-1.1099180508858233,4.198002889376108,0.6729070192665842,-1.3626866818905852,38.334673529586105,77.48630149111669,0.6150664368639805,248.91330742969603,158.9341919369161,-0.1442880573151328,58.63352402156165,0.05704724036993228,159.8716581260368,-1.419827777578412
2024-08-22,-0.3635944937311569,-0.9185535191740686,3.624508251176145,-0.8682747581810951,-0.9249797228983974,38.003673385540765,78.58654486643333,-4.149525242275319,248.55137383315045,158.7488893406719,-0.2653025962442024,55.53490895514461,0.12019781546287778,152.41002054817528,-1.754509405952163
2024-08-23,-2.396871907993735,-2.856148667580769,1.046410930623603,-1.7456658393579136,-2.615028604232429,37.439106029589375,77.1078885749261,2.3944052723927918,245.2648142691305,158.77263283643418,-0.056256504237734,58.282966766847395,-0.3444739741293943,154.07713210077773,0.8930366742710092
2024-08-26,-0.6298635368927646,-2.057937870683149,0.364226847199658,0.6793858426256706,-2.0679866816890056,37.2572209393182,77.81860637602666,-1.2226938970092802,246.67517847092216,158.56356508210018,-0.2890677543339881,59.32221906626256,-0.49718490736729387,151.2778837188952,0.9648400218030346
2024-08-27,2.0908021706118567,1.0618332352702822,2.436817675451532,1.5812627886426038,1.712884048476198,38.16119642387925,80.83296591622448,-2.833591994036068,249.21260409551817,157.1127168313876,-1.530848250712595,61.44493260466257,-0.009409885733645873,131.2902543776949,0.8889339501462246
2024-08-28,0.3915453884923059,0.922462006127447,2.7065221801712607,-0.7944017029896469,1.64602669085942,38.40419405892048,80.22920208989443,0.4129577774976183,246.264790902252,155.41312070836148,-1.7795961230261224,60.43378040827656,-2.4965768884128887,148.13306503878425,1.8002563867149135
2024-08-29,1.4128319474572657,1.874062950520989,3.984028018619963,2.0086332246995005,1.647759180552649,37.87690069234365,80.80551001200807,-2.71475949151531,252.21942571201544,155.9863213138001,0.4932006054386419,57.7663649420667,0.6101111114575689,122.97781670783007,2.231455986922093
2024-08-30,-0.952235960777172,-0.0152044855166774,2.8325906569117927,-2.458710879301797,-0.1045367923028126,38.20682587199165,80.99859059952496,2.416256253082578,248.06534163017895,157.36065669477182,1.294335380971727,56.62411142068662,-0.7653354222817583,135.10499736054325,-1.6588553461607773
2024-09-02,-1.4329544024569116,-1.4405566452152505,1.2580067216092912,0.4110787570194361,-2.004295978923215,38.03074191904581,80.92126799709203,1.2436316612761684,247.9118165861784,157.74734577680243,0.3066890820306071,57.61546353577198,-0.05665630115205472,133.38099220566806,-1.7067555304905824
2024-09-03,2.232610060691073,1.5123317380834478,3.4277164462198995,1.924300992926496,1.3728374192169257,36.88902050236272,78.89932519952464,-0.6176209072992059,248.92383354617616,157.54352682195042,-0.2838189548520363,60.999452684936294,0.1945248317369421,131.9809967782501,-0.44547991972627443
2024-09-04,0.955006749477972,1.7111726185196958,4.211337373386876,-0.4882189952168999,2.2945727858926155,37.03867758574989,79.24199121979449,0.5108290806278584,250.66432097486907,156.37045909954747,-1.253067722402947,59.58799810623583,-2.2470578776009504,125.56464164209412,-0.8457823020407318
2024-09-05,-0.6288607150648113,0.2267255941950365,3.371909789652721,-0.2626964686521363,-0.0558566653780281,38.398427787730014,79.63889281184792,2.309654219661562,249.63580825420132,155.68926267754347,-0.7611964220039965,57.81513241913788,1.858177077489053,126.80685334079281,0.048767477071180565
2024-09-06,-0.1376380117773835,-0.0242752146798652,3.065676288392702,0.0593843397117187,-0.5149544408162703,38.14634076762938,78.20548983250237,0.4168159689892619,247.61175279489927,155.8360737958293,0.0668111182858183,57.89545792813503,-1.683682411707088,155.82571819599818,1.2713465074484134
2024-09-09,1.1465089024653932,1.1343712951254603,4.05890137643846,1.101970647681604,1.063926095398963,38.78110963247897,78.1248597754255,-1.814531490281284,247.6735672874368,156.529250251411,0.6131764555816959,59.701320489723244,0.27971380190493844,148.96262600369354,2.0858569539512644
2024-09-10,0.804576934702977,1.3717625822657071,4.660533242319514,-0.021901051058226,1.492482276182213,38.29530388476483,78.01728746514763,-2.212908017360879,250.73451930119165,157.7119095610916,1.102659309680623,62.07784358306015,0.5939838563758422,148.42676670104518,1.0783908981238568
2024-09-11,1.0871064151651304,1.772987706297984,5.514612995368668,1.1035322034588,1.5698525759869166,39.80658444822402,77.50418633338259,-3.04914731649989,250.68387536059856,158.37305847472004,0.5811489136284234,60.31811880285402,-1.7441784107404925,143.62343632292803,0.7301206966181937
2024-09-12,-1.058878292372007,-0.172384439223015,4.180004053228227,-1.8865274449661071,-0.4066144432729288,38.73838182372285,77.97787859404723,3.3021130846901223,248.88487742408563,157.86134830281958,-0.5917101719004579,59.1488807367712,3.1590335434933525,173.6891408208164,1.3337483176333151
2024-09-13,1.7045194998292437,1.6183272802177362,5.675523350396059,3.119415083553824,1.0691925244060396,37.80393146547387,79.97498818155292,2.568431280510407,248.16158757879165,155.91898783267416,-2.0223604701454083,58.844499531771525,-0.8574666968518223,150.42783446438293,0.9490416036364948
2024-09-16,0.0093284595348359,0.8184920996437041,5.401075642411092,-2.330232853130532,1.032040159432382,38.47093816470431,80.46037661324728,0.4554277352924537,245.46901813036737,155.0305009512528,-0.9684868814213692,60.1308774607539,-0.20449185917534538,162.78466782723086,0.4295569710306566
2024-09-17,-0.2488338502816374,0.1604121995402146,4.8821880100089,1.4988407895662617,-0.2432367745607358,38.46740909773577,78.03235314400044,0.1024907701790028,241.9124953883112,154.79773659948026,-0.3127643517725289,62.9797950617642,0.3496044992377525,186.66440293077466,0.9019514787040492
2024-09-18,-0.3784151963030985,-0.2982090965329912,4.259663413205356,-1.5025457884777949,-0.527715506472081,38.13616219862653,78.9064987970393,3.16069829013641,238.19557189258035,154.4071878057109,-0.4705487937693731,62.36564322455245,0.021405170237156712,166.7307880349097,2.0475244216984265
2024-09-19,-0.0180307112605321,-0.1671352595270277,4.0286495312845565,1.1088786300978142,-0.2450798290423912,38.23055563958624,78.14298308716384,-0.8410024641373156,239.40962278782925,154.0733469270857,-0.4138408786251815,59.82081848227107,2.2288412347902233,159.57616251458737,0.671937745499875
2024-09-20,1.2458273316186308,1.1622597018551168,5.073044386338959,0.4141683590452701,1.2350089048623116,37.61553547419101,78.0893398407538,0.3779399616626484,236.14907527306323,153.35759180013616,-0.7957551269495546,59.46573628509814,-0.5246153189654756,140.09867291935512,0.6212367533266132
2024-09-23,-0.1359460617787611,0.4451837891487973,4.68344610524325,-0.4465723310627137,0.6115503371924174,36.962035808568594,75.55245604809588,-3.0665064085755303,240.94472211883289,152.73993201662782,-0.6976597835083257,61.575455710060396,-0.8120080147268749,150.56902271136167,1.4445782493064954
2024-09-24,-1.13039480217198,-0.9078029075975812,3.318878997809108,-0.7954655538749446,-1.2119624392392363,36.11743437285766,78.01353294630141,1.7979256685946787,241.91795553510843,152.39987790304892,-0.4200541135788979,62.19475131899303,0.2465112665445242,143.61460326474614,-0.7850437427711725
2024-09-25,0.7409935647457973,0.2870921109470066,3.893928612664449,1.3375927301520056,0.0627566834426093,36.58568330422366,78.93598236938968,-2.070379470357456,243.6347841230481,152.143416562171,-0.3364613408778872,61.426029814130224,-0.6168622401993242,117.67113236520153,-0.9396134104222256
2024-09-26,0.5118864268264525,0.6554324822999558,4.211118608857679,-0.4913081207875518,0.9564825656739308,37.98317171477792,77.9834321530146,-2.406997909189617,243.365530696766,152.4766639152824,0.2532473531113657,59.78670897364112,2.52978442950314,148.07484431068232,-0.03410950862995321
2024-09-27,-1.2736951779383034,-0.9459789367883256,2.726867500476492,-0.9052140873476396,-0.966563321842432,39.36815600973368,78.83140218699742,0.7758342497728353,245.6640408189013,152.43029435944393,-0.1263695558384529,58.550888767813035,-0.9547177751040188,115.00121381652328,-0.9148475172851036
2024-09-30,-0.9655957965785666,-1.438585264972729,1.6249283288741003,-0.2866852310678369,-1.7298129033415486,40.59175349212845,80.69330081181681,-2.223521829447784,245.49713631371404,151.45332776140262,-1.0569665980413123,61.03291823404433,0.05688793169708628,121.2993348381767,-0.5425374760160651
2024-10-01,0.3948053348398104,-0.3244872976465542,1.938487247270206,0.6098192581406882,-0.1845521431073295,41.59719805411085,80.82248933643665,-2.3957076330652707,244.17181250743351,151.2953134674185,-0.2380142939841074,62.80664418805664,0.6920592101818168,106.14649862003643,0.6118928690636096
2024-10-02,-0.1289405779662742,-0.2911842267895513,1.7126223069404214,-0.5863050215717903,0.107942622937612,40.7981314211666,78.34984649752987,-2.498184198261497,243.3605337984152,151.18033230210136,-0.1949811653171537,62.306141364877895,1.348696323479034,128.7289761398769,0.8801115507476709
2024-10-03,-1.3847361767243065,-1.5303282901190822,0.2422550148690938,-0.9450074105454638,-1.462100523504071,41.41857211948594,79.35046081449282,2.2333520284325914,238.64780589626127,150.90705286438214,-0.3532794377192066,60.300937428058326,1.1426333293211115,133.03084225114353,0.5142284544172071
2024-10-04,1.175697931737172,0.4105337866776307,1.405840195862811,1.8844534896462697,0.344856225702588,41.77896845799887,80.32997556228973,-2.768815745242662,240.4568115379878,151.2238708233985,0.2368179590163593,60.450869108453304,0.015971613616745928,155.12428681676238,1.899980340640269
2024-10-07,0.6671815850547016,0.8724484783935169,2.002729771124372,-0.7461585321800006,1.3726003440970047,41.63331769163412,80.10226193070366,-0.0915036633026615,238.3081341471704,151.51687160373012,0.2130007803315942,60.98624302613925,-1.2226451033624703,142.07892067240624,-0.04667520790508206
2024-10-08,0.7825384753217786,1.2187627145185371,2.685131757889932,1.342157374456779,1.1828474263545994,42.72198964504432,79.19728647806689,-0.7889760985760693,239.04361611114385,151.6533559868218,0.0564843830916715,63.67456920148879,-0.3841322547917697,162.60992564871344,0.8679250134321492
2024-10-09,-0.9551674884149236,-0.345786131155655,1.5957076815805116,-1.961785519257508,-0.4856444032218565,42.136447727963336,77.63713841802104,-2.0576135434356657,234.64728676180383,152.3895538161134,0.6561978292915966,62.86323799164666,0.6066370738803053,165.1389105684017,0.557096626768768
2024-10-10,-1.0491210444755938,-1.2220141100534214,0.466801253025892,0.4222180949675371,-1.622221537524548,41.11131543168315,79.93304210841742,-1.663400534799914,240.19324819061197,152.33031858265525,-0.1392352334581193,60.73079846431851,1.8950564649990267,158.99353122065796,0.4298610362601849
2024-10-11,0.8722951475470585,0.2612880925203478,1.315756337921656,0.5556315763214057,0.2428225208617022,42.38367027362296,79.36903076634822,3.92527138942353,240.26433739254253,151.69493842699777,-0.7153801556574864,59.90075206478205,-0.565285268955404,177.73586788965548,-0.550117043671257
2024-10-14,0.8968775756081035,1.0275216218682774,2.1468460966336766,0.4801538933670493,1.4202546641363387,43.74623568881353,79.35597032567868,1.8586277916164569,240.581652842032,151.71780228567872,-0.0571361413190387,62.22493690712238,-1.742222031708116,174.71255842755676,1.2386938809831278
2024-10-15,0.3242095668280028,0.8379703777621414,2.363713358629996,-0.0359058531972841,0.862336112192865,42.95946777679343,79.7515784379709,-1.6214228249301608,241.0361754154281,151.48706628680117,-0.310735998877556,64.90935718465946,-1.0896302651983183,199.23206837212248,1.2347879831706692
2024-10-16,0.4386496326819085,0.8576348215629792,2.6841773233804043,0.4655790225798716,0.6331753727787102,42.95354375898909,80.11849709393931,2.1424486783651644,242.6874858161621,151.20382560597068,-0.3632406808304873,61.74316693369496,0.22665379171445885,162.61906485480475,-1.120071057951705
2024-10-17,1.273471474855999,1.7022888856374885,3.823439932067383,0.9242872079210952,1.536661254465144,42.424209565484645,78.83590919347779,-0.6661323451378177,242.9143584348728,151.67204328007855,0.388217674107873,61.202634212701525,2.801065531673202,158.0002541228747,0.4718357483830147
2024-10-18,-1.1042283111778002,-0.2530838683590559,2.528039624286213,-1.7974437171186215,-0.3401454262642008,41.93564291303707,79.86307089872531,-3.0560952777983363,240.5688596864945,151.500562910605,-0.2514803694735574,61.31976670157361,-1.759660908544254,151.59247359174051,1.419014636791566
2024-10-21,-1.5554889004241816,-1.6820308346037096,0.8461487426477212,-0.2074061125852153,-2.2180258871308616,41.99931401522869,78.21745097257211,-2.3459113610324254,241.74457405087813,151.3759170067255,-0.2046459038794848,61.56440162243748,-1.0287696323440518,140.39738177708645,-0.6605352846848973
2024-10-22,-0.2500028488399332,-1.091018266141788,0.553838456675402,-0.0944482644010217,-1.1832961890944422,40.4204001359938,78.20365270268913,-0.5332446226206886,239.17855633832795,151.03926882384928,-0.4166481828762218,63.236218501513136,-2.651282198720132,131.7328878748874,-1.6731386831463197
2024-10-23,3.1958131241922736,2.65030399112138,3.7219596580339056,3.26664932249304,3.045811414888313,41.40472850714624,79.37573215960747,0.2434744540449256,239.36304919001412,151.15303283973952,0.0337640158902171,63.60784046003893,-0.7380453854823363,124.38165811698799,1.8646735263439709
2024-10-24,0.0118350618148841,1.336987057375574,3.547696736947094,-2.438151930054896,1.929322936330248,41.77718596459911,78.29810918616202,-0.3734398779432101,239.99300527967767,152.1148317495232,0.8817989097836758,62.78276216445607,2.0005186766846674,124.09369993220464,1.580127951754541
2024-10-25,-0.0164353661538137,0.6520581625339733,3.3538765339459258,1.812178581387358,-0.0093343290648832,40.97391005360935,79.71824321556429,-0.9630406473756492,235.26881710912195,153.39273403357706,1.1979022840538702,61.29992994037428,-1.9110758093622606,123.32776480008555,-0.019836761199336195
2024-10-28,0.3463554441156671,0.6723845253826538,3.532538151364297,-1.0127784919248517,0.3364942244233789,42.54247527986858,81.06041341167251,1.7216544028756269,239.10504610276243,155.79422578949152,2.3214917559144475,63.316700098439384,-0.9465529642865055,127.2569854353258,1.7522984760019042
2024-10-29,0.9163053584107522,1.252497621102079,4.272216602206834,1.6758892273543908,1.1241186248801525,43.08278693145735,79.52462942689053,1.225801740316183,240.97233663432937,156.82442667571613,0.9502008862246256,64.74969000634778,-2.8348648059154673,130.103541694138,1.5134715048346408
2024-10-30,-0.4354629073572861,0.1907859031937533,3.6231428647392057,-1.6923798278730793,0.1143203076891651,44.11283148706784,79.23919669972257,1.268535094230248,242.1519122634976,156.27442147000124,-0.6300052057148653,65.17292436641316,-0.24418556584730333,138.44796480868348,1.5650839063742268
2024-10-31,-1.6672889018762864,-1.5718959502794096,1.774696819625959,-0.3980040309714769,-1.928566646290658,42.40008346452445,80.05810145241132,-2.324116831390969,243.4101089225995,155.39341959692214,-0.961001873079109,62.33768916982724,2.3850238477943577,139.44727773270347,-0.44507299462882344
2024-11-01,0.4257523937848551,-0.3601955813548497,2.111714372429516,0.7242554170134629,-0.5746209473409167,43.96108459754036,78.56500670150241,2.183860023527528,246.3752439678985,155.9063414202235,0.4329218233013459,62.54036814516817,-0.2621751749692176,141.94968276517818,1.2404382047938967
2024-11-04,1.460646695446057,1.2805489047686325,3.466775349254098,0.91745513268596,1.71609813171697,44.37617208455277,79.30786605014951,-3.307297865140337,248.9941899725692,156.75209153550753,0.7657501152840357,64.04150790978818,0.5846067612809436,138.24756235231797,0.7248078113487963
2024-11-05,0.2361795248620744,0.8764539772463905,3.5296161066534677,-0.4519118246523955,1.1125675421297088,44.44238438686271,78.18202735704817,1.5088045423144123,247.89535818998303,156.0717879965594,-0.760303538948109,65.21517512074145,-1.636049112364328,147.09868487321702,0.46548511439367246
2024-11-06,-0.8604168168830812,-0.422189828259886,2.492718484437712,-0.5214829483937846,-0.7187091019658366,44.83705250000402,79.892869430739,0.4560571120966492,247.33847513424072,154.86782173322658,-1.283966263332825,65.40862203464481,-1.3165452998739449,163.12979823557268,0.2356976682316514
2024-11-07,0.4345923111744698,0.2234973970445268,2.8026748713902965,0.8257045224698083,-0.0816577789553788,45.758171660686585,79.66124146039208,-2.4541407024777677,248.25819096510696,154.3385460912069,-0.6092756420197128,63.67681582556621,0.8640328964730261,154.63859463950334,1.3391266557389656
2024-11-08,-0.4324018986388229,-0.3206532001165595,2.2301392291819586,-1.0516802904911793,-0.171646511934141,46.12602687644446,77.81954203057425,4.764610344454825,246.43638905240232,155.5459015951057,1.127355503898829,61.50245496740364,-0.41150147859133646,171.4419094475327,-1.037913177764537
2024-11-11,-0.0868646162771489,-0.2471912163354287,2.0317676514457115,0.7018956015912354,-0.3463057554604427,46.657533404960205,77.55501974513687,1.7170504370151098,247.65043715423243,156.52351582409267,0.8976142289869626,62.327730529288395,-0.667186405775548,171.34200241168878,-1.713777380499785
2024-11-12,-1.3156632083798123,-1.4392588165475269,0.6145160604936133,-1.8420849095732392,-1.367781978146102,46.13467582779999,77.81706389898858,-0.1967100802648745,252.066906958024,156.11918481508764,-0.4843310090050097,65.76209999455834,-1.303843062054185,164.7570441372566,0.5469248738168915
2024-11-13,0.5960886010572685,-0.1235408072164949,1.1798788585262012,1.9776522832371977,-0.193309323970619,45.95662600891567,77.84412336746095,0.0462395624390934,253.56738608539925,155.93676048283928,-0.262424332248372,64.04557391506088,-1.6969242820299273,160.81185363403597,-1.3630481195839224
2024-11-14,-0.107385689526615,-0.1691560931348625,1.013499226073276,-1.5906249019545131,0.250267471107746,45.90656849375922,78.39896585565064,-1.5318634796769677,251.83162473105983,155.80896706848463,-0.2077934143546475,61.841755365777324,1.4759571117656813,144.16576784422827,-1.8350604597888847
2024-11-15,0.5102516219445149,0.4256735753770836,1.4730758867141271,1.7032202984104,0.4458202082285459,45.65448937670981,80.00235770105306,0.030973948613096,249.6893039422397,156.59372049383006,0.7047534253454482,62.04518552987237,-1.3781456830604348,155.10186052836536,0.5427305624687335
2024-11-18,0.2153696727755259,0.4282064604640677,1.6147917651539463,-1.062045551032274,0.5215206459422349,45.42833709406777,80.56340591540369,2.726773549719001,250.84619067180523,157.8812309008711,1.2075104070410154,64.10445122707253,-0.2156857867395276,155.08461821800682,1.7767206977841354
2024-11-19,-0.6250522805859312,-0.4109490503538973,0.908999896310318,0.1714818826882742,-0.4958304769206156,44.63194006609856,79.18222199265158,0.4362523087640907,250.4706075906094,158.39498182759502,0.4337509267239362,67.69784139903241,-0.8236198242123334,144.1674567156775,1.9357414044740722
2024-11-20,1.085019778188062,0.8795452530111133,1.948569679682864,0.9564083661718564,0.7099884098365032,43.97756402392148,78.60277407120007,4.224827405866613,247.27166001212663,159.060870332807,0.5858885052119599,66.2622154678538,-0.28690574783476996,146.17601265544792,2.2166415527929217
2024-11-21,0.0879763591887902,0.5277489856943469,1.939117554887511,-0.6293299154401021,0.7389882261016274,43.31544308931045,80.06821627346963,3.832517081115829,250.20529910671684,159.97740694199214,0.8365366091851711,63.25514694328133,2.8316726042686504,132.1546777071654,1.413391577504008
2024-11-22,-1.366366654952888,-1.1024921621057149,0.4757950221902474,-0.8943692183728116,-1.313580839439614,42.79613939992831,80.63683596271048,-0.4059811154033733,247.35638696335812,160.95539448657638,0.8979875445842306,63.48473853160325,-1.0787164457394878,128.06671495115916,1.4395530017308786
2024-11-25,-0.7996597277784154,-1.3509058088312726,-0.3476544566976804,-0.1288828139988067,-1.619479720750148,42.82119002893993,80.87266352497817,-1.8892447029303543,249.0386459322636,162.44845180067745,1.4130573141010712,63.47583524303828,-2.662640221665157,126.71834045805183,-0.6286159840342478
2024-11-26,0.5491018849833695,-0.1263510194322668,0.2188301511205731,0.6457639954824745,0.0693060483163203,41.46102542182147,82.54606457554127,2.5714547339185017,247.42724142413925,163.66322755107603,1.1347757503985845,66.32626441542779,-2.3995121524063228,126.82388916629056,-1.3715769836046263
2024-11-27,0.8302518302746312,0.7670763205584978,1.0381404738391755,0.3459288336627753,1.159712961264653,42.61552866256342,80.94201476397649,-0.915424453863896,247.18783119795492,163.4252384780138,-0.3179890730622299,64.24461220487575,-2.315528983634002,130.21256758904067,-2.0176032629780565
2024-11-28,-0.4250550705558596,-0.0415169102766107,0.5611783795913572,-0.6845016958029412,0.073096027608919,42.86177945633199,80.84405308542523,-0.1902801593128568,246.26200667815556,162.63943774455225,-0.865800733461545,62.965421398303924,2.7084201551180787,143.81113366535516,-0.2897255449774079
2024-11-29,0.5293049365441386,0.5085464814058331,1.0624243971559275,1.0426812083963446,0.2742718942106227,43.7083986661464,79.19294106630713,2.1657594095207604,241.7965377187063,162.86081132455988,0.1413735800076205,64.70223182778072,-0.21824547251564852,122.36147363212886,1.217493296177473
2024-12-02,1.526516895729185,1.7807901364321015,2.5358200730273164,0.7445059894319266,1.844099857655668,42.6816827090239,77.95431181469749,0.94065171154691,240.58034952554695,162.89774957502468,-0.043061749535193,66.49162673988998,-1.1167333164178177,147.58881087775637,3.0157914968516977
2024-12-03,-0.4970147062245964,0.3933803619914544,1.9120143631513544,-1.0553941982985413,0.4188954312129145,42.02828829578701,79.07163789021529,2.367737236515413,237.8988451276961,163.17563949925753,0.1978899242328566,66.19369591945559,-0.0021722484246731177,142.92192036132687,-0.132568495972194
2024-12-04,0.8259990013805031,1.0226891823762303,2.6424126463742894,1.617544650104409,0.5277901776457452,43.371424078796935,78.96772803524631,2.858120289485844,240.26257432352529,163.2966942736889,0.0410547744313858,66.57665942022585,-3.4054831686735914,164.1680576616997,2.3320472153501015
2024-12-05,0.4856151205120183,0.9969597117001334,2.995907134567593,-0.7275433670662885,0.9812145213403202,44.305804951311735,79.196577645345,-0.2574754325781685,237.24853716689248,163.13126152062392,-0.2454327530649793,65.2570158244442,1.3879687074439286,171.55380963435468,2.2915944261402714
2024-12-06,-0.7137173005655582,-0.2152374447154914,2.132394477273655,-0.1680597752658417,-0.4223482282583471,44.528673287734165,79.48636836668005,2.209953593259192,241.30423707029823,162.4659756379196,-0.7452858827043419,63.894056980777336,0.10091935644299851,188.5038283130035,-0.8081748470033858
2024-12-09,-0.2508536149568227,-0.3584723373145684,1.7749211384531491,-0.1248087835074414,-0.6790839952961576,44.35526599935464,80.7558762530553,-0.0704365884550313,243.88043929461224,162.2100491691727,-0.3359264687469011,65.0251376783519,-1.3479914962878352,159.8479032105358,-1.4664890615380841
2024-12-10,0.6602067100084321,0.4809705413511479,2.346381791538924,0.7538132976390132,0.5096945410343385,43.45659771325567,81.24098685095719,-0.3575692363630178,245.1493515606525,162.87057645463665,0.5805272854639661,66.14710702132074,-0.02787463716504089,183.41798822801508,-0.046588898134857004
2024-12-11,-0.1151680143515051,0.1253172563240688,2.1138946876104723,-0.680527987580765,0.2809560116535541,43.557941124828425,79.84924961759586,-4.237403205411201,239.58448398929275,164.06952280180366,1.1189463471669805,67.4496147547805,-0.7933434920931943,176.13883820366243,0.8729553345546464
2024-12-12,0.1932748905777983,0.2559335187398327,2.201474843807747,0.7036708812633721,0.1241740819668952,42.474747304065566,80.08836864416168,2.133294626248407,238.3356299950055,164.5773163049488,0.4277935031451392,65.30421185063155,0.18504279774847954,181.81976608685608,0.047196026187350526
2024-12-13,-0.6399142077681034,-0.511947448398187,1.4514868938492564,-1.1676673687156325,-0.5239492734214244,41.84017052386884,80.4181767019526,0.2950604822345747,239.1434936627335,163.58435023135522,-1.0729660735935644,63.45775364169838,0.06344588843536195,166.76630581536978,-0.4363033390789539
2024-12-16,0.4689056969840568,0.2129319727849633,1.8478182461408503,1.344656223520781,0.0849571723231948,42.13759026873463,79.40605917147688,0.3188131221548,240.12234903127427,163.12151694842922,-0.5428332829259968,65.39400385925225,-0.10790169156730223,141.95475210485472,0.36886618090035483
2024-12-17,1.100595938301293,1.2070619246937748,2.8560232721351007,0.0921037706607073,1.3819393564917273,42.699187407773614,80.64566434692799,-0.0186418861042054,241.73038327256128,163.8749225588288,0.6734056103995901,68.58571895746745,0.15089678889642788,130.6165521654084,2.438611936146714
2024-12-18,1.359513626848717,1.963044589195604,4.072735735377062,1.2904357988531865,2.0198711898294928,42.63722325459859,80.56496122338417,2.208405538985417,241.16141155380512,165.76721454140431,1.8122919825755088,66.504474514816,-1.7844153518546064,139.1238056824373,-0.9451402399645019
2024-12-19,0.2008061254961795,1.1823284200939816,4.069905074104389,-0.7670207236437102,1.0165143016054097,43.79440330815818,83.0049637698099,-1.7638644988883363,243.64130481801368,167.63735671675698,1.7901421753526727,64.37076096380726,-0.9438541469315126,137.01542209495588,-0.9334508868242892
2024-12-20,1.788302111571711,2.3794663216187018,5.65471193197088,2.363567654304494,1.908785786869419,44.17435302090493,82.45184375860853,-2.594089189752905,246.24058023590604,168.73300156110426,1.015644844347256,63.35816204937495,-1.1886335115262008,121.38778911384412,-0.09959159232343495
2024-12-23,0.0012351271738673,1.1909682879832182,5.373211462546203,-1.771440613554503,1.0742163941168938,44.14681728215111,80.93833053298536,3.0791594502867365,249.77405198448105,169.22295326957942,0.4099517084751731,67.44317863339471,0.7370876659611023,142.04877595285382,2.0491747741424575
2024-12-24,0.6086342045118105,1.2041183485034197,5.713185093930703,1.937214664677688,0.6093752808161309,44.11485063107198,83.56448029025549,2.1437404874328845,247.6105245639924,169.98082235981883,0.6778690902393912,68.40858197714189,0.36344713754104185,142.5269716898897,-0.1771369803255567
2024-12-25,1.2871452287864409,1.8892044030381507,6.714671068020608,-0.1657657697218248,1.6523257514935272,43.16733974660061,82.94793152335767,2.7660823778491155,250.8427811343073,169.58573422433864,-0.4750881354801922,68.37395650445647,-1.1901218647519123,141.09674658931846,1.8694819896404766
2024-12-26,0.1515390013768364,1.096141202895912,6.530476515996413,0.275863328668205,0.9238261386487008,41.53545429592316,81.19903900772178,-0.0273154183550919,250.1649624046234,168.2735649668386,-1.3921692575000515,64.72126348783804,0.9386666304598498,126.48519464625903,0.3505025240307873
2024-12-27,-0.0970925035966438,0.450978097851312,6.106860186599948,-0.3039900000977976,-0.006169102770542,40.67987568510752,79.79540416425229,1.445397228617932,252.7942435142013,167.38239373490563,-0.9711712319329446,63.39931803671815,-3.194541445664079,152.34086483296014,0.04115598734320258
2024-12-30,0.5534913136610979,0.778980362586754,6.3550084909310485,0.7814838137344462,0.4952358115031116,40.44885205979766,79.65386185337995,-0.7531998763025101,255.7160204760101,165.62505363126132,-1.8373401036443224,65.88009404605707,0.3229740205846547,164.97604404085808,-1.5630845873376416
2024-12-31,-1.2922697153910536,-0.9027795340976766,4.744988350993442,-1.878382575691888,-0.9601749271943948,40.24347478784856,79.44046325052345,1.1003144423380795,254.1039528885776,165.02634184269527,-0.6787117885660503,67.46569034877493,-0.692525992170101,170.8090272857919,-0.942891628366965
2025-01-01,1.0813544584816623,0.6299646914328241,5.589093391925432,2.4901413902505785,0.3059926292470302,39.84310589243031,81.08040355633774,-2.880270762884644,252.9040339982549,164.94708045776724,-0.1592613849280318,66.47604092297819,-0.35363069180901074,167.7475636127426,-1.897915581478287
2025-01-02,-0.2548630657732127,0.0601192799431992,5.054775656555947,-2.122469108461147,0.3939496093157846,39.45820608274673,80.04253961915013,3.4506483054480035,255.2280974905489,164.56477968963327,-0.4623007681339688,65.1695665451265,-0.00568599445705642,186.6039463470817,0.4483030572884559
2025-01-03,-1.6037073394769534,-1.573647699505354,3.1983295342511964,-0.0118555081310931,-1.756625178940881,39.784040185721615,80.83281313037328,-0.2953835982413408,252.81850253073245,164.7592497840369,0.114470094403642,65.46391232019927,-1.3035959710418772,166.11274634091282,2.064594283481121
2025-01-06,0.3515302425523187,-0.4352936072003582,3.389943300090955,0.3604218736506385,-0.6106941611338533,39.74450691439527,81.2029199563685,0.3507879541899572,251.5459226604096,165.85676911647383,1.017519332436914,66.16574106765664,-0.049341123901539996,184.83316632830204,0.2856470215995728
2025-01-07,1.8802457818418603,1.6625989782416817,5.100691916928268,1.6099293766038816,2.091163927373252,40.40521454843068,82.53473129086049,-1.9321973762702072,248.9275148712168,166.74373285108413,0.8069637346102836,67.57413020748001,1.6075522700093132,172.45513941021824,0.10843985870508277
2025-01-08,0.2777097174998744,1.1090092066207151,5.123367038581729,-0.9297373149530368,1.4058571866049907,40.47569141282576,81.13644691007302,1.9999699430936864,249.2335797420008,168.47210431396053,1.6483714628764006,67.67206458096678,0.3513755525546079,172.75678047536402,1.1960236579885901
2025-01-09,-0.4258934643367835,0.128611138973574,4.441305222315859,0.271409521877994,-0.2592676338368589,40.19060190544401,81.41791996021952,-1.270955918912068,249.35197541991653,170.3699650774187,1.8178607634581816,66.01729452904485,-0.931575799679822,179.20180969987442,0.8477279839183467
2025-01-10,-0.5716040530150484,-0.5072984835282613,3.647635908185018,-0.7751611944235439,-0.8271401316171185,39.7590443848616,81.65449271747119,-1.1566618365999377,246.83596639367968,171.29374449423102,0.8437794168123389,64.44096726886185,-1.7327202650763196,175.47446059309326,-1.022945051337416
2025-01-13,0.0487072786748414,-0.2049419630892892,3.513961391450608,0.6300781744924995,-0.2942551531341875,39.91052979889745,80.85979854014796,-0.445885902101973,251.20596819439103,172.1501281874817,0.776383693250659,66.0203440291137,-0.2137642472266413,163.8889652401375,-0.14539703854293862
2025-01-14,-0.6256111994949155,-0.7280821810395601,2.712652122383162,-1.0981698303642902,-0.5963868322900107,38.638964672856304,80.52151683167499,-3.006946145735068,253.18959226463576,172.02768461706083,-0.2024435704208764,65.61514246091991,1.1490152351044098,153.1464140566386,-1.9589877465600978
2025-01-15,0.8738175333618715,0.5097764428420914,3.450837049625876,1.6974449061350891,0.4984508136649222,38.06005145314058,80.38604390373985,0.0762818256590865,255.35659618383735,171.2944148831542,-0.8132697339066389,67.05397175158535,-0.823776771195469,135.1531700023643,-0.6180928293814247
2025-01-16,1.9905290525576609,2.245417273978706,5.268824249702242,0.7174453729563439,2.5148195725747837,37.33350806952597,80.82457628162919,1.9477864464484171,255.7877932036804,171.0513546074128,-0.3230602757413935,65.44599976754431,-1.554349685360386,132.10043868242607,-0.571294761500539
2025-01-17,-0.9754005039430153,0.1473081330463379,4.029982533274115,-1.5134845336602731,0.2189169275915812,37.78968730976765,81.85691220204102,-2.4027350686206845,256.83019657671355,171.36160771780212,0.2302531103893239,63.87543839429472,-3.2120693357288683,145.29296001749947,-0.5655288745671356
2025-01-20,0.0535562119231718,0.1272102784463408,3.882039618533581,1.1886696121683766,-0.5316840904426372,37.82871121239916,82.33830883434862,0.4677153034490144,262.9815339432108,171.21219499709144,-0.2294127207106542,67.05426612616489,0.30385992772168013,139.0912258268226,1.0339220970511889
2025-01-21,0.4546616812506907,0.5182668204738611,4.1425993188575925,-0.4368405278755918,0.4867954084045938,37.63636445388715,81.06859349262778,2.005958435407802,259.18898797905035,171.88764146627784,0.5954464691863756,68.05756372937145,0.6264347937716203,138.98368825179531,2.4424212684515396
2025-01-22,-1.2165127027854643,-0.957379292548534,2.718956650129248,-0.8888823068787706,-0.9437156940350502,38.0510125908463,80.6872339874796,-1.8506654671292715,259.6829727917886,171.9707335966079,0.0030921303300743,67.01230879692578,0.08295255191515383,134.05687073874432,-0.04166295465957148
2025-01-23,0.2738245678814992,-0.2048650783927678,2.8568333855042845,0.9404862980405772,-0.4560830537897794,37.39754039561411,80.92653435697065,-2.508675928191732,258.3829731504585,171.64029245449035,-0.4104411421175665,65.0115199548529,0.6928271475135439,142.93300685255582,-0.4344798126914071
2025-01-24,0.969228933184384,0.8667963939880001,3.6832206494134554,0.2638642096539512,1.1335236739132837,36.56741608140944,82.40791488554139,0.5688567190453152,263.6334946252449,170.88687262111188,-0.8334198333784549,66.0314630782026,-3.031600243206083,158.89915182558175,2.156024683907887
2025-01-27,0.0055520088290982,0.4389502058230983,3.50461162577188,-0.1923461484113651,0.5870893687397286,36.15069991693343,81.21576878269208,1.4325631335205709,260.3130358822464,170.63065657747816,-0.3362160436337077,67.47891294924096,-0.31593000995924253,154.3887557798075,0.42464682307607404
2025-01-28,0.6787404521828448,0.898215555094394,4.0081214966661305,0.8230000634913687,0.6820716574803039,35.554803165461195,83.39161736232327,-0.4022983538005091,260.7702183238251,170.48158583019455,-0.2290707472836194,67.19705504512761,0.4156981408640763,192.89378602242883,-0.8605086842438396
2025-01-29,-0.0162352064082725,0.4328725711389244,3.791480215424551,-0.633485254026799,0.3910090649014344,35.87743886266662,82.39811506766597,0.1864636903560236,261.5480784277482,170.64678297039376,0.0851971401992092,66.45754109250123,-0.32261049825041926,173.2198596568415,-0.5547677044245489
2025-01-30,-0.7929778352368507,-0.5765415496673885,2.8089283694164724,-0.3178638947167514,-0.8027189590818142,34.74258378357867,83.93131400818096,-1.2495830348331505,261.70663527249167,172.27825924422297,1.5514762738292278,65.3206756702587,-0.5397007790003501,184.90513304875736,0.3091557154057938
2025-01-31,-0.5481420133001166,-0.8364127881338108,2.1203399376455323,-0.3097440922625529,-1.0239287144422269,34.62879718057448,83.23405872081433,-1.4043281250755713,262.94672134424576,174.13683549250973,1.778576248286751,64.20222708450284,-0.4223643027381081,183.2022500321729,-1.8292359936997684
2025-02-03,1.087598956022814,0.6693925619559085,3.1019218967860693,1.3199070252197287,0.7587137480427439,35.025896825507715,82.07146402410433,1.073028922827368,262.3622361990484,175.2445038334795,1.0276683409697762,64.83453305904406,0.4489547279205695,157.38368391563614,-2.644379890196902
2025-02-04,1.846021537593865,2.180717818571819,4.79284733954063,0.8560912686790682,2.498580911207553,34.81839427108106,81.69600537521056,2.4134995851976555,261.68175800913696,175.48109739221442,0.1565935587349165,68.02606465214517,1.7040413487883663,186.1855599306777,0.8290096070175537
2025-02-05,0.0131214592589952,1.1034803685449046,4.566326431822594,-0.6289469922503058,1.120734381815314,36.282661258448215,81.01271054731643,-1.926092951037485,261.65495057073247,176.25627816324933,0.6951807710349103,67.00936510018508,-0.024197036472853678,193.2393118578398,0.5518240076838481
2025-02-06,-0.6183117145636997,-0.0665715302912474,3.719698395667764,-0.1466014703759703,-0.6104388390083025,36.010588356832955,80.96639402863275,0.5651119389750708,260.3547877373932,176.980929740072,0.6446515768226645,63.264414840775146,-1.3182743101207341,177.42025563878985,-2.0562608294835485
2025-02-07,0.4966886899349145,0.4634029247892908,4.03040216581929,0.6066397927168923,0.1257016611966947,34.266590077882995,80.96791644767809,0.0820273962986108,263.35764867392527,176.40021392019003,-0.6607158198819538,63.43188099433551,-1.1689881416293144,168.49251521550082,-0.7703460901673296
2025-02-10,0.5510302694630428,0.7827317318576882,4.379912326991368,0.0960504249253735,0.8490434834239915,34.21812043440383,82.33572133357548,2.6877685162186102,266.872213703974,174.4104044858659,-2.069809434324119,64.32858709919407,-0.9909906168510322,155.40501424218132,-0.5059459598499956
2025-02-11,-1.2175288775901578,-0.8261630116613137,2.9433878330516423,-1.289566696284188,-0.8869107159123322,33.752368177382266,81.53180719522116,-0.8236920125068377,270.2441904164787,173.5020310750969,-0.9883734107690032,66.77848430321751,2.097245251708884,136.30750950565127,-1.2475803489276558
2025-02-12,0.8100641851833563,0.3969826793526995,3.606282626582416,1.777239207396497,0.0795468586292617,33.905634960551225,82.42411876313345,0.3585005163435435,271.19980799876606,174.62208039834564,1.0400493232487007,65.58312911605339,0.7492280131859066,146.1007549723317,-1.4262359841316936
2025-02-13,0.5193718041867245,0.7178631438630743,3.94534029944002,-0.8135576013606486,1.0054103152967382,33.69582960252539,82.18508370559069,0.852950548176818,268.226809040269,175.690218231214,0.988137832868375,64.9829997491606,-1.550834931841661,131.80511539766707,1.718584908385452
2025-02-14,-0.4401058398767722,-0.0811742679452351,3.3079674445912466,0.1700623611437141,-0.1284827573647375,33.6984457465108,81.8518878496406,0.0750567873561793,267.7917933568529,174.3417106169746,-1.4285076142393924,63.3093030776752,-2.5932562083542043,132.47420426749036,-0.12257791666030471
2025-02-17,-1.3268936386069383,-1.367480772579556,1.8156754337547456,-1.454440409464724,-1.5909571425330018,34.63472515659285,80.71531582707493,-2.872587757745732,269.1540147467174,173.66825951720207,-0.7534510997725309,63.584860366189034,-2.0556342873596636,142.2679252505004,-0.7437267330050332
2025-02-18,-0.0462368928943923,-0.7299772791841702,1.678654769172616,1.0445934142041506,-0.8423730760585553,35.33394387755622,83.00254935410676,1.827226500915769,268.2767592610029,174.04706261563115,0.2988030984290726,66.21377112781387,1.4561638982237164,136.46084716430812,-0.5647131754036394
2025-02-19,-0.1444103093728415,-0.5093989489649267,1.4503117213411438,-0.9278553700259544,-0.1721524451094768,36.091481878882405,83.68009587774785,-1.3115377094519136,268.2543234891098,174.49794540362578,0.3708827879946363,65.23488351475346,-0.10368915404658352,146.80295797264841,-0.3482456012999222
2025-02-20,0.7745824942772215,0.5198830197947581,2.152378629551308,1.4704740217966874,0.6879363086535166,36.38346881218785,83.38135436702831,-0.3936085448386932,271.3899355600947,174.36050294618985,-0.2174424574359361,65.85802327519784,-4.8116685601019284,145.24440327507173,0.8750235260372392
2025-02-21,-0.2283834230873351,0.0315580868100439,1.816376274986408,-1.3312389394348507,0.2363660734789977,36.85474831314672,84.00567723847851,1.7388819475646584,270.59720161316034,173.86167618704766,-0.5788267591421804,63.76336347877628,-2.1372156307099814,143.54783729907217,0.45406040110107426
2025-02-24,0.4137216630264342,0.4295007064314561,2.1392791242635214,1.4121508676025722,0.2766916091740331,36.08693428280127,81.43407383278537,4.315246360640236,272.34738070443285,172.86682079498576,-1.074855392061911,64.85145511452588,-2.2102872001168823,153.7234648319929,1.2665947483368427
2025-02-25,0.7985432692880694,1.0132936225037974,2.8308584373384145,-0.2605698814138597,1.04677626710393,35.783308328423985,82.89524433622772,-1.6537063639871108,277.72674576875806,172.22576006944408,-0.7210607255416779,67.6447619198078,0.43388428815456626,183.88517148288014,1.4309907919939349
2025-02-26,0.2026810363737926,0.7093278476256913,2.891996551845286,0.3981084474341874,0.6818069979466342,36.01753518791117,82.48800955428885,-1.8204083002257816,281.34498083173014,172.53439498260383,0.2286349131597445,67.64506095388633,0.4396352214467216,186.33427353626107,2.410177439132866
2025-02-27,0.7614198049603152,1.1160837287731609,3.508816529213337,0.4628384693846746,0.8830284267845908,37.70082074483696,81.02169554742687,-2.3871415502917155,279.63127335138785,172.92377144039762,0.3093764577937664,63.78368315615747,-3.875850461749952,193.4959478979421,-2.0743401190403645
2025-02-28,-0.41024602792602,0.1477958364605603,2.92312967482665,-0.757374879964526,0.046605855050169,38.96822574076192,82.39727836935616,-0.0336783547611809,279.2654937879614,173.4638592226624,0.4600877822648122,63.20472344084459,-1.2184148329938982,173.42062408726846,-0.5586400379316885
2025-03-03,-0.7702614443314706,-0.6963635261011905,2.0067117467538464,-0.2022302843580761,-1.0164090610870826,40.06056307560629,81.63231168066565,0.7584496609776928,277.4349631336825,172.63397594293772,-0.9098832797246832,65.39258192309488,-0.7941644376888713,207.3868991209882,0.541126808569004
2025-03-04,0.2601286705996692,-0.0880530924509259,2.1665048300158234,0.4118013838682263,-0.202028195999213,39.74954592826965,84.40937048584479,-0.6535421391407396,278.4850218828912,172.03250284344102,-0.6814730994966944,67.3942383549614,1.0373163405862798,186.09649576141962,-0.2505235648464037
2025-03-05,-0.6737286796883151,-0.717755225913778,1.3844509088267172,-0.9825797175894848,-0.5176514773285135,39.43328805181237,83.48533887369673,-0.3157738128083387,278.75574310674455,172.2774655896331,0.1649627461920915,66.98893756255363,2.385976351501693,190.40279333914617,-0.6561233913326987
2025-03-06,-1.3081447394757744,-1.6670223524326633,0.0070836239096068,-0.5712099512836608,-1.7123819472887634,39.57712214619512,83.39502484447758,-2.2166726024616983,279.1961655723304,173.01959563125104,0.6621300416179131,64.50391907147076,-3.0503772050376905,175.40507028531948,0.7202359153132889
2025-03-07,-0.4970699036238556,-1.3305810798401874,-0.4903404609097292,-0.06866244016111,-1.2819567473093203,40.34448879164399,82.62033622182267,3.196907958963604,279.35137185769383,173.1366382237764,0.0370425925253737,61.92099909980766,-0.9001716034225568,154.7911555474193,-1.2837243410369297
2025-03-10,-0.6093194888758011,-1.2746100287958948,-1.075142926740044,-0.5578226587549686,-0.9075614310501146,40.40721562221631,84.01272145012986,-0.6263828126754235,279.91898961874284,171.93440181136393,-1.2822364124124732,65.1739512332607,0.7038243583674634,159.65562543067648,-0.21863068983418543
2025-03-11,-0.043411068693242,-0.6807160830911894,-1.0647968490962836,0.3749559253729844,-0.4090027620187226,39.64404438415482,84.0306593449905,-1.04791859772847,277.97952832030376,169.96210474527214,-2.052297066091775,67.11201900588644,0.2382554108046273,148.91211677711792,-0.28221934907496404
2025-03-12,-0.8027859601312213,-1.143144001676816,-1.8143429667726907,-1.0840029041609596,-0.8288326013471665,41.35631699211908,82.90901144369388,0.6331012648740004,271.9466305298357,168.3798717738389,-1.6622329714332835,64.83080533590275,1.1919146979177233,163.29562378438052,-2.158132226650878
2025-03-13,-0.0713026140397651,-0.6428746148781732,-1.7949284324738213,0.7416995640809545,-0.5529741901184979,40.71466666120628,82.70162759006213,0.1707881718507259,270.7577078048438,167.72187815587594,-0.7379936179629258,64.19313591511973,-2.766709189558848,143.6912189817314,-0.3107831563510359
2025-03-14,0.298574482225736,-0.0228628252133505,-1.4066075286243942,-0.2577001908349798,0.2557929138018769,40.7543873031301,80.91401146319711,0.5893207390060096,270.304100654995,167.8450018592883,0.043123703412327,61.763724967977474,-0.44641597535196686,150.45054569645234,-0.15727413183018513
2025-03-17,0.3183666281453635,0.3069352155386882,-1.017910524047811,0.5116417712715984,0.4975113174808051,40.46193492101227,81.05659436039056,-0.0993947689050318,270.04519723806595,168.72769421678856,0.8026923575002715,63.80328150735755,0.09525460670677305,136.86434540157074,-1.3706697259031415
2025-03-18,0.0393189111232988,0.1927865188926429,-0.9276960867221216,-0.3444124173303999,0.2303388880105169,40.98746266987569,80.7165333646272,-2.83270406793858,268.7109374422502,170.33103708407205,1.523342867283506,64.93967647390984,1.4540281091198375,133.8007042934558,-2.1723425319765965
2025-03-19,0.7830022968336081,0.8793955562799296,-0.0983089855524073,1.041311609831408,0.8065936435075874,41.09808378281863,80.80798778618393,-0.3402141086169594,279.2021427319437,172.18312996881704,1.7720928847449882,64.78710925048811,0.029809241132585984,137.21583572436256,-0.043696085414637764
2025-03-20,-0.1574591852107957,0.282238592929169,-0.2508527214855827,-0.938442892584352,0.3123421928893691,41.46774262954966,82.02708044072504,2.601330337384755,282.1837679521324,173.10918993709507,0.8460599682780303,63.945461216051825,-2.0073347751748942,139.05879191586916,-0.2476746990679004
2025-03-21,0.7037895071560748,0.8449088036206593,0.4654794217447712,1.4076216765943388,0.6093139960295973,41.058448143801904,83.12903251092102,-0.6672051218050618,280.30531868899374,173.54385405305086,0.3546641159558005,62.99088696293833,-2.8901864426157524,150.55001382508286,1.2271619949608592
2025-03-24,0.3193100369448534,0.7417644387551832,0.7615154876023861,-0.7364062205009008,0.7415837412384982,41.22777653347407,82.00218002355179,-2.1773279028891777,280.4991119019506,174.12711334462617,0.5032592915753039,64.35800605857514,2.0812804974550745,157.80412008378372,0.5547245512175891
2025-03-25,0.2365416131945734,0.607423832572165,0.9599813264168402,0.788846278570249,0.4281276353614854,41.408805916622775,82.32566076288155,0.7264722545404241,282.8255633528154,175.49085870720953,1.2837453625833597,66.23216279037116,0.9049752368668522,163.44352602668545,1.2924863164613214
2025-03-26,-0.3117511185997785,-0.0080392023136959,0.6002311414962196,-0.9033858275274652,-0.1698261506830344,41.59021859915879,83.08332804398981,0.0231620453688934,282.47912980161993,177.1760842803303,1.6052255731207603,65.46460892420507,0.6630760769057394,198.97056601490036,0.6774996737169516
2025-03-27,-0.2738461895736663,-0.2778657907305143,0.2963733948477423,0.4036931810719326,-0.4608968607335334,40.81938804349952,82.03792000054531,-1.3679854376890386,282.4165300494359,177.3341470918649,0.0780628115346357,62.8294046062907,-1.4107157193670419,190.02068876440225,-1.1160566097611238
2025-03-28,-1.4717779301748548,-1.610710825540112,-1.1902232050694996,-1.7745478159788042,-1.6360856439190543,40.68725680023499,81.98975611203133,-1.0851175803020263,278.39278433947345,176.71096552232342,-0.7031815695415191,61.60903339433543,-1.915985579145227,193.5763130756917,-1.3818535686029065
2025-03-31,-0.3513717835588001,-1.156727196328856,-1.4820838283748248,0.9795390784253027,-1.234438541663713,42.341308388059936,81.85250909586928,-0.2889231549919612,278.32219011591224,176.24179674871493,-0.549168773608464,63.858361565924426,1.7840430758617614,177.20171969844336,-0.49964449265071664
2025-04-01,0.1701981266782411,-0.4081654714861869,-1.2377815102778424,-0.5644561821407361,-0.0406249434570389,43.15236695682758,82.71322883477967,-0.5775717609543218,283.4755270583812,175.89341783980518,-0.4283789089097477,64.62162837989358,1.7404983095168023,197.6264919469124,-1.6105344104775838
2025-04-02,-1.4057174803996095,-1.609800216142703,-2.58160991516356,-0.9823753437940574,-1.3035986043926648,44.72789966573486,82.65040733727365,-0.6890393902118764,283.9637305671804,175.93993336291285,-0.033484476892352,64.88365539993453,0.11475061359217215,164.23332841598173,-0.5809535242705408
2025-04-03,-1.160018166985815,-1.9649182750571663,-3.6125475863911967,-0.4232366591402718,-2.003448655225581,44.880875889480194,82.06425563676297,0.407909086748607,284.7341044527394,175.78017140584063,-0.2397619570721914,61.43205933524821,0.02422084954381698,175.15849983274308,-1.3973452710424894
2025-04-04,0.5144206614980984,-0.4680384760304847,-2.917499545573538,0.8318481558533023,-0.1815902386933905,43.22331413830635,82.76795314182534,-1.026712116027752,285.0786668438834,176.30449628818934,0.4443248823486894,63.3368010897083,-1.9830280276982775,168.70053020963968,1.7277676953728758
2025-04-07,-0.6694240976508812,-0.9034433356661236,-3.4410486659457424,-1.293310214540858,-0.3607717007520221,42.48217586722835,82.91056270789394,1.3343360820365502,285.2604679511435,177.26963482067845,0.8851385324891123,62.24689570982739,2.584101182808019,156.2723891996251,-1.611465856097034
2025-04-08,-0.48338036535071,-0.9351020331837718,-3.752376597999165,0.4866022955549334,-0.8850348239412387,43.0349573769586,83.81303659682881,2.2676741318116207,281.38625510851205,178.42368039748027,1.0740455768018022,64.01355675850817,2.046568850169588,148.61831036118295,-0.608071621385406
2025-04-09,0.7023095056829816,0.2347584890910956,-2.8624482624162253,0.3373577840167815,0.4122812864725555,41.948422113832166,84.94504913322923,0.7140546389014704,285.21135377093543,181.0053113490117,2.501630951531415,63.74551982985295,-0.7902737862934758,151.89305522844603,-1.1381355700815732
2025-04-10,1.600705715322795,1.7180849598683428,-1.118620133972619,1.347687377310209,2.022091418732584,42.09333470932715,84.04807764511318,-0.3909210988570357,285.7111977655129,183.57693682544547,2.491625476433815,62.45100288024689,1.2097261243019477,153.962128022065,1.0189435449986775
2025-04-11,0.6886048055845694,1.5476472855187406,-0.3740843216894186,-0.3221607273980874,1.6490282347782463,40.923648417129804,85.58189716575494,3.3579953105345983,288.3581463956537,183.7989912984789,0.1420544730334769,61.69152316155511,-1.892468168582287,144.03138734786918,-1.6452779281531917
2025-04-14,0.474140010469117,1.2479636532284872,0.1187599048641693,0.7157605560176826,0.8873028938198586,39.582777425817326,84.0151132771418,-0.7630337397455187,285.9101000220306,181.96551564467973,-1.913475653799246,62.397190340662426,3.009782897483479,133.37858865916837,0.15029463083503458
2025-04-15,1.2795239645824683,1.903505791196712,1.3923458742034291,0.7427035475692063,1.5640079708639385,39.5308282726809,82.30163965823292,2.1542247970531165,280.9452530732977,179.97947715092096,-2.06603849375876,63.955539964340886,1.3853988125301235,149.824358274016,-0.05801679416728689
2025-04-16,-1.4016854753447852,-0.4499325797464292,-0.0789568948515275,-1.9587131360216896,-0.6339710965953042,39.28062748532954,81.91790829612266,0.36163994820374,280.7189515180337,179.29525507573544,-0.7642220751855252,63.99850210578811,-0.6610583431009914,137.49487448344698,0.2529822759351603
2025-04-17,-1.60803051335615,-1.8329968032293649,-1.6830395634651012,-0.1389956613398826,-2.4490417985630213,38.34664225571196,84.36886188051818,-0.2886791669025859,276.9953038469225,180.53125756185503,1.156002486119608,61.87481614215592,1.1196473754703264,144.20907553397035,-0.5761867380909678
2025-04-18,0.4139515519909161,-0.5025468496237662,-1.18493603330093,0.5181982979958282,-0.5508667560227739,37.48597122780502,82.18528853702401,3.6164734743546254,273.3616142889539,181.86357409533676,1.252316533481702,62.45778241424382,-1.1821021901700157,147.17018402965897,0.7662592526887124
2025-04-21,0.2940557717421352,0.0427823469302521,-0.8316334598937483,-0.0945929517547359,0.5424267029366849,38.1404469183672,84.16395187782372,-0.0112104309086013,270.49293124103826,182.677320220698,0.7337461253612947,64.47102492639661,1.4256953850453078,154.12466640748036,2.0738345857341827
2025-04-22,1.9154673008101912,1.9368584742753168,1.1254155139111304,1.9864120146262432,2.0919007638554725,38.37711645185811,82.65485096709817,3.967726769244303,269.44386350782634,182.28322385062256,-0.4740963700754622,63.72056154294314,1.424828705312119,158.08669589695353,-0.2349784213977486
2025-04-23,0.4184516016322509,1.3868808387699096,1.487596339847825,-1.0713574093374314,1.5677319821183655,38.07177685768009,82.26047349765794,0.8194932281267076,265.9144179647123,181.9158618653201,-0.4473619853024616,63.435367380804564,-1.131727733408067,178.3824144289783,-0.5631347249835486
2025-04-24,0.1199304023115971,0.813370821696552,1.5331469251670309,0.9234484593146708,0.3710013632909477,37.53139594878782,82.07065675854241,0.9440988511021904,264.0676234034575,181.70581205913945,-0.2900498061806674,60.7423524809368,1.5919601735422733,166.8096295185258,-1.13246366121912
2025-04-25,0.6330022506940941,1.03968766154237,2.0894918296027734,-0.0595840937919088,0.7049604920810524,36.65715835657739,82.89808095939122,-0.3704349587506355,262.6228476029868,181.1638943843852,-0.6219176747542602,59.82373753731226,-1.7356065385805428,215.96653154552737,-2.6340448769315614
2025-04-28,-0.6223141340543757,-0.1024703032831907,1.362703104068259,-0.5776260637104441,-0.2425127836379192,35.810445717917204,83.90468654979645,2.207043373774136,260.1004887832645,180.1713818858381,-1.0725124985470926,62.23912739879972,-0.3104864854165821,200.84349240688135,-2.2318975275968924
2025-04-29,0.0411149585341592,-0.0101201931074361,1.3356829073990049,0.4743345063169923,-0.3322735218984662,37.4059237108274,83.23769254813149,0.465119110426832,258.75836525597674,179.26950282313658,-0.9818790627015156,64.63384746894747,1.644169931676425,193.3646997075426,0.9132859260043276
2025-04-30,1.2711786396894027,1.2661185431356847,2.5400774017184573,0.9154277599516584,1.2958476148098983,37.24349350756857,83.53903606929116,-2.204658611771008,263.3590204784864,177.83731356668744,-1.5121892564491517,63.32396389457129,0.28803253864397804,213.05639338534573,-0.11140348623327156
2025-05-01,1.3141236442563071,1.9471829158241496,3.7271971758888416,0.6275528242925632,2.076830828069949,37.96977166729839,85.53637617167567,0.6507123674918411,266.0253602978389,176.25157296017096,-1.6657406065164615,60.93753968504686,-0.26422115735943796,163.98048707698075,0.19518720411005575
2025-05-02,0.1850347510091994,1.1586262089212742,3.725872068103599,-0.285629867210223,0.9735089375629836,36.97957304401335,85.48416161918601,-1.6015299691464595,262.9914483481929,176.23051476180711,-0.1010581983638359,61.46679898104998,-1.702719539318018,180.82931588911464,1.6430614437377216
2025-05-05,0.8516305372838414,1.4309436417444783,4.39120900198226,1.065852937691509,0.962651387889361,35.85646954340734,83.22929012044139,3.6530466501846304,264.65063284478225,178.422344615844,2.11182985403688,62.256194518206044,-0.6500435194191857,156.64749141911528,0.017067119406327436
2025-05-06,-0.6179267943024477,0.0975450265697915,3.553721757580699,-1.417316497571079,-0.1069484719321428,35.9582428591814,83.66594636267016,-3.029397702296183,267.4259725393265,179.73054995493152,1.2282053390875227,63.70588785849724,0.5150715157939533,159.80297581714285,-0.9279596104502232
2025-05-07,1.1099586916498807,1.1587312049347764,4.485994361351544,2.17294606482819,0.7392026150684121,35.8957754993762,82.25230104241182,-2.163322142162144,264.0937734463746,178.64950383382373,-1.1610461211078065,64.10298331110599,-0.23401509072717283,137.8835183068816,0.7790194165346946
2025-05-08,0.7159487330042097,1.295314335471598,4.977643376288176,-0.9137608156169328,1.381923947994138,36.39852174375688,82.83980943627046,-0.1021914484928323,261.86453836103294,177.68827578112086,-1.0412280527028737,60.69277120060713,0.732278196526516,155.58333027663414,-0.24476848443972443
2025-05-09,1.3209691463532862,1.9686263140890847,6.049730353827053,2.0062897580659858,1.750538386155812,36.67226205522578,84.14033071435131,6.7310170851618905,256.8189264792466,177.54232348126612,-0.2259522998547136,60.24506947853979,-0.17305632570644125,141.22611047851473,-1.2217295025101933
2025-05-12,-1.414367107196728,-0.4300539501521853,4.332876728938972,-2.919084425746217,-0.6217856193847562,36.29801227363736,85.37201697087889,-0.1641976534780493,262.15035048690913,177.79678503846932,0.1744615572031828,62.291208420265995,-1.5931109779556882,140.27444707765866,0.03501390205995136
2025-05-13,0.422104530219944,0.2070775551438514,4.538337422711968,2.611417849529607,-0.4265157340980927,34.977687979774416,84.33850907397124,-1.5427565310735338,261.2095493986432,177.47239367476243,-0.4043913637068801,63.68813383944265,-0.8527160980282891,143.66376059401185,-0.017754019054592618
2025-05-14,0.8364603954511171,0.9399991730230428,5.147880947027486,-1.1221029916960883,1.0897231135830836,35.74539178247781,83.59927508783422,-1.7050078724179256,262.5932412290564,177.88824383149722,0.3358501567347562,60.75510533749371,0.32603672600425754,144.24540000622912,-3.3478779736122775
2025-05-15,-0.0997698275677701,0.3702297589437512,4.790717072108341,0.741807416204296,0.4021064097029,36.71974123711893,84.69396046975655,1.2254519581030672,261.1141530494296,179.56206204806244,1.5938182165652377,61.08780663007102,-0.17976876485256865,154.56692627987653,0.3950354294638885
2025-05-16,-0.6314140660798979,-0.4462991866080223,3.919767152423026,-1.18776962823312,-0.69127596262056,37.4834657322112,84.26020707399331,0.6046898666865439,262.1849524552329,180.19252992738825,0.5504678793257818,60.28648525229215,-0.022758797845510714,154.32954070177436,0.041415773752362384
2025-05-19,-0.1407086381278392,-0.3638582314318504,3.5830701566740357,0.7501185830470007,-0.519557077775778,36.85590282825128,84.68981140224089,0.9233779829362078,259.4006908542976,178.6490641548699,-1.62346577251831,60.98249817616878,-2.9169680136625984,174.83664726217629,-1.3087102440972131
2025-05-20,0.8816040592709047,0.6996749435549795,4.285520708111238,0.319015121985654,0.7971788763942012,36.3338216381944,85.14412222535613,2.387294316513934,259.2650832204289,175.62872363020443,-3.100340524665474,63.53270629732136,-1.930169320682281,180.0911984602603,-0.15542754212128784
2025-05-21,-1.3118010612455968,-0.9619635894681072,2.759443611460079,-1.5510624027348374,-0.7828386256830541,36.74246116282284,86.55517213222493,-4.580711024128014,256.4137922434654,174.63645263785395,-1.0722709923505014,63.01551977061204,-0.6353088282431377,196.32945319120276,2.260414433118328
2025-05-22,-0.2940730130964073,-0.7750548078304609,2.3273984177906675,0.8692237889547207,-1.0811536498437655,35.97155910456607,84.69733308247551,-1.0379423751760326,255.433624921303,173.96656666103257,-0.7498859768213413,61.037518181673605,1.0803683955912837,181.0121736865918,-0.050288448397417085
2025-05-23,-0.0706731362862391,-0.4582005402014696,2.140355360614895,-0.7225909780022797,-0.2471169441440835,36.301683938262165,85.03801732137312,-0.366780297041983,255.3692487846104,173.6277283619572,-0.4188382990753863,58.61314003520179,-0.8367498308930629,193.52490727329615,-1.6733452170903647
2025-05-26,-0.8312456834146422,-1.060345953515377,1.202091909169508,-0.2893024499129324,-0.8736495651863857,36.025823534083486,84.4737302240898,0.1249112923811694,254.64436379515445,172.93737809621814,-0.7703502657390603,61.67308826219855,-1.5165911589825125,182.97550619054297,0.6905900860297649
2025-05-27,0.4843606616850663,-0.0458123150726221,1.626347975396099,0.7013374991197656,-0.0143867483637189,36.27372887196121,83.90642390087964,-2.2478833690399127,256.1688730029816,172.64202990730445,-0.375348188913698,62.480695400838776,-1.7312358430972499,176.24650475832686,-1.0520108964825852
2025-05-28,-0.5607155399433996,-0.5836216974797107,0.9843150366828944,-1.0867186642832238,-0.2700991429323598,35.41073760362086,85.0904650928307,3.718825330265208,256.6558260554016,172.35227217055893,-0.3697577367455179,63.027226600325,0.11323611218083895,186.13504564190393,0.01170682971296344
2025-05-29,-0.3052305757042877,-0.5970414244441431,0.6298687091444619,0.5098084225081302,-0.6416598996703274,35.78410863624741,82.99518518067936,-1.5784167194164664,257.96067068818604,171.96534380202942,-0.4669283685295056,60.138924434019046,1.907935571085876,204.40761788049468,-0.8985937476545587
2025-05-30,0.1851519476815133,-0.1133687645405582,0.7835272213687521,-0.1972043691995842,0.0020136022589407,36.90774169662591,84.21206358155271,2.3990144502175106,252.8667857972158,172.36797193098357,0.3226281289541323,58.728609117233944,-1.7008344376375013,171.2386170155152,0.11546908203215622
2025-06-02,1.07428075343407,1.0175963711637908,1.8186316137343843,1.222184030333758,1.185371922042978,37.71723991363409,85.04067579030331,-2.110070749360434,253.6007721620751,172.65130738631922,0.2033354553356802,60.858482861633966,1.5350469573744647,184.47518408842475,-0.8146054005645809
2025-06-03,0.491369159737984,1.0001673453198794,2.219069192785649,-0.4252688630123346,1.135937611798426,39.15839756484315,83.14621254531464,1.200653054709118,256.52401584847337,172.00008157249897,-0.7312258138202578,63.8732610604607,-0.6477902507729213,160.0519180703662,1.3925656596219227
2025-06-04,0.5424903456589978,1.0425740183189376,2.6506060788053643,0.8614419929182487,0.8373118415017882,38.81585063800635,84.13053314550089,0.1453850553473309,256.74336947254926,169.51139039459883,-2.56869117790014,61.510550604805886,1.5085288359829154,141.5416412472927,-1.5166759955191154
2025-06-05,-1.6652929884200742,-1.1440059792606054,0.8527827864450215,-2.311374483108761,-1.3397987810246756,38.041537432392175,84.92271443484051,-0.2218168301306677,259.7860410280155,167.89838941298268,-1.6930009816161478,61.25781939388015,1.7467352128609688,133.77929190456047,1.1188949598611018
2025-06-06,-0.7279216887692772,-1.29992467839958,0.0822219583534931,1.0056091735622934,-1.7270974818213216,37.79728988468494,84.56089411114779,-0.4472101688091417,261.5248094374941,167.6072638083391,-0.3711256046435677,59.4736930521355,-4.389144323059165,141.7259330178568,0.7450839349015581
2025-06-09,1.8863349200074,1.2363725808076105,1.9644457804432187,1.13212803983568,1.449581906745834,38.737745269738944,84.93808259915775,-1.5385681503205204,261.1822455682266,167.29293131679276,-0.3943324915463332,60.56364869051519,0.703391562025504,151.80203926299924,-0.2948341711187794
2025-06-10,0.4258679353169132,1.0440542257207184,2.292091426737971,-0.4232280945598468,1.5576688873213531,39.03663408609312,83.85524602568412,2.745517995405368,260.87767771318056,166.31591827983806,-1.0570130369547126,62.516936917889545,-0.4857580211874206,123.09710152226515,-1.3563241425711539
2025-06-11,0.7330754131993014,1.2551025260596609,2.9105622686003736,1.0504964841191864,0.9885961743894494,38.3902461896327,85.6837773157886,0.1537378860360244,264.6964914124364,165.0588962136075,-1.3370220662305674,60.991119019834905,1.6463901724650531,144.85658474064996,-0.519431584970981
2025-06-12,-0.242339793268094,0.3852114697617363,2.5226943619022606,-1.0302121563574838,0.1975054546514867,37.45707605325772,84.41491903546455,0.4257981480611369,266.44095000222103,164.3256640315995,-0.8132321820080003,58.23203501524583,2.910593747807833,167.50252901453453,-3.02578437863432
2025-06-13,-0.5367935200928625,-0.3441877852119943,1.859766123714285,0.2358655971752502,-0.6821973960537189,37.49946496912396,85.59818885345341,-1.7329257747736788,261.0522813281523,164.15188240258846,-0.2537816290110537,58.1404204432673,-4.213445411189605,162.95299295456374,-1.3332726088681994
2025-06-16,-1.7085131066907868,-1.880606999296784,0.0582647108377838,-1.8854123045722244,-2.0305892187465044,36.47040857235916,84.11010205074692,-1.4388114229132605,265.5322726227003,163.83610506542277,-0.3957773371656511,60.69434472902342,2.1382090190132423,172.32970763455177,0.13069603850823341
2025-06-17,0.1461187835509209,-0.7941847160974711,0.2014702588468155,1.5601780119800894,-0.8789890804635511,37.5517931493676,82.99132297418521,2.549806883698825,266.708385511592,163.0232563130191,-0.8928487524036937,62.98711716578359,-0.11206421680313938,196.46748329791112,0.4701802478940422
2025-06-18,-0.0176810072550342,-0.4147733653037698,0.1737157386494405,-1.1878145162401013,0.0699902628755183,39.05658326322764,84.67923389760156,-0.7239632913067006,265.22312093637674,163.31973604033652,0.2164797273174195,61.945545427587035,1.0887523539033648,190.4408388906149,0.9544264077521305
2025-06-19,-1.8222451955535293,-2.0296318782054144,-1.657215243836561,-0.9313843083734537,-1.83285379990655,39.888629336469535,84.3925588489091,-1.1962076383464153,268.03163681798463,164.45422364512478,1.0544876047882852,60.00716091863728,4.912616604788053,197.81494728385246,1.775125903391455
2025-06-20,-0.5788406912242627,-1.59365663032697,-2.153195172868996,0.1196975400558274,-1.6721878085563804,39.24869544594161,86.24478705081995,-0.2876036972897536,266.9490375127796,165.49362939722013,0.9594057520953378,58.05354937181961,-4.101117995631093,198.67556682952824,-0.08687107144769612
2025-06-23,-0.4629485202579936,-1.259776835421479,-2.5084839344835395,-0.5527216752998643,-0.8102529349925514,39.85553252118957,86.15044008315098,-0.7601381958371735,264.2973136310976,165.6639211167672,0.0902917195470684,61.141184833973796,2.9652589002958023,197.73316323713175,0.4468401049503754
2025-06-24,-0.492352651617348,-1.122241069328087,-2.8754123893767103,-0.0778113951424498,-0.7701217637721443,40.37633837983471,84.02906477163022,0.1954654038945905,263.8338318049303,164.7223613000812,-1.0215598166860145,62.278025679921804,1.4174796193226211,182.83195296005795,-0.7090914858617836
2025-06-25,-2.404066385325931,-2.9651869199899745,-5.1357081552338055,-2.3457078389690937,-2.69947797629634,40.02513518279488,83.89908626161557,-0.8296835177811597,264.2443541790159,164.23691849736196,-0.5654428027192435,63.47036927101601,0.5098111641758591,181.14824908573289,1.524823843428976
2025-06-26,0.8476224663264433,-0.6349709936685439,-4.031300281145671,2.6069033455532638,-0.5948173648691153,40.20053743998756,83.78553200647976,3.4421619414570235,262.48563255374427,164.6177192240359,0.3008007266739581,59.01255743897239,2.166095645715265,189.251968790333,-0.9946034796648959
2025-06-27,0.0702429630312267,-0.2472425338030451,-3.7594923040571606,-1.8849345461337208,0.5788164428270928,38.761707325312734,85.81680770592314,0.4218446255429479,259.55384211456646,163.8342425895066,-0.8634766345292918,59.56901867640325,-3.1608401393997,181.377696419185,1.5154693045836467
2025-06-30,1.3026990024350813,1.1790777355335589,-2.268818686419221,2.716399912035372,1.3448447802538173,38.517482348195486,85.26495841875877,-1.441469874798137,257.495675839157,163.17810002309653,-0.7361425664100738,60.97183362111988,2.227964453097694,172.18883140957558,-0.1693512128539183
2025-07-01,-0.6335252302029091,-0.0439863624361297,-2.788902982301169,-2.670825164229438,0.1480941712581397,38.90148974630267,84.58922083085541,-0.9755313891847814,259.5003274831976,164.16918973268668,0.911089709590154,62.192293284626075,1.9559862539684767,157.48546371779233,-0.08573239529572874
2025-07-02,-2.327615396678877,-2.349608577896942,-4.977073229864988,-0.3244965235067991,-2.707730534800623,38.671969883288426,84.1086573861772,-1.04875321207854,256.7477448248543,165.1645363805419,0.9153466478552093,60.24170920870911,0.26228283518845397,141.7690731030063,-3.2286600623069006
2025-07-03,-0.9733700008941304,-2.148174289842601,-5.7015895692658685,-0.7299976082640312,-2.369939238901457,38.536724664898365,86.4226114543612,-3.578691526713756,253.24910286840435,164.7053102911848,-0.5392260893570953,59.38845932819062,0.5682650435300024,152.8401490656991,0.375901889218234
2025-07-04,0.4522723714790821,-0.6218147734422186,-4.964237719323493,0.9997705776771056,-0.131749629057396,38.76119700362773,86.5915601074163,-0.6974671632955405,254.6141454102408,164.1550329021518,-0.6302773890329934,61.06065987859193,-0.5631984432850867,135.90534181523932,1.4916412021886742
2025-07-07,0.6789519856420396,0.3680445989209303,-4.037073847715279,-0.0708759476157895,0.9503154085294888,38.51215276465742,84.99729749336989,2.016500781615284,252.976049302208,163.83078367542322,-0.4042492267285885,59.80116916843348,2.5868948371588214,131.59437129901372,-1.1706644526863954
2025-07-08,1.7822229672273968,1.966245266687862,-2.052997188102118,1.8353799279392389,2.1895941586126204,38.75639529562244,85.34352595314027,1.7098108082843655,248.1942944253965,165.50812077616388,1.5973371007406556,62.3638348399386,1.7203808945959573,141.34773383876535,0.17154155531252258
2025-07-09,1.812414592635119,2.79553722597905,-0.1379327360618929,0.4358796466806898,2.8817483729715567,37.88710201840539,85.32039288523536,0.8011973567445856,248.77841955953215,167.42379860183115,1.8356778256672677,62.49697010252581,0.5973649047739481,158.96186433103526,2.255260893816697
2025-07-10,-0.3784214190786864,1.0193471939108387,-0.5094575183374848,-0.7053311540892038,0.7090273365023848,38.06842494357586,85.20076557343833,0.0329668807775694,248.63708096427595,168.26400522487245,0.7602066230413047,58.34446808269102,0.34769629399730195,160.54966461357148,-1.0439912454995977
2025-07-11,-0.6096785503656404,-0.100004953410221,-1.093663192786251,-0.0806801847987376,-0.8367314018128523,38.027788053480506,85.84320946859526,-1.2386511345870377,245.7023878629176,167.73950243744065,-0.604502787431815,57.58730791662401,0.45355379698881765,168.98367070398956,-3.4733519619679143
2025-07-14,-1.1461570874354503,-1.196159564140561,-2.1851371205823886,-1.0856469488363971,-1.5119642176548345,38.76570049202637,87.25628431809336,-1.2277524418885437,247.3036578095491,166.8591210584835,-0.9603813789571332,61.42298646967502,2.1694134159590512,168.17960774886606,1.621817301241535
2025-07-15,0.3827408994987381,-0.2153388825715423,-1.6931393650545312,1.196976111126036,-0.304953352962532,39.25267659549853,87.00329849567031,-1.575077153392656,244.77879524975057,166.70023713477042,-0.2388839237131023,61.60998588055573,1.1866374867288372,195.35871926962125,-0.7538489593828643
2025-07-16,-0.891507329797315,-0.999176771083086,-2.4999897265991198,-1.789239413141842,-0.6618627900980721,40.35347644369545,88.48674811115988,-0.7396218822456638,246.3577039850664,167.45681725400794,0.6765801192375476,62.320687381808725,0.11388797539125167,196.7531805432593,-0.17628272071708295
2025-07-17,1.5850280356808455,1.0854396501393024,-0.7899622045883177,2.926957595537227,1.0501236378024563,41.85837193354536,88.61653086543492,-0.4078909353073901,244.5224392977349,169.22216159257383,1.6853443385658746,59.022124144485005,0.6510677264491365,207.334926159314,0.6776560617939822
2025-07-18,-0.1539153268621665,0.3888044982074846,-0.9043794212210684,-2.349133523515087,0.7971014945463407,42.69110127398518,88.09310992214952,0.3553182363090817,245.98256878683395,170.12065273070843,0.8184911381346077,59.23647662815639,0.2855256001980277,191.38596777094045,1.6491687115323757
2025-07-21,-0.7271805833882142,-0.5327783342844719,-1.586341033548229,1.0346695592481008,-0.8195297795055142,43.61405452699599,87.92548210491084,0.1372182409409253,245.0581027911169,170.1706096668349,-0.0300430638734833,61.11862174870428,1.4846188112280312,199.23517183814184,-0.30436472097073874
2025-07-22,0.7877979630351472,0.5214087958929112,-0.7192260188356704,0.0117957935990715,0.3514896130022186,41.97982007187933,85.97296256686488,0.5737064665192236,249.6267145167687,169.26561748190738,-0.9849921849275556,63.58140657872559,0.22377948955161286,206.76294551939765,1.971420698169858
2025-07-23,-2.4746008864887363,-2.2138964885422805,-3.157865604382623,-2.48344773168804,-2.001922108667648,42.053071312468745,85.25631495183258,-1.0834088435498317,251.00829362305944,168.41372229151006,-0.93189519039736,61.879139564627074,1.5722018139911913,192.88570956057086,-0.44154781718165026
2025-07-24,-1.102535117523902,-2.2094833617950425,-4.1025074416873935,0.7600506812421279,-2.587295649417144,41.691965526014926,85.6058542754855,-3.231654519854754,244.6031369325457,168.7919636131782,0.2982413216681653,59.89892857139282,1.0131277077242928,158.63734347094743,0.8768044269078175
2025-07-25,-0.734640191992893,-1.839381872890414,-4.632022261595917,-1.3046782029244888,-1.3961612625072342,42.15281168291133,85.57817877874142,0.6131188732661284,245.1538185352127,169.1908878246818,0.3189242115035624,58.31747862372388,-0.41624230204498,199.41055555437094,-0.9189980044325097
2025-07-28,2.1781109582684413,1.2584200218232342,-2.22231019024768,3.156619610461808,1.7373268430727054,41.4642774379391,85.64805850990966,1.051014965544473,243.7857025066586,168.97551730286705,-0.2953705218147184,61.43345200505765,1.4448051615697277,178.96541502494705,0.3148302563533747
2025-07-29,-0.1250552857123302,0.5041547251992868,-2.236249966447626,-2.492519993558686,1.1818112892487345,42.765600608599854,86.75116659569214,-2.314202840798003,247.34099896118957,168.0682601906713,-0.98725711219574,63.57803832759628,0.4067305713875815,160.14039979623263,-0.0033682511293093853
2025-07-30,0.1433260555762978,0.3954034181759412,-1.9811114125489464,2.012716050745313,0.0682928841488996,42.19466681042568,86.8278856290488,3.2059863223763414,243.84474996883253,167.33614520535207,-0.8121149853192382,62.0967405812021,0.7294708471223836,155.3086202253332,0.21760101657502418
2025-07-31,-1.4913447229345356,-1.2936430138465649,-3.3734005648560346,-3.00088176099352,-1.4053490895887568,41.95689401622062,84.95235377692862,0.7908981418948945,242.03664054839396,166.83881684908204,-0.5773283562700254,59.94847908945302,-0.7607435105538962,148.5676234502936,0.04955051806020094
2025-08-01,0.6882510980908763,0.0414295911675938,-2.516479438522357,2.938912418836016,-0.2065557356698451,41.670671841562736,85.31727806258458,1.7844015478841686,243.60482368362355,166.4666068024822,-0.452210046599833,59.55789556050034,-1.109083760142755,155.32294650486523,1.2404169367764624
2025-08-04,-0.3188223541914032,-0.2981075586076063,-2.709477820787642,-2.523006668318416,0.0941283046631225,43.19200951356075,84.43508779470487,4.108037294225599,244.4613164046055,166.40857122779522,-0.1380355746869909,62.169198025697895,0.7732383665124087,151.58951117106287,0.7357460206402422
2025-08-05,0.2867229709488172,0.137669191645014,-2.287280958799443,2.178977972187629,0.0954295584339753,43.79786108639557,84.50800214353299,-0.6827643920366565,244.93502734697825,166.3290191910312,-0.1595520367640241,62.50553119155818,1.2378946995171767,148.02507568690393,-1.072507136038105
2025-08-06,1.3546448480341828,1.4234794438566898,-0.818272062825288,-0.2795886311065387,1.5266786306034732,44.6067452594078,83.79488704128121,2.758633041248799,243.97807985539825,167.76203191353855,1.3530127225073538,61.837563541525455,-1.284099591596325,156.80574791852166,-0.2591770396766435
2025-08-07,0.0722094748441269,0.7839491967724719,-0.7051489848398965,0.281900948174031,0.8849963836646366,44.617543996052696,83.03467192998583,-0.3419233723096398,246.05734772356,168.87132498108195,1.029293067543424,60.379918340922856,-1.4151929284619023,170.18204993275555,0.43143925146983264
2025-08-08,0.2717275662279076,0.6637021646141436,-0.3981639693699941,0.0603018550973843,0.3150532511343838,45.9403442818418,86.2568826163354,1.5151387346427674,243.9532212443584,167.82852864749066,-1.122796333591333,60.20319806235745,0.27972263666280417,162.82018406007992,0.6453025018571097
