date,return,price,true_sigma,innovation,volume
2020-01-02,0.0000000000,100.0000000000,0.0100000000,0.0000000000,7309318
2020-01-03,0.0010412878,100.1041830164,0.0094604440,0.0008612878,8539719
2020-01-06,0.0016151844,100.2660003735,0.0089669281,0.0014351844,9789943
2020-01-07,-0.0085409159,99.4132835728,0.0085185875,-0.0087209159,15968919
2020-01-08,-0.0030487239,99.1106614631,0.0087989282,-0.0032287239,9309112
2020-01-09,0.0001107408,99.1216376621,0.0084541239,-0.0000692592,7260556
2020-01-10,0.0130556373,100.4242183176,0.0080424851,0.0128756373,20489475
2020-01-13,0.0007490511,100.4994693683,0.0082395980,0.0005690511,8641607
2020-01-14,-0.0092516467,99.5739715756,0.0078474810,-0.0094316467,9475484
2020-01-15,0.0073200786,100.3055351628,0.0083585494,0.0071400786,8504505
2020-01-16,0.0169702994,102.0222757313,0.0081293783,0.0167902994,20719184
2020-01-17,-0.0064643917,101.3648908644,0.0086891189,-0.0066443917,12170394
2020-01-20,0.0128817678,102.6790963204,0.0086619060,0.0127017678,12895625
2020-01-21,0.0064761753,103.3462220294,0.0087549024,0.0062961753,7939383
2020-01-22,0.0117040131,104.5628936440,0.0084477414,0.0115240131,15362409
2020-01-23,-0.0069750069,103.8361043663,0.0084788637,-0.0071550069,10968137
2020-01-24,0.0139508001,105.2948527968,0.0085428550,0.0137708001,13506946
2020-01-27,0.0041427129,105.7319639323,0.0087420161,0.0039627129,7985006
2020-01-28,-0.0142215991,104.2389281724,0.0083577237,-0.0144015991,7914842
2020-01-29,0.0000525521,104.2444062895,0.0097682539,-0.0001274479,7633965
2020-01-30,0.0062240241,104.8952493149,0.0092475326,0.0060440241,8979063
2020-01-31,0.0068457339,105.6157978106,0.0088830642,0.0066657339,8943751
2020-02-03,0.0078547637,106.4486515968,0.0085787203,0.0076747637,10501604
2020-02-04,0.0145512776,108.0089400396,0.0083526508,0.0143712776,14582652
2020-02-05,-0.0007817412,107.9245380002,0.0086346073,-0.0009617412,11916244
2020-02-06,-0.0001321911,107.9102722771,0.0082162931,-0.0003121911,7926938
2020-02-07,0.0057599671,108.5336254138,0.0078260212,0.0055799671,10933848
2020-02-10,-0.0013976496,108.3820393932,0.0075826796,-0.0015776496,6479547
2020-02-11,-0.0038117443,107.9697011327,0.0072738029,-0.0039917443,9679477
2020-02-12,-0.0025382767,107.6959916827,0.0071414224,-0.0027182767,14199667
2020-02-13,-0.0041175371,107.2534611382,0.0069293019,-0.0042975371,11036080
2020-02-14,-0.0081631019,106.3815039852,0.0068655600,-0.0083431019,14091073
2020-02-17,0.0011239027,106.5011336556,0.0073686759,0.0009439027,7131610
2020-02-18,0.0016289992,106.6747653023,0.0070560418,0.0014489992,5827530
2020-02-19,-0.0124954852,105.3501057220,0.0067772266,-0.0126754852,10220743
2020-02-20,0.0051980708,105.8991487716,0.0082075163,0.0050180708,10125626
2020-02-21,-0.0055409605,105.3139884466,0.0079051280,-0.0057209605,19668103
2020-02-24,0.0027438317,105.6033491065,0.0078702140,0.0025638317,12794799
2020-02-25,0.0029479301,105.9151197111,0.0075332304,0.0027679301,7083498
2020-02-26,0.0013838036,106.0617868909,0.0072314243,0.0012038036,10719209
2020-02-27,-0.0028564353,105.7592605413,0.0069336170,-0.0030364353,9760051
2020-02-28,0.0058775843,106.3826998741,0.0067641984,0.0056975843,8279642
2020-03-02,-0.0003825955,106.3420061211,0.0066401616,-0.0005625955,10992406
2020-03-03,-0.0060459098,105.7010115951,0.0063960049,-0.0062259098,14547244
2020-03-04,0.0034440870,106.0656826895,0.0066406948,0.0032640870,6620635
2020-03-05,0.0096474790,107.0939010224,0.0064383200,0.0094674790,11579967
2020-03-06,0.0027314769,107.3868254121,0.0065949248,0.0025514769,6811355
2020-03-09,-0.0063767395,106.7042262947,0.0063794193,-0.0065567395,11090084
2020-03-10,0.0103348103,107.8127123634,0.0066760737,0.0101548103,9931894
2020-03-11,-0.0027383531,107.5178869354,0.0068518228,-0.0029183531,6707547
2020-03-12,-0.0042781188,107.0588951499,0.0066831434,-0.0044581188,13019217
2020-03-13,-0.0085000783,106.1527427955,0.0066662306,-0.0086800783,10564701
2020-03-16,-0.0030773536,105.8265753922,0.0072691052,-0.0032573536,11807256
2020-03-17,0.0025872444,106.1007291090,0.0070792167,0.0024072444,6741740
2020-03-18,0.0060687852,106.7465894508,0.0068131516,0.0058887852,8074617
2020-03-19,-0.0058476814,106.1241909764,0.0066926705,-0.0060276814,9191892
2020-03-20,0.0057769075,106.7390348516,0.0068629808,0.0055969075,9866548
2020-03-23,-0.0122978083,105.4344170696,0.0067231195,-0.0124778083,12902704
2020-03-24,-0.0097835369,104.4079251078,0.0081213992,-0.0099635369,10531900
2020-03-25,-0.0027597972,104.1201776515,0.0086758210,-0.0029397972,7311924
2020-03-26,-0.0051578960,103.5845192291,0.0083261251,-0.0053378960,8365132
2020-03-27,-0.0078101369,102.7786609772,0.0081993066,-0.0079901369,14502582
2020-03-30,-0.0111970982,101.6342571703,0.0084192911,-0.0113770982,10045030
2020-03-31,-0.0117486392,100.4471798804,0.0091778226,-0.0119286392,12367821
2020-04-01,0.0000862170,100.4558405069,0.0098912860,-0.0000937830,3937318
2020-04-02,-0.0057521321,99.8796639547,0.0093605568,-0.0059321321,10163765
2020-04-03,-0.0011744020,99.7624339244,0.0091751784,-0.0013544020,7766065
2020-04-06,0.0025889031,100.0210438158,0.0087191929,0.0024089031,7423134
2020-04-07,0.0124568887,101.2747874884,0.0083042349,0.0122768887,9275776
2020-04-08,-0.0107986797,100.1870372023,0.0084133933,-0.0109786797,9682837
2020-04-09,-0.0001525227,100.1717575697,0.0090975535,-0.0003325227,12828170
2020-04-10,0.0058351803,100.7579865476,0.0086326767,0.0056551803,10567813
2020-04-13,-0.0136309152,99.3938810997,0.0083122837,-0.0138109152,18160263
2020-04-14,0.0032916120,99.7215862396,0.0096008722,0.0031116120,8833350
2020-04-15,-0.0040422941,99.3192958981,0.0091228442,-0.0042222941,7639612
2020-04-16,-0.0018850951,99.1322459369,0.0088130683,-0.0020650951,5677916
2020-04-17,0.0014792020,99.2789910609,0.0084103547,0.0012992020,6057772
2020-04-20,0.0001312640,99.2920236747,0.0080082129,-0.0000487360,9172663
2020-04-21,-0.0007696168,99.2156362634,0.0076350999,-0.0009496168,10430178
2020-04-22,-0.0195607863,97.2937584008,0.0073045334,-0.0197407863,27143262
2020-04-23,-0.0076199865,96.5551987595,0.0104557731,-0.0077999865,10523827
2020-04-24,0.0000027012,96.5554595768,0.0103460786,-0.0001772988,13694298
2020-04-27,0.0056899550,97.1064217828,0.0097791023,0.0055099550,6697873
2020-04-28,0.0001936703,97.1252302348,0.0093471177,0.0000136703,6493010
2020-04-29,-0.0085934659,96.2941638648,0.0088606264,-0.0087734659,12023409
2020-04-30,-0.0107065736,95.2686828037,0.0090958910,-0.0108865736,10817449
2020-05-01,0.0041258719,95.6625611693,0.0096358634,0.0039458719,7687296
2020-05-04,0.0146869080,97.0779165626,0.0091725529,0.0145069080,18906274
2020-05-05,0.0033111401,97.3998879007,0.0093419940,0.0031311401,6578102
2020-05-06,0.0081259244,98.1945764463,0.0088863155,0.0079459244,6424099
2020-05-07,0.0049799635,98.6848014903,0.0086413841,0.0047999635,8857214
2020-05-08,-0.0017480240,98.5124487741,0.0082905454,-0.0019280240,6335912
2020-05-11,0.0008854596,98.5997161992,0.0079293135,0.0007054596,8042828
2020-05-12,0.0018299147,98.7803104554,0.0075649033,0.0016499147,7115368
2020-05-13,-0.0064336567,98.1468318277,0.0072414001,-0.0066136567,9508035
2020-05-14,-0.0058017681,97.5790553189,0.0074095022,-0.0059817681,7145752
2020-05-15,-0.0029203947,97.2945016708,0.0074705936,-0.0031003947,8365783
2020-05-18,-0.0027983095,97.0226221222,0.0072487535,-0.0029783095,12288627
2020-05-19,0.0016281107,97.1807143506,0.0070419140,0.0014481107,6167516
2020-05-20,0.0019776979,97.3730986176,0.0067644200,0.0017976979,7217502
2020-05-21,0.0001364881,97.3863897930,0.0065181794,-0.0000435119,12292775
2020-05-22,-0.0094196923,96.4733470110,0.0062820132,-0.0095996923,7691686
2020-05-25,-0.0063961133,95.8582617297,0.0071496360,-0.0065761133,8031880
2020-05-26,0.0022677329,96.0758893302,0.0073263267,0.0020877329,9127649
2020-05-27,-0.0033635809,95.7532731829,0.0070311471,-0.0035435809,6296803
2020-05-28,0.0034133828,96.0806742126,0.0068888711,0.0032333828,5632358
2020-05-29,-0.0060634179,95.4998595705,0.0066604959,-0.0062434179,11122369
2020-06-01,0.0019534346,95.6865946251,0.0068656435,0.0017734346,6051462
2020-06-02,0.0103074910,96.6779839248,0.0066092527,0.0101274910,12673542
2020-06-03,-0.0039126477,96.3004560778,0.0067929866,-0.0040926477,10388244
2020-06-04,0.0030078415,96.5905486420,0.0067262229,0.0028278415,10252882
2020-06-05,0.0045689675,97.0328774400,0.0065038775,0.0043889675,7918436
2020-06-08,-0.0052872837,96.5211909948,0.0063530177,-0.0054672837,9139630
2020-06-09,0.0028348841,96.7952056039,0.0064997739,0.0026548841,7389922
2020-06-10,-0.0044515878,96.3652709067,0.0062962374,-0.0046315878,7772207
2020-06-11,-0.0051017851,95.8748879853,0.0063493358,-0.0052817851,8070550
2020-06-12,0.0050471206,96.3600032909,0.0064728132,0.0048671206,10499460
2020-06-15,-0.0023264279,96.1360892493,0.0063445684,-0.0025064279,12952525
2020-06-16,0.0049830100,96.6163318766,0.0062043795,0.0048030100,7839451
2020-06-17,0.0007025210,96.6842307224,0.0061040030,0.0005225210,8528988
2020-06-18,0.0104982805,97.7045955662,0.0059101792,0.0103182805,15663907
2020-06-19,-0.0028198268,97.4294736091,0.0062245458,-0.0029998268,9635713
2020-06-22,0.0089874054,98.3090584567,0.0061321255,0.0088074054,9825335
2020-06-23,-0.0124913765,97.0886809634,0.0062833868,-0.0126713765,17599963
2020-06-24,-0.0113519342,95.9927687791,0.0078572140,-0.0115319342,10336187
2020-06-25,-0.0036245780,95.6454652943,0.0087648679,-0.0038045780,7221037
2020-06-26,-0.0018471631,95.4689555887,0.0084604685,-0.0020271631,5758227
2020-06-29,-0.0153690238,94.0129086111,0.0080877157,-0.0155490238,8785910
2020-06-30,0.0028258044,94.2789464061,0.0098428846,0.0026458044,9021484
2020-07-01,0.0105236550,95.2763444450,0.0093366313,0.0103436550,14832056
2020-07-02,-0.0081260136,94.5052647171,0.0091774044,-0.0083060136,9445853
2020-07-03,-0.0041558167,94.1133331245,0.0092988689,-0.0043358167,16068090
2020-07-06,-0.0016754897,93.9557792304,0.0089800829,-0.0018554897,10509537
2020-07-07,-0.0025274361,93.7186118394,0.0085552372,-0.0027074361,9919986
2020-07-08,-0.0006951675,93.6534843434,0.0082044680,-0.0008751675,10942242
2020-07-09,0.0135959695,94.9354895654,0.0078218466,0.0134159695,9193976
2020-07-10,-0.0104310211,93.9503623434,0.0081010537,-0.0106110211,17686194
2020-07-13,0.0029611530,94.2289760470,0.0087776754,0.0027811530,8128956
2020-07-14,-0.0186647518,92.4865273662,0.0083640190,-0.0188447518,19222482
2020-07-15,-0.0137103409,91.2271584627,0.0108814867,-0.0138903409,15938654
2020-07-16,0.0099978243,92.1438061727,0.0116370021,0.0098178243,8408952
2020-07-17,0.0007053892,92.2088263457,0.0112078844,0.0005253892,7013752
2020-07-20,-0.0050909700,91.7405868865,0.0105736317,-0.0052709700,10771599
2020-07-21,0.0062340531,92.3142889607,0.0102016593,0.0060540531,8640655
2020-07-22,0.0009653671,92.4034491686,0.0097498763,0.0007853671,9235796
2020-07-23,0.0070041051,93.0529244774,0.0092323453,0.0068241051,6731459
2020-07-24,-0.0115204615,91.9870632342,0.0089003796,-0.0117004615,11952601
2020-07-27,0.0142802960,93.3100898457,0.0096248742,0.0141002960,8938458
2020-07-28,-0.0138032933,92.0309517768,0.0096969194,-0.0139832933,18793199
2020-07-29,0.0086467605,92.8301717269,0.0107057858,0.0084667605,14613518
2020-07-30,-0.0130819424,91.6236815875,0.0103032413,-0.0132619424,16420828
2020-07-31,0.0182785675,93.3138309299,0.0110506861,0.0180985675,22186868
2020-08-03,0.0304919050,96.2029712502,0.0112586884,0.0303119050,27451159
2020-08-04,0.0114405719,97.3099081815,0.0127794426,0.0112605719,9731903
2020-08-05,0.0110460554,98.3907573927,0.0123108627,0.0108660554,19864850
2020-08-06,-0.0010784166,98.2847083605,0.0118679737,-0.0012584166,6286478
2020-08-07,0.0013686545,98.4193182632,0.0111930298,0.0011886545,12506383
2020-08-10,-0.0014645169,98.2752870059,0.0105628933,-0.0016445169,9692046
2020-08-11,0.0042619203,98.6950222511,0.0099994595,0.0040819203,11498934
2020-08-12,0.0189532807,100.5834561940,0.0095082601,0.0187732807,19543107
2020-08-13,-0.0080468235,99.7773266206,0.0100268680,-0.0082268235,15730367
2020-08-14,-0.0272114899,97.0988449147,0.0100229052,-0.0273914899,29702464
2020-08-17,-0.0099956164,96.1331166780,0.0143594754,-0.0101756164,12346242
2020-08-18,0.0027545078,96.3982811259,0.0140690595,0.0025745078,6766861
2020-08-19,0.0053528922,96.9156742745,0.0132314392,0.0051728922,8274530
2020-08-20,-0.0053363330,96.3998774190,0.0125013395,-0.0055163330,7402471
2020-08-21,-0.0364858049,92.9460414306,0.0119659214,-0.0366658049,49047038
2020-08-24,-0.0067114964,92.3243230688,0.0183152544,-0.0068914964,16045090
2020-08-25,-0.0162336654,90.8376605390,0.0173695597,-0.0164136654,18824526
2020-08-26,0.0641372748,96.8546342096,0.0175139573,0.0639572748,219092587
2020-08-27,0.0411547214,100.9238184460,0.0222338027,0.0409747214,66778731
2020-08-28,-0.0423337235,96.7405096811,0.0229111011,-0.0425137235,44539116
2020-08-31,0.0272153639,99.4094917782,0.0271906000,0.0270353639,25477593
2020-09-01,-0.0266818252,96.7921382568,0.0261899999,-0.0268618252,33780302
2020-09-02,-0.0554640564,91.5698178781,0.0266662415,-0.0556440564,105806862
2020-09-03,-0.0074201554,90.8928702344,0.0331823356,-0.0076001554,20658997
2020-09-04,0.0375761371,94.3732533549,0.0311348969,0.0373961371,40188000
2020-09-07,0.0305802378,97.3037897666,0.0303772625,0.0304002378,76995828
2020-09-08,0.0229810518,99.5658256303,0.0292599816,0.0228010518,25511086
2020-09-09,0.0057966483,100.1446497006,0.0278557231,0.0056166483,12614687
2020-09-10,-0.0054952459,99.5958395277,0.0260634612,-0.0056752459,12786499
2020-09-11,-0.0074393293,98.8576624568,0.0244639898,-0.0076193293,16184079
2020-09-14,0.0102520958,99.8763737264,0.0230690682,0.0100720958,18243889
2020-09-15,-0.0196668332,97.9313110447,0.0217043280,-0.0198468332,31391767
2020-09-16,0.0085746327,98.7746465468,0.0217575673,0.0083946327,13245039
2020-09-17,0.0761008759,106.5848982047,0.0204505905,0.0759208759,273910130
2020-09-18,0.0278230671,109.5920571831,0.0261414623,0.0276430671,31134220
2020-09-21,0.0338786642,113.3684988881,0.0252797314,0.0336986642,52117036
2020-09-22,0.0040562638,113.8292853304,0.0249187558,0.0038762638,14177421
2020-09-23,-0.0140099722,112.2456593853,0.0233141163,-0.0141899722,25924993
2020-09-24,-0.0035931962,111.8430624454,0.0225077065,-0.0037731962,12443747
2020-09-25,-0.0055900402,111.2195994482,0.0211055916,-0.0057700402,18701624
2020-09-28,0.0065380243,111.9491381632,0.0198795998,0.0063580243,9967021
2020-09-29,0.0103828392,113.1175432463,0.0186693875,0.0102028392,9398126
2020-09-30,-0.0168399527,111.2285986752,0.0176482416,-0.0170199527,19731730
2020-10-01,0.0118908233,112.5590929517,0.0178429479,0.0117108233,15288984
2020-10-02,0.0122094556,113.9418020871,0.0169418261,0.0120294556,14796627
2020-10-05,-0.0030484916,113.5949803691,0.0161298199,-0.0032284916,7037892
2020-10-06,-0.0090505593,112.5715206937,0.0151810552,-0.0092305593,13575721
2020-10-07,0.0258810076,115.5230141434,0.0147041001,0.0257010076,24173827
2020-10-08,-0.0139700111,113.9203768458,0.0150642951,-0.0141500111,14811113
2020-10-09,-0.0304967343,110.4986188012,0.0151975733,-0.0306767343,33315141
2020-10-12,0.0148107227,112.1473626064,0.0186897094,0.0146307227,24231566
2020-10-13,0.0033007286,112.5181422002,0.0178372854,0.0031207286,9503390
2020-10-14,-0.0139862607,110.9553881438,0.0167284923,-0.0141662607,11699363
2020-10-15,0.0058480195,111.6061584162,0.0166453835,0.0056680195,12086854
2020-10-16,-0.0074847361,110.7739341460,0.0156625925,-0.0076647361,13034722
2020-10-19,0.0122320711,112.1372498761,0.0150010528,0.0120520711,15665293
2020-10-20,-0.0055245676,111.5194481688,0.0143619763,-0.0057045676,14803704
2020-10-21,0.0089419008,112.5211157423,0.0136746393,0.0087619008,11507196
2020-10-22,-0.0021408928,112.2804777757,0.0130157102,-0.0023208928,16559219
2020-10-23,-0.0073913645,111.4536313587,0.0122768275,-0.0075713645,13319935
2020-10-26,-0.0049927726,110.8985555557,0.0119378512,-0.0051727726,13048623
2020-10-27,-0.0023249390,110.6410226740,0.0114294846,-0.0025049390,9276736
2020-10-28,-0.0037618353,110.2255912562,0.0108223562,-0.0039418353,18677366
2020-10-29,0.0078603368,111.0954156029,0.0103346869,0.0076803368,15524351
2020-10-30,0.0113958704,112.3686857891,0.0099330419,0.0112158704,12308869
2020-11-02,-0.0092334474,111.3359108107,0.0097599998,-0.0094134474,8754606
2020-11-03,-0.0004214866,111.2889941071,0.0099553565,-0.0006014866,9266446
2020-11-04,-0.0166634119,109.4499050619,0.0094223677,-0.0168434119,11348034
2020-11-05,0.0111479130,110.6768694219,0.0111226374,0.0109679130,12818674
2020-11-06,-0.0044418850,110.1863457319,0.0108049339,-0.0046218850,13281372
2020-11-09,0.0049091236,110.7285940183,0.0103624621,0.0047291236,7711099
2020-11-10,0.0065230579,111.4532439404,0.0098565305,0.0063430579,10543729
2020-11-11,0.0053135733,112.0470351066,0.0094463977,0.0051335733,10992737
2020-11-12,-0.0070871825,111.2557446471,0.0090323530,-0.0072671825,14327170
2020-11-13,-0.0059080500,110.6003780172,0.0090367809,-0.0060880500,9066655
2020-11-16,0.0032558662,110.9610649081,0.0089046134,0.0030758662,6289420
2020-11-17,-0.0047170812,110.4388851074,0.0084855474,-0.0048970812,13478965
2020-11-18,-0.0087133047,109.4807776581,0.0082982556,-0.0088933047,6406778
2020-11-19,-0.0092092839,108.4771664538,0.0086410760,-0.0093892839,20027265
2020-11-20,-0.0023372229,108.2239271874,0.0090069928,-0.0025172229,7594755
2020-11-23,0.0012269205,108.3567908341,0.0086059104,0.0010469205,4640486
2020-11-24,0.0026064450,108.6395852349,0.0081849836,0.0024264450,11650489
2020-11-25,-0.0075050527,107.8272913861,0.0078171965,-0.0076850527,9647330
2020-11-26,0.0026997876,108.1187954928,0.0080510095,0.0025197876,9223867
2020-11-27,-0.0035499523,107.7356593901,0.0076968519,-0.0037299523,9522667
2020-11-30,-0.0062045241,107.0692803186,0.0074964375,-0.0063845241,9490471
2020-12-01,-0.0028973221,106.7595150844,0.0075966541,-0.0030773221,9024104
2020-12-02,0.0005769446,106.8211271821,0.0073603532,0.0003969446,7632887
2020-12-03,-0.0048005879,106.3095518898,0.0070456186,-0.0049805879,9714266
2020-12-04,0.0050340404,106.8460677541,0.0070379269,0.0048540404,7541826
2020-12-07,-0.0013970609,106.6969015146,0.0068475612,-0.0015770609,6095115
2020-12-08,-0.0033584919,106.3391619013,0.0066090102,-0.0035384919,6996290
2020-12-09,-0.0036411374,105.9526704666,0.0065147132,-0.0038211374,11022275
2020-12-10,0.0096859768,106.9839118053,0.0064565674,0.0095059768,11369759
2020-12-11,0.0014964190,107.1441244013,0.0066134648,0.0013164190,8244583
2020-12-14,-0.0041164458,106.7039779630,0.0063755235,-0.0042964458,5547243
2020-12-15,-0.0006065903,106.6392719952,0.0063815645,-0.0007865903,7450167
2020-12-16,-0.0041584700,106.1967365565,0.0061665306,-0.0043384700,7496177
2020-12-17,-0.0004191599,106.1522324713,0.0062048503,-0.0005991599,5499915
2020-12-18,0.0040507597,106.5831017423,0.0060042309,0.0038707597,11994410
2020-12-21,-0.0023195199,106.3361666169,0.0058896723,-0.0024995199,9530462
2020-12-22,-0.0006514919,106.2669120257,0.0058006160,-0.0008314919,9039405
2020-12-23,0.0046574663,106.7630009487,0.0056462537,0.0044774663,11449017
2020-12-24,0.0019770355,106.9742839756,0.0055980694,0.0017970355,6186157
2020-12-25,-0.0245957366,104.3752660619,0.0054719288,-0.0247757366,24125205
2020-12-28,0.0018169739,104.5650855903,0.0111217939,0.0016369739,12793588
2020-12-29,-0.0161820625,102.8866239571,0.0105005439,-0.0163620625,11201768
2020-12-30,-0.0054428838,102.3281452682,0.0118289301,-0.0056228838,10565706
2020-12-31,-0.0011635556,102.2091500272,0.0113637198,-0.0013435556,4703919
2021-01-01,-0.0169899015,100.4872951282,0.0107297012,-0.0171699015,13120367
2021-01-04,-0.0039568267,100.0904699211,0.0121801026,-0.0041368267,7291158
2021-01-05,0.0099976881,101.0961621476,0.0115853929,0.0098176881,10461432
2021-01-06,0.0044976209,101.5518784087,0.0111612652,0.0043176209,9750537
2021-01-07,0.0216353805,103.7729319680,0.0105784944,0.0214553805,25236300
2021-01-08,0.0037797590,104.1659108531,0.0111881762,0.0035997590,11090650
2021-01-11,0.0149186931,105.7315799341,0.0105884468,0.0147386931,10468922
2021-01-12,-0.0165377619,103.9973955336,0.0105824301,-0.0167177619,15383618
2021-01-13,-0.0100184898,102.9607004213,0.0119686825,-0.0101984898,11819364
2021-01-14,-0.0123436548,101.6976007470,0.0119686411,-0.0125236548,9044530
2021-01-15,-0.0066370758,101.0248610443,0.0123059571,-0.0068170758,15600855
2021-01-18,0.0003490311,101.0601280121,0.0118934043,0.0001690311,8145686
2021-01-19,-0.0036513980,100.6917901446,0.0112056119,-0.0038313980,9534613
2021-01-20,-0.0027150600,100.4187766826,0.0106778993,-0.0028950600,8407210
2021-01-21,-0.0007621028,100.3422764083,0.0101486140,-0.0009421028,11247584
2021-01-22,-0.0006164334,100.2804411359,0.0096043048,-0.0007964334,7475041
2021-01-25,0.0021534536,100.4966230960,0.0091021668,0.0019734536,8660594
2021-01-26,0.0003730364,100.5341189829,0.0086483069,0.0001930364,8280602
2021-01-27,0.0010316423,100.6378877508,0.0082202277,0.0008516423,7398870
2021-01-28,-0.0092366912,99.7126065037,0.0078311976,-0.0094166912,12182534
2021-01-29,0.0158389727,101.3045256571,0.0083426340,0.0156589727,12285747
2021-02-01,-0.0037725797,100.9230662562,0.0087485879,-0.0039525797,9639201
2021-02-02,0.0034999433,101.2769101218,0.0084563245,0.0033199433,11229682
2021-02-03,-0.0034820085,100.9248763104,0.0080820425,-0.0036620085,8167650
2021-02-04,0.0000901655,100.9339766598,0.0078362290,-0.0000898345,6471956
2021-02-05,-0.0026281217,100.6690581536,0.0074782948,-0.0028081217,5642229
2021-02-08,0.0016989815,100.8402383943,0.0072371898,0.0015189815,4409387
2021-02-09,-0.0077867513,100.0580697640,0.0069422489,-0.0079667513,11004006
2021-02-10,0.0113603977,101.2012504272,0.0073666279,0.0111803977,17003964
2021-02-11,-0.0000388065,101.1973232387,0.0075224691,-0.0002188065,6567851
2021-02-12,-0.0052261227,100.6698331788,0.0071929536,-0.0054061227,8047220
2021-02-15,0.0095353360,101.6343450284,0.0072140572,0.0093553360,12183063
2021-02-16,-0.0022557520,101.4053415366,0.0072519520,-0.0024357520,10577879
2021-02-17,0.0003344364,101.4392608458,0.0070123891,0.0001544364,6064814
2021-02-18,0.0017365943,101.6155727361,0.0067292157,0.0015565943,7882589
2021-02-19,0.0078517507,102.4165733959,0.0064829703,0.0076717507,8599773
2021-02-22,0.0027566141,102.6992858541,0.0065040151,0.0025766141,9998300
2021-02-23,0.0025522367,102.9617335137,0.0062982590,0.0023722367,7260906
2021-02-24,0.0038822587,103.3622345163,0.0061090696,0.0037022587,5495485
2021-02-25,-0.0012787206,103.2301475625,0.0059768642,-0.0014587206,6957465
2021-02-26,-0.0013491583,103.0909676568,0.0058231218,-0.0015291583,9997265
2021-03-01,0.0037188025,103.4750563335,0.0056888532,0.0035388025,8306038
2021-03-02,-0.0062133337,102.8341244984,0.0055986271,-0.0063933337,11093442
2021-03-03,-0.0014324524,102.6869249651,0.0060087774,-0.0016124524,9927373
2021-03-04,0.0018835387,102.8805220260,0.0058578753,0.0017035387,8342243
2021-03-05,0.0020221964,103.0887771468,0.0057020526,0.0018421964,7862399
2021-03-08,0.0033382808,103.4334914845,0.0055653674,0.0031582808,7586370
2021-03-09,0.0102207103,104.4960761686,0.0054768051,0.0100407103,8821861
2021-03-10,0.0011295984,104.6141814644,0.0058430185,0.0009495984,6082118
2021-03-11,0.0028783305,104.9157294197,0.0056790975,0.0026983305,10161671
2021-03-12,-0.0005727263,104.8556586304,0.0055641552,-0.0007527263,6719530
2021-03-15,0.0016590512,105.0297639174,0.0054334951,0.0014790512,11993506
2021-03-16,-0.0009712071,104.9278077785,0.0053202644,-0.0011512071,8052681
2021-03-17,0.0008482735,105.0168530141,0.0052279015,0.0006682735,6130378
2021-03-18,0.0032986249,105.3638361875,0.0051285955,0.0031186249,11072396
2021-03-19,0.0067106228,106.0732708582,0.0050909811,0.0065306228,13246958
2021-03-22,0.0063846954,106.7526829988,0.0052339692,0.0062046954,7904276
2021-03-23,0.0049739653,107.2849898850,0.0053339067,0.0047939653,4954363
2021-03-24,0.0077975503,108.1248200435,0.0053400378,0.0076175503,7676477
2021-03-25,0.0022577729,108.3692171245,0.0055227178,0.0020777729,13120378
2021-03-26,-0.0051584170,107.8116428503,0.0054104345,-0.0053384170,13299366
2021-03-29,0.0098229751,108.8758924206,0.0056907500,0.0096429751,15034901
2021-03-30,-0.0090285363,107.8973266280,0.0059823838,-0.0092085363,9307996
2021-03-31,-0.0060597894,107.2454686048,0.0068395843,-0.0062397894,10123618
2021-04-01,-0.0086719692,106.3194601686,0.0070166549,-0.0088519692,10377276
2021-04-02,-0.0028974519,106.0118505078,0.0075814569,-0.0030774519,6675626
2021-04-05,0.0063289159,106.6849182375,0.0073467166,0.0061489159,8811630
2021-04-06,-0.0104386728,105.5770616222,0.0071789343,-0.0106186728,10794994
2021-04-07,0.0063706259,106.2518005590,0.0080507445,0.0061906259,10775658
2021-04-08,0.0096451548,107.2815737984,0.0078100202,0.0094651548,12554800
2021-04-09,0.0015833028,107.4515675529,0.0077778072,0.0014033028,5542790
2021-04-12,0.0000055549,107.4521644319,0.0074322498,-0.0001744451,5468310
2021-04-13,-0.0178870052,105.5472543604,0.0071107011,-0.0180670052,19548272
2021-04-14,-0.0053963768,104.9792156587,0.0098531003,-0.0055763768,9457007
2021-04-15,0.0107361961,106.1123650811,0.0095803234,0.0105561961,13601324
2021-04-16,-0.0097295626,105.0849444676,0.0094063643,-0.0099095626,15697754
2021-04-19,-0.0005294676,105.0293201226,0.0097313021,-0.0007094676,6538288
2021-04-20,-0.0057047940,104.4318553106,0.0092176726,-0.0058847940,12306292
2021-04-21,-0.0001620742,104.4149309691,0.0090436579,-0.0003420742,11460503
2021-04-22,-0.0015966134,104.2483537012,0.0085833256,-0.0017766134,5748515
2021-04-23,-0.0001710619,104.2305223043,0.0081905532,-0.0003510619,11921079
2021-04-26,-0.0068849430,103.5153658337,0.0078027683,-0.0070649430,13830900
2021-04-27,0.0075690737,104.3018540086,0.0079501546,0.0073890737,10491355
2021-04-28,0.0043781809,104.7595075093,0.0077776106,0.0041981809,7334904
2021-04-29,0.0000493006,104.7646723466,0.0074897748,-0.0001306994,10411606
2021-04-30,0.0050640224,105.2965485767,0.0071628765,0.0048840224,11016231
2021-05-03,0.0065084429,105.9841001638,0.0069605221,0.0063284429,13661776
2021-05-04,0.0120013872,107.2637196351,0.0068449412,0.0118213872,12281408
2021-05-05,-0.0005933316,107.2000955526,0.0071378069,-0.0007733316,7942287
2021-05-06,0.0055025022,107.7915901676,0.0068496501,0.0053225022,11786935
2021-05-07,-0.0021652661,107.5584451970,0.0066989926,-0.0023452661,8969147
2021-05-10,-0.0020242023,107.3409453491,0.0065111519,-0.0022042023,6945990
2021-05-11,0.0068965287,108.0837838140,0.0063353614,0.0067165287,13615092
2021-05-12,-0.0084887241,107.1701735775,0.0063166579,-0.0086687241,12763241
2021-05-13,-0.0006276312,107.1029313413,0.0069900569,-0.0008076312,10206220
2021-05-14,-0.0011998392,106.9745021103,0.0067164038,-0.0013798392,7056414
2021-05-17,0.0040036480,107.4036488608,0.0064838941,0.0038236480,10176648
2021-05-18,-0.0004892820,107.3511110423,0.0063150363,-0.0006692820,5880082
2021-05-19,0.0127631679,108.7300322851,0.0061044865,0.0125831679,20008988
2021-05-20,-0.0000157375,108.7283211575,0.0066052119,-0.0001957375,8192733
2021-05-21,0.0058212060,109.3630969004,0.0063610546,0.0056412060,10010154
2021-05-24,-0.0006773748,109.2890421828,0.0062811702,-0.0008573748,5547948
2021-05-25,0.0027659912,109.5917531671,0.0060776752,0.0025859912,15183093
2021-05-26,0.0086939230,110.5486891616,0.0059164163,0.0085139230,13132964
2021-05-27,-0.0042741829,110.0771921894,0.0060778486,-0.0044541829,8325467
2021-05-28,-0.0037359308,109.6667186443,0.0061411051,-0.0039159308,6912066
2021-05-31,-0.0015862819,109.4928942148,0.0061389991,-0.0017662819,9411003
2021-06-01,0.0059730834,110.1488615236,0.0059809298,0.0057930834,8127861
2021-06-02,0.0135920604,111.6562324289,0.0059554188,0.0134120604,21565426
2021-06-03,0.0011685540,111.7867850244,0.0065764646,0.0009885540,6747236
2021-06-04,-0.0077645693,110.9221698093,0.0063388602,-0.0079445693,14411506
2021-06-07,0.0032621781,111.2846085296,0.0068731803,0.0030821781,7588536
2021-06-08,0.0023278742,111.5439668621,0.0066424257,0.0021478742,6648592
2021-06-09,0.0142817930,113.1484448518,0.0064140251,0.0141017930,12217890
2021-06-10,-0.0005425409,113.0870738368,0.0070163299,-0.0007225409,8499877
2021-06-11,-0.0085474118,112.1245912777,0.0067386980,-0.0087274118,13290831
2021-06-14,0.0045132624,112.6317826608,0.0073357167,0.0043332624,7721313
2021-06-15,-0.0088395871,111.6405516974,0.0070957613,-0.0090195871,11532830
2021-06-16,0.0022369680,111.8905675701,0.0076755493,0.0020569680,7789549
2021-06-17,-0.0031519104,111.5384537388,0.0073476487,-0.0033319104,8270205
2021-06-18,0.0061887016,112.2308723181,0.0071547370,0.0060087016,9409639
2021-06-21,0.0180814067,114.2786216704,0.0070015194,0.0179014067,13773625
2021-06-22,-0.0106858722,113.0639563601,0.0079229937,-0.0108658722,10075189
2021-06-23,0.0002309276,113.0900689618,0.0086841029,0.0000509276,9350736
2021-06-24,-0.0067541185,112.3288189116,0.0082528791,-0.0069341185,12678173
2021-06-25,-0.0082303992,111.4081020220,0.0083191599,-0.0084103992,9501452
2021-06-28,-0.0061593188,110.7240129303,0.0085834272,-0.0063393188,7220744
2021-06-29,0.0046340442,111.2383035992,0.0085338399,0.0044540442,8927290
2021-06-30,-0.0091990374,110.2197105015,0.0081823044,-0.0093790374,12114877
2021-07-01,0.0045627791,110.7237677705,0.0086244638,0.0043827791,12609493
2021-07-02,0.0018249506,110.9260176643,0.0082624620,0.0016449506,9223663
2021-07-05,0.0066437410,111.6654349297,0.0078766887,0.0064637410,7905571
2021-07-06,0.0149691748,113.3495477908,0.0076664615,0.0147891748,14459038
2021-07-07,0.0060140092,114.0332869577,0.0081033026,0.0058340092,8502063
2021-07-08,-0.0083409229,113.0860998026,0.0078421437,-0.0085209229,9666608
2021-07-09,-0.0045305279,112.5749189096,0.0082011139,-0.0047105279,5878113
2021-07-12,0.0060016016,113.2525802108,0.0080283249,0.0058216016,13770729
2021-07-13,-0.0065763142,112.5102392725,0.0077742516,-0.0067563142,9007210
2021-07-14,0.0043573268,113.0015527833,0.0078839917,0.0041773268,8302503
2021-07-15,0.0136914331,114.5593458560,0.0075852901,0.0135114331,11249611
2021-07-16,0.0041256357,115.0329522803,0.0079118645,0.0039456357,6959810
2021-07-19,0.0047353465,115.5789649294,0.0076036935,0.0045553465,9736078
2021-07-20,-0.0036657552,115.1560563524,0.0073444788,-0.0038457552,13953164
2021-07-21,-0.0076428737,114.2792879411,0.0071917603,-0.0078228737,8643327
2021-07-22,0.0093817123,115.3564683427,0.0075487232,0.0092017123,11716948
2021-07-23,-0.0037106987,114.9292084512,0.0075320871,-0.0038906987,8394573
2021-07-26,-0.0152637346,113.1882798558,0.0073622992,-0.0154437346,12796905
2021-07-27,0.0047832175,113.7309809075,0.0093073029,0.0046032175,6160429
2021-07-28,-0.0017019344,113.5375828580,0.0088898791,-0.0018819344,9948249
2021-07-29,-0.0087265568,112.5511012421,0.0084737841,-0.0089065568,12859464
2021-07-30,0.0139142397,114.1281102429,0.0087901087,0.0137342397,21305793
2021-08-02,0.0032334520,114.4977352649,0.0089496393,0.0030534520,10138444
2021-08-03,-0.0113144003,113.2095632394,0.0085262157,-0.0114944003,12967014
2021-08-04,0.0000813971,113.2187785390,0.0092857213,-0.0000986029,7138975
2021-08-05,0.0029680102,113.5553122017,0.0088043697,0.0027880102,7931150
2021-08-06,0.0035833351,113.9629488490,0.0083885184,0.0034033351,10700264
2021-08-09,0.0021674595,114.2102268136,0.0080222533,0.0019874595,8387389
2021-08-10,0.0104304132,115.4077209932,0.0076620785,0.0102504132,11242242
2021-08-11,0.0073710393,116.2615387351,0.0077041795,0.0071910393,10938587
2021-08-12,0.0051980135,116.8674411637,0.0075486701,0.0050180135,10261542
2021-08-13,0.0029399998,117.2115369855,0.0073116093,0.0027599998,9547543
2021-08-16,0.0007331319,117.2975000065,0.0070305651,0.0005531319,5427832
2021-08-17,0.0091201443,118.3721632305,0.0067468455,0.0089401443,15956455
2021-08-18,0.0058206318,119.0631731195,0.0068189643,0.0056406318,8690837
2021-08-19,-0.0029608130,118.7111706970,0.0066860615,-0.0031408130,6754308
2021-08-20,0.0024848000,119.0065109957,0.0065514123,0.0023048000,8100803
2021-08-23,0.0003406599,119.0470586436,0.0063350958,0.0001606599,6595620
2021-08-24,0.0060227191,119.7662090784,0.0061169855,0.0058427191,7020710
2021-08-25,-0.0056614128,119.0900788649,0.0060770708,-0.0058414128,7503846
2021-08-26,0.0041645095,119.5870647616,0.0063181258,0.0039845095,7414525
2021-08-27,0.0031938498,119.9696184713,0.0061727205,0.0030138498,5144254
2021-08-30,0.0069449777,120.8057047312,0.0060123819,0.0067649777,7678863
2021-08-31,0.0049807163,121.4089046094,0.0060387475,0.0048007163,13758030
2021-09-01,-0.0084122875,120.3918618248,0.0059576345,-0.0085922875,8858872
2021-09-02,0.0062442570,121.1459715235,0.0066949618,0.0060642570,9935839
2021-09-03,-0.0038604826,120.6791911837,0.0065968343,-0.0040404826,5517451
2021-09-06,0.0032590803,121.0731359594,0.0065491455,0.0030790803,8100067
2021-09-07,-0.0084291470,120.0568817896,0.0063511320,-0.0086091470,7926078
2021-09-08,0.0186482152,122.3167339669,0.0070058035,0.0184682152,14827676
2021-09-09,-0.0012741996,122.1609772908,0.0079974895,-0.0014541996,13468087
2021-09-10,-0.0000013369,122.1608139691,0.0076467534,-0.0001813369,6338050
2021-09-13,-0.0008033129,122.0627200225,0.0073059199,-0.0009833129,5708887
2021-09-14,0.0000623313,122.0703285936,0.0070062397,-0.0001176687,5234062
2021-09-15,0.0048277710,122.6610810416,0.0067237029,0.0046477710,7830457
2021-09-16,-0.0035702249,122.2239342197,0.0065589034,-0.0037502249,10326916
2021-09-17,-0.0013064669,122.0643569584,0.0064889649,-0.0014864669,8704543
2021-09-20,-0.0119940143,120.6090601926,0.0062829360,-0.0121740143,13215356
2021-09-21,-0.0040073206,120.1267081365,0.0077340496,-0.0041873206,13371695
2021-09-22,-0.0036956708,119.6835786985,0.0075668502,-0.0038756708,10048050
2021-09-23,-0.0037082599,119.2405827573,0.0073920235,-0.0038882599,11045680
2021-09-24,0.0009978989,119.3596321882,0.0072375360,0.0008178989,9305392
2021-09-27,-0.0053619534,118.7213441614,0.0069360702,-0.0055419534,9905836
2021-09-28,-0.0025122678,118.4234586865,0.0070082411,-0.0026922678,7664289
2021-09-29,-0.0058031842,117.7382157554,0.0068083716,-0.0059831842,6340380
2021-09-30,-0.0049919443,117.1519376894,0.0069553346,-0.0051719443,11531429
2021-10-01,-0.0038172462,116.7055923418,0.0069809604,-0.0039972462,11069924
2021-10-04,-0.0029178933,116.3655542154,0.0068829499,-0.0030978933,8540253
2021-10-05,-0.0037632896,115.9284599079,0.0067233753,-0.0039432896,6152242
2021-10-06,0.0037465102,116.3636016837,0.0066511249,0.0035665102,8908581
2021-10-07,-0.0029540999,116.0203592138,0.0064564845,-0.0031340999,9191595
2021-10-08,0.0009193409,116.1270705170,0.0063474000,0.0007393409,7863161
2021-10-11,0.0039040396,116.5813213273,0.0061304093,0.0037240396,10760495
2021-10-12,0.0019670159,116.8108643178,0.0059965853,0.0017870159,10191015
2021-10-13,0.0039335832,117.2712544699,0.0058275208,0.0037535832,5540057
2021-10-14,-0.0043419583,116.7631714109,0.0057288843,-0.0045219583,6645079
2021-10-15,0.0042549215,117.2610480032,0.0058500390,0.0040749215,11118540
2021-10-18,0.0056568624,117.9262573442,0.0057608373,0.0054768624,12940742
2021-10-19,-0.0003154108,117.8890679955,0.0057465368,-0.0004954108,5962628
2021-10-20,0.0074202249,118.7670849055,0.0055917599,0.0072402249,8733148
2021-10-21,-0.0139085154,117.1266455610,0.0057084249,-0.0140885154,13565652
2021-10-22,0.0114037947,118.4699787739,0.0078495408,0.0112237947,22218414
2021-10-25,0.0080965625,119.4330719708,0.0079393859,0.0079165625,15408566
2021-10-26,0.0026579559,119.7509420642,0.0077965638,0.0024779559,9055644
2021-10-27,0.0011371452,119.8871937225,0.0074647095,0.0009571452,7518255
2021-10-28,0.0022268221,120.1544586376,0.0071434186,0.0020468221,7525855
2021-10-29,-0.0012942620,119.9990478831,0.0068647764,-0.0014742620,9011271
2021-11-01,-0.0057527710,119.3107026810,0.0066208587,-0.0059327710,10461743
2021-11-02,-0.0018986051,119.0843936764,0.0067891660,-0.0020786051,5183602
2021-11-03,-0.0067533444,118.2828852274,0.0065780245,-0.0069333444,8971334
2021-11-04,0.0045207694,118.8188253973,0.0068990072,0.0043407694,8706975
2021-11-05,0.0082638852,119.8047989103,0.0067041111,0.0080838852,10111792
2021-11-08,-0.0043053466,119.2901064827,0.0067228304,-0.0044853466,12167874
2021-11-09,-0.0018310706,119.0718777355,0.0067036745,-0.0020110706,8501225
2021-11-10,-0.0093105431,117.9683988522,0.0064980021,-0.0094905431,15055076
2021-11-11,-0.0061897197,117.2404627163,0.0072935465,-0.0063697197,8460748
2021-11-12,0.0025361133,117.5381751661,0.0074208645,0.0023561133,8247297
2021-11-15,0.0021633920,117.7927315697,0.0071214851,0.0019833920,6813007
2021-11-16,-0.0022032991,117.5334846509,0.0068438944,-0.0023832991,7472183
2021-11-17,-0.0052891909,116.9134687523,0.0066430605,-0.0054691909,10661511
2021-11-18,0.0036440753,117.3402874388,0.0067475690,0.0034640753,9521207
2021-11-19,-0.0136963979,115.7441041031,0.0065399402,-0.0138763979,23072766
2021-11-22,0.0012171310,115.8850656114,0.0083400567,0.0010371310,6704328
2021-11-23,-0.0011351359,115.7535949490,0.0079418736,-0.0013151359,7596877
2021-11-24,0.0025869725,116.0534339872,0.0075922266,0.0024069725,8037736
2021-11-25,-0.0026030898,115.7517293253,0.0072778500,-0.0027830898,12007723
2021-11-26,-0.0073055946,114.9091755434,0.0070556321,-0.0074855946,10202358
2021-11-29,-0.0100989791,113.7545502585,0.0073821122,-0.0102789791,15221238
2021-11-30,0.0113975383,115.0584888368,0.0081417476,0.0112175383,8130220
2021-12-01,0.0084242782,116.0318678103,0.0081909359,0.0082442782,10069566
2021-12-02,-0.0026937860,115.7197234032,0.0080378972,-0.0028737860,10163562
2021-12-03,0.0020234596,115.9541146460,0.0077452482,0.0018434596,10147694
2021-12-06,0.0072007418,116.7920836664,0.0074079164,0.0070207418,8865980
2021-12-07,0.0118019622,118.1786252834,0.0072769623,0.0116219622,15322658
2021-12-08,0.0077586308,119.0990957839,0.0074832471,0.0075786308,10182071
2021-12-09,-0.0001697232,119.0788836217,0.0073741494,-0.0003497232,9156467
2021-12-10,0.0102562565,120.3064716617,0.0070588871,0.0100762565,9913006
2021-12-13,0.0052184755,120.9359290152,0.0071717824,0.0050384755,9122330
2021-12-14,-0.0022960076,120.6585777241,0.0069745413,-0.0024760076,9339312
2021-12-15,-0.0057380568,119.9682145199,0.0067654063,-0.0059180568,12303093
2021-12-16,0.0011373138,120.1047336440,0.0069100763,0.0009573138,7448980
2021-12-17,-0.0063218608,119.3478432309,0.0066401934,-0.0065018608,7368199
2021-12-20,-0.0021009154,119.0973667129,0.0068856871,-0.0022809154,11979197
2021-12-21,0.0143604655,120.8199996405,0.0066749859,0.0141804655,10615725
2021-12-22,-0.0025919820,120.5072418885,0.0072334596,-0.0027719820,10315989
2021-12-23,-0.0063663971,119.7424818939,0.0070151235,-0.0065463971,13663406
2021-12-24,0.0008767220,119.8475087982,0.0072081189,0.0006967220,9679097
2021-12-27,-0.0118785042,118.4323214505,0.0069086373,-0.0120585042,9312825
2021-12-28,-0.0077112195,117.5225759610,0.0081585924,-0.0078912195,11247384
2021-12-29,0.0102838707,118.7373987651,0.0083702776,0.0101038707,11714178
2021-12-30,0.0006667858,118.8165975735,0.0083107398,0.0004867858,5275557
2021-12-31,-0.0015080668,118.6375492484,0.0079121766,-0.0016880668,10169213
2022-01-03,-0.0013524562,118.4772056118,0.0075766676,-0.0015324562,7227505
2022-01-04,-0.0055060975,117.8266512148,0.0072668515,-0.0056860975,12715619
2022-01-05,-0.0044006532,117.3092762102,0.0073111981,-0.0045806532,8527535
2022-01-06,0.0031113021,117.6748291868,0.0072288946,0.0029313021,8488952
2022-01-07,0.0015230821,117.8541941766,0.0069596054,0.0013430821,8341980
2022-01-10,-0.0137126933,116.2491258156,0.0066886939,-0.0138926933,8281028
2022-01-11,0.0005177927,116.3093343513,0.0084462227,0.0003377927,9758769
2022-01-12,0.0088238570,117.3401725789,0.0080356036,0.0086438570,12188179
2022-01-13,0.0074268616,118.2148859725,0.0079237680,0.0072468616,9865366
2022-01-14,0.0012571904,118.3635980541,0.0077467633,0.0010771904,8433423
2022-01-17,0.0064292270,119.1270360203,0.0074009835,0.0062492270,13764323
2022-01-18,0.0083229536,120.1226623409,0.0072319963,0.0081429536,11761254
2022-01-19,0.0069373033,120.9588869015,0.0071867561,0.0067573033,11349889
2022-01-20,-0.0088662597,119.8911743031,0.0070672764,-0.0090462597,8854382
2022-01-21,-0.0076708455,118.9750259417,0.0076575297,-0.0078508455,13067075
2022-01-24,-0.0110369037,117.6691298221,0.0079415614,-0.0112169037,9539739
2022-01-25,0.0064966895,118.4360782396,0.0087676359,0.0063166895,9462303
2022-01-26,0.0003246720,118.4745373579,0.0084600640,0.0001446720,10473706
2022-01-27,-0.0067016244,117.6832200223,0.0080479429,-0.0068816244,13689755
2022-01-28,-0.0005094092,117.6232863755,0.0081357029,-0.0006894092,7893934
2022-01-31,0.0060267956,118.3343183508,0.0077562024,0.0058467956,16228366
2022-02-01,0.0172664220,120.3952700565,0.0075311502,0.0170864220,19379815
2022-02-02,-0.0015228916,120.2120606545,0.0082402594,-0.0017028916,6318536
2022-02-03,0.0003624589,120.2556404881,0.0078755385,0.0001824589,12311680
2022-02-04,-0.0061405104,119.5194720116,0.0075141735,-0.0063205104,10004353
2022-02-07,-0.0249708009,116.5719294846,0.0076035985,-0.0251508009,14545285
2022-02-08,0.0097860799,117.7183118442,0.0122819392,0.0096060799,14953865
2022-02-09,0.0012738029,117.8683573127,0.0117818194,0.0010938029,7020954
2022-02-10,-0.0009857360,117.7522274713,0.0111054764,-0.0011657360,7369092
2022-02-11,-0.0092710435,116.6655863781,0.0104885239,-0.0094510435,7330019
2022-02-14,0.0112262064,117.9826774606,0.0105855038,0.0110462064,10729199
2022-02-15,-0.0005845535,117.9137304256,0.0103294260,-0.0007645535,10767496
2022-02-16,-0.0021537053,117.6600522720,0.0097681641,-0.0023337053,6315309
2022-02-17,0.0013395931,117.8177744897,0.0092928453,0.0011595931,8173388
2022-02-18,-0.0010644469,117.6924304521,0.0088150169,-0.0012444469,10607013
2022-02-21,0.0001693162,117.7123593740,0.0083870720,-0.0000106838,9150801
2022-02-22,-0.0005258226,117.6504798260,0.0079811282,-0.0007058226,4720951
2022-02-23,-0.0068545018,116.8468019488,0.0076154338,-0.0070345018,9119538
2022-02-24,-0.0021362428,116.5974552368,0.0077862416,-0.0023162428,15904150
2022-02-25,-0.0036951555,116.1674045506,0.0074883782,-0.0038751555,8923553
2022-02-28,-0.0001059116,116.1551017232,0.0073221282,-0.0002859116,5809932
2022-03-01,-0.0064799086,115.4048606473,0.0070111674,-0.0066599086,9629286
2022-03-02,-0.0031917582,115.0371034416,0.0072208765,-0.0033717582,9233054
2022-03-03,0.0003677549,115.0794166796,0.0070444926,0.0001877549,9227902
2022-03-04,-0.0010909056,114.9539443541,0.0067583712,-0.0012709056,8907731
2022-03-07,-0.0035085876,114.5513250997,0.0065182906,-0.0036885876,8081165
2022-03-08,0.0027224032,114.8636048776,0.0064477545,0.0025424032,9375754
2022-03-09,0.0044339282,115.3740326143,0.0062469583,0.0042539282,7158033
2022-03-10,0.0038324791,115.8170495692,0.0061193610,0.0036524791,5855044
2022-03-11,0.0052843635,116.4306888777,0.0059843343,0.0051043635,9251632
2022-03-14,0.0007922314,116.5229654681,0.0059236528,0.0006122314,8510424
2022-03-15,-0.0006496013,116.4472965788,0.0057487931,-0.0008296013,6108606
2022-03-16,-0.0022722391,116.1830008601,0.0055999087,-0.0024522391,9194159
2022-03-17,-0.0047706262,115.6300551848,0.0055420573,-0.0049506262,6234070
2022-03-18,-0.0003850110,115.5855449110,0.0057463359,-0.0005650110,5917678
2022-03-21,-0.0036505170,115.1643671385,0.0055926031,-0.0038305170,6712793
2022-03-22,0.0016312084,115.3523775216,0.0056555694,0.0014512084,10771135
2022-03-23,-0.0042098347,114.8677838262,0.0055175343,-0.0043898347,7365803
2022-03-24,0.0152996787,116.6387369709,0.0056544250,0.0151196787,14358313
2022-03-25,-0.0044473920,116.1211505954,0.0065489962,-0.0046273920,11415980
2022-03-28,-0.0019564057,115.8941926023,0.0065675500,-0.0021364057,7985876
2022-03-29,-0.0021016852,115.6508752716,0.0063822344,-0.0022816852,9861087
2022-03-30,-0.0041009651,115.1775662455,0.0062245145,-0.0042809651,8741522
2022-03-31,0.0045102769,115.6982222356,0.0062488733,0.0043302769,8366881
2022-04-01,0.0093243660,116.7820801002,0.0061240056,0.0091443660,9914107
2022-04-04,0.0042939054,117.2846094445,0.0063029410,0.0041139054,11387830
2022-04-05,-0.0042642022,116.7855489627,0.0061638769,-0.0044442022,9076774
2022-04-06,-0.0024649922,116.4980280077,0.0062141479,-0.0026449922,5207293
2022-04-07,0.0093866482,117.5967023779,0.0060975388,0.0092066482,14973441
2022-04-08,0.0065607843,118.3707654354,0.0062855797,0.0063807843,6040032
2022-04-11,-0.0002295462,118.3435969884,0.0062539346,-0.0004095462,6678190
2022-04-12,-0.0026786940,118.0270149042,0.0060459222,-0.0028586940,15140647
2022-04-13,-0.0000798480,118.0175910550,0.0059638866,-0.0002598480,7539256
2022-04-14,-0.0020678649,117.7737987725,0.0057839931,-0.0022478649,7565945
2022-04-15,0.0008134376,117.8696393799,0.0056911054,0.0006334376,8721998
2022-04-18,0.0042863720,118.3759568631,0.0055407779,0.0041063720,11477256
2022-04-19,-0.0019651212,118.1435621816,0.0054896828,-0.0021451212,7900133
2022-04-20,0.0018383912,118.3609560303,0.0054251356,0.0016583912,5405350
2022-04-21,-0.0030734374,117.9977394902,0.0053157491,-0.0032534374,9028137
2022-04-22,0.0038034466,118.4473921602,0.0053595155,0.0036234466,8388203
2022-04-25,0.0078089189,119.3759590729,0.0053115298,0.0076289189,12504038
2022-04-26,-0.0094499413,118.2531767306,0.0054996150,-0.0096299413,11413184
2022-04-27,0.0036120251,118.6810825125,0.0065717471,0.0034320251,6449802
2022-04-28,-0.0071158544,117.8395628308,0.0063813222,-0.0072958544,8762605
2022-04-29,0.0005033445,117.8988916568,0.0067954454,0.0003233445,15639816
2022-05-02,0.0035173591,118.3143145679,0.0065330451,0.0033373591,10295068
2022-05-03,-0.0051173622,117.7104038996,0.0063438772,-0.0052973622,9883453
2022-05-04,-0.0005479370,117.6459236870,0.0064701294,-0.0007279370,10859836
2022-05-05,-0.0026269339,117.3372811962,0.0062452040,-0.0028069339,13645497
2022-05-06,-0.0024369842,117.0516802441,0.0061362419,-0.0026169842,9080702
2022-05-09,-0.0041966084,116.5614894633,0.0060266117,-0.0043766084,5310780
2022-05-10,0.0116690429,117.9296173331,0.0060883019,0.0114890429,16433042
2022-05-11,-0.0013269391,117.7732356851,0.0064814004,-0.0015069391,6400882
2022-05-12,-0.0103249282,116.5634914871,0.0062768961,-0.0105049282,9138705
2022-05-13,-0.0029749033,116.2172416515,0.0073404560,-0.0031549033,10189587
2022-05-16,0.0100391768,117.3898432161,0.0071358514,0.0098591768,10264852
2022-05-17,-0.0069432136,116.5776035009,0.0072212819,-0.0071232136,8422221
2022-05-18,0.0006315456,116.6512508222,0.0074654229,0.0004515456,6501875
2022-05-19,-0.0004260487,116.6015622986,0.0071413251,-0.0006060487,7786324
2022-05-20,-0.0030710912,116.2440175688,0.0068502297,-0.0032510912,9246667
2022-05-23,-0.0084861915,115.2617224406,0.0067054902,-0.0086661915,12630327
2022-05-24,0.0037616893,115.6961177478,0.0072978954,0.0035816893,9019931
2022-05-25,0.0060538845,116.3986530745,0.0070385466,0.0058738845,12948069
2022-05-26,-0.0025277021,116.1048034908,0.0068919104,-0.0027077021,10853212
2022-05-27,0.0032366872,116.4812072463,0.0067052248,0.0030566872,9608883
2022-05-30,-0.0006711103,116.4030617313,0.0064906947,-0.0008511103,7231836
2022-05-31,-0.0065181661,115.6467946577,0.0062661481,-0.0066981661,7675898
2022-06-01,0.0152237268,117.4208393863,0.0066041165,0.0150437268,15931833
2022-06-02,-0.0075132267,116.5419358301,0.0072726709,-0.0076932267,11726373
2022-06-03,0.0002338585,116.5691933449,0.0075953674,0.0000538585,7821856
2022-06-06,-0.0068104539,115.7780014696,0.0072587958,-0.0069904539,8046511
2022-06-07,-0.0024493338,115.4947695082,0.0074776133,-0.0026293338,6433596
2022-06-08,-0.0086896539,114.4955078391,0.0072261584,-0.0088696539,12852897
2022-06-09,-0.0089508790,113.4752453410,0.0077539071,-0.0091308790,11742029
2022-06-10,0.0016646035,113.6642939324,0.0082298167,0.0014846035,9859568
2022-06-13,0.0088374886,114.6732525940,0.0078451400,0.0086574886,7572512
2022-06-14,0.0022308373,114.9293555146,0.0077567763,0.0020508373,6766016
2022-06-15,-0.0089651986,113.9035959524,0.0074213961,-0.0091451986,16119824
2022-06-16,-0.0066870422,113.1444588154,0.0079611850,-0.0068670422,11508163
2022-06-17,0.0084544887,114.1050924731,0.0080591704,0.0082744887,14653086
2022-06-20,0.0175972683,116.1308016042,0.0079229030,0.0174172683,16266660
2022-06-21,0.0090396183,117.1853388529,0.0085905092,0.0088596183,9743105
2022-06-22,0.0015729669,117.3698125556,0.0084273581,0.0013929669,5739136
2022-06-23,-0.0098126686,116.2237337179,0.0080246144,-0.0099926686,10436860
2022-06-24,-0.0007954497,116.1313203425,0.0086023509,-0.0009754497,7771506
2022-06-27,0.0029315454,116.4722640773,0.0081870548,0.0027515454,6067973
2022-06-28,-0.0049489437,115.8972733698,0.0078250015,-0.0051289437,10691082
2022-06-29,-0.0020876176,115.6555765551,0.0077361557,-0.0022676176,9740995
2022-06-30,-0.0041401968,115.1777295801,0.0074407577,-0.0043201968,14028206
2022-07-01,-0.0112876947,113.8849485130,0.0073184955,-0.0114676947,8937077
2022-07-04,-0.0040222180,113.4277984179,0.0083355426,-0.0042022180,10245315
2022-07-05,0.0164039300,115.3038049567,0.0081046773,0.0162239300,12736160
2022-07-06,0.0053918993,115.9271905636,0.0086095015,0.0052118993,13292809
2022-07-07,0.0026296067,116.2324346375,0.0082753534,0.0024496067,11028130
2022-07-08,-0.0058464714,115.5548676530,0.0078999312,-0.0060264714,8610568
2022-07-11,0.0040063714,116.0187519948,0.0079009556,0.0038263714,9718926
2022-07-12,0.0049757505,116.5974709426,0.0075904610,0.0047957505,8051034
2022-07-13,0.0051152211,117.1954208109,0.0073409872,0.0049352211,7923987
2022-07-14,-0.0040096594,116.7264479268,0.0071220772,-0.0041896594,9303780
2022-07-15,-0.0066855325,115.9486722792,0.0070249995,-0.0068655325,8299798
2022-07-18,0.0122672039,117.3797982940,0.0072623031,0.0120872039,9865708
2022-07-19,0.0024791982,117.6711671057,0.0075113406,0.0022991982,10551453
2022-07-20,0.0003812283,117.7160352365,0.0072025241,0.0002012283,6513132
2022-07-21,0.0114178252,119.0677987687,0.0069017864,0.0112378252,12438756
2022-07-22,0.0101516578,120.2826904705,0.0071335846,0.0099716578,16210527
2022-07-25,-0.0034862286,119.8640876153,0.0072278249,-0.0036662286,10026435
2022-07-26,-0.0063367493,119.1069404008,0.0070734331,-0.0065167493,8711276
2022-07-27,0.0035228731,119.5272790062,0.0072533888,0.0033428731,9754411
2022-07-28,-0.0064556295,118.7581404911,0.0069919060,-0.0066356295,11745355
2022-07-29,0.0067439249,119.5617431404,0.0072011365,0.0065639249,10510703
2022-08-01,0.0081093456,120.5352525617,0.0070699873,0.0079293456,10157554
2022-08-02,0.0035998111,120.9699386313,0.0070317000,0.0034198111,7213016
2022-08-03,-0.0040615385,120.4796109824,0.0067941306,-0.0042415385,9511741
2022-08-04,0.0020608657,120.7281593021,0.0067415083,0.0018808657,9598000
2022-08-05,0.0064490377,121.5092557057,0.0064987902,0.0062690377,6908891
2022-08-08,-0.0077609990,120.5698724831,0.0064347000,-0.0079409990,8615474
2022-08-09,-0.0022903827,120.2940373373,0.0069495960,-0.0024703827,7962620
2022-08-10,-0.0087702947,119.2436360793,0.0067427162,-0.0089502947,8614215
2022-08-11,0.0043282009,119.7608650257,0.0073804185,0.0041482009,8831699
2022-08-12,0.0003791304,119.8062786168,0.0071299242,0.0001991304,12210347
2022-08-15,0.0028073744,120.1430922614,0.0068358865,0.0026273744,4578337
2022-08-16,0.0000317189,120.1469031339,0.0065980451,-0.0001482811,6770247
2022-08-17,-0.0084397676,119.1371581919,0.0063543813,-0.0086197676,11011382
2022-08-18,0.0021706799,119.3960477031,0.0070103895,0.0019906799,11152338
2022-08-19,0.0145122756,121.1413898596,0.0067434852,0.0143322756,20383634
2022-08-22,-0.0058306867,120.4371075913,0.0073048390,-0.0060106867,10714830
2022-08-23,-0.0081719330,119.4569141103,0.0073840152,-0.0083519330,11750239
2022-08-24,-0.0114407535,118.0980251817,0.0077940742,-0.0116207535,12007339
2022-08-25,-0.0028167264,117.7658434141,0.0087339511,-0.0029967264,7817525
2022-08-26,0.0025306780,118.0642482687,0.0083819575,0.0023506780,11837352
2022-08-29,-0.0054948674,117.4172800137,0.0079954792,-0.0056748674,10261100
2022-08-30,0.0115593397,118.7824211025,0.0079441001,0.0113793397,11667525
2022-08-31,0.0205568040,121.2494785846,0.0080328393,0.0203768040,27486203
2022-09-01,0.0148359429,123.0617389753,0.0090263414,0.0146559429,17969709
2022-09-02,-0.0051617937,122.4281562902,0.0092302181,-0.0053417937,12927613
2022-09-05,0.0084394182,123.4657508920,0.0090024560,0.0082594182,10783457
2022-09-06,0.0055983848,124.1588981149,0.0087613044,0.0054183848,12425381
2022-09-07,0.0169911257,126.2865217378,0.0084199962,0.0168111257,18811916
2022-09-08,-0.0079858063,125.2820381774,0.0089288061,-0.0081658063,14047744
2022-09-09,-0.0023856402,124.9835165324,0.0090661444,-0.0025656402,6375245
2022-09-12,-0.0054419525,124.3052095065,0.0086619811,-0.0056219525,13174332
2022-09-13,0.0126009837,125.8814878930,0.0085249640,0.0124209837,13408741
2022-09-14,0.0034706952,126.3191432087,0.0086146797,0.0032906952,10793748
2022-09-15,-0.0028217635,125.9632028930,0.0082256083,-0.0030017635,9300761
2022-09-16,-0.0048996761,125.3475335218,0.0079222087,-0.0050796761,7863222
2022-09-19,-0.0010020514,125.2219917582,0.0078167699,-0.0011820514,12380073
2022-09-20,0.0010530587,125.3539273163,0.0074749728,0.0008730587,12077576
2022-09-21,-0.0037087127,124.8898866484,0.0071521579,-0.0038887127,6599920
2022-09-22,0.0031476803,125.2836194256,0.0070247668,0.0029676803,13944964
2022-09-23,-0.0021154273,125.0188711697,0.0067761778,-0.0022954273,5871550
2022-09-26,0.0018033864,125.2445319150,0.0065775468,0.0016233864,6180710
2022-09-27,0.0080607580,126.2581776621,0.0063470255,0.0078807580,8373209
2022-09-28,0.0046991516,126.8528801843,0.0064002786,0.0045191516,11599489
2022-09-29,0.0043155286,127.4015003540,0.0062659040,0.0041355286,7746712
2022-09-30,0.0015908578,127.6043393283,0.0061317366,0.0014108578,8075587
2022-10-03,-0.0098066423,126.3590850734,0.0059430554,-0.0099866423,12603988
2022-10-04,0.0029160284,126.7280895111,0.0069776026,0.0027360284,11331233
2022-10-05,0.0043049278,127.2748207553,0.0067282507,0.0041249278,9702030
2022-10-06,-0.0082414995,126.2301959286,0.0065437121,-0.0084214995,12044034
2022-10-07,0.0010545162,126.3633779191,0.0071236509,0.0008745162,5939024
2022-10-10,-0.0028393661,126.0050949172,0.0068331130,-0.0030193661,7745564
2022-10-11,0.0042180915,126.5377184723,0.0066734261,0.0040380915,10329226
2022-10-12,-0.0032392876,126.1284895681,0.0064916836,-0.0034192876,8307082
2022-10-13,-0.0001752170,126.1063916470,0.0064012255,-0.0003552170,7152580
2022-10-14,-0.0000717286,126.0973465315,0.0061780585,-0.0002517286,11020197
2022-10-17,0.0016506507,126.3056610879,0.0059763145,0.0014706507,10994829
2022-10-18,0.0063079113,127.1049041235,0.0058044954,0.0061279113,8959749
2022-10-19,-0.0054929267,126.4086402166,0.0058204387,-0.0056729267,7861758
2022-10-20,0.0061724469,127.1913038296,0.0060796098,0.0059924469,10798765
2022-10-21,-0.0082190501,126.1501964516,0.0060524093,-0.0083990501,10143197
2022-10-24,0.0137248527,127.8935254186,0.0067308149,0.0135448527,19892484
2022-10-25,-0.0003574312,127.8478204449,0.0072114377,-0.0005374312,9528257
2022-10-26,0.0012982072,128.0139011813,0.0069129570,0.0011182072,12182864
2022-10-27,-0.0023748827,127.7102439000,0.0066441838,-0.0025548827,6271749
2022-10-28,-0.0016375349,127.5012850535,0.0064744155,-0.0018175349,5258599
2022-10-31,-0.0009634154,127.3785075000,0.0062833702,-0.0011434154,4311783
2022-11-01,0.0076516685,128.3569040237,0.0060869444,0.0074716685,15008480
2022-11-02,-0.0045418975,127.7752420407,0.0061485524,-0.0047218975,7922221
2022-11-03,-0.0081329540,126.7402662846,0.0062326571,-0.0083129540,10096082
2022-11-04,-0.0114254611,125.3004412921,0.0068561899,-0.0116054611,15679075
2022-11-07,0.0126758779,126.8988435614,0.0080170336,0.0124958779,12881712
2022-11-08,-0.0147375294,125.0423815570,0.0081856853,-0.0149175294,15428466
2022-11-09,0.0182726577,127.3482411267,0.0097615215,0.0180926577,16072779
2022-11-10,0.0010710833,127.4847147776,0.0101687702,0.0008910833,12783103
2022-11-11,0.0067126201,128.3433498551,0.0096179547,0.0065326201,9284245
2022-11-14,-0.0032593794,127.9257111770,0.0092372360,-0.0034393794,9392039
2022-11-15,-0.0261991643,124.6176873958,0.0088638381,-0.0263791643,21746521
2022-11-16,0.0019109985,124.8560592980,0.0133683276,0.0017309985,8330812
2022-11-17,0.0065171155,125.6724179233,0.0125755476,0.0063371155,9912444
2022-11-18,-0.0021524575,125.4022043032,0.0119287205,-0.0023324575,6238815
2022-11-21,-0.0242172416,122.4017863816,0.0112756091,-0.0243972416,23597875
2022-11-22,-0.0165998171,120.3867103338,0.0143307774,-0.0167798171,10508075
2022-11-23,-0.0127410768,118.8625841295,0.0149938346,-0.0129210768,16460015
2022-11-24,0.0068219545,119.6762314495,0.0149655278,0.0066419545,10176186
2022-11-25,0.0088205737,120.7365137473,0.0141342727,0.0086405737,14339054
2022-11-28,0.0006048249,120.8095602820,0.0134317848,0.0004248249,11756398
2022-11-29,0.0016767702,121.0123000811,0.0126281075,0.0014967702,6282316
2022-11-30,-0.0320602012,117.1941537040,0.0118895472,-0.0322402012,31278184
2022-12-01,-0.0058566766,116.5097914497,0.0169291494,-0.0060366766,7912746
2022-12-02,-0.0071512713,115.6795704335,0.0160464025,-0.0073312713,9286789
2022-12-05,0.0082329884,116.6358902749,0.0153246399,0.0080529884,9110529
2022-12-06,-0.0057651484,115.9654016462,0.0145045364,-0.0059451484,8651343
2022-12-07,0.0107523344,117.2190280456,0.0138206517,0.0105723344,11571179
2022-12-08,0.0100567818,118.4038218556,0.0132222027,0.0098767818,13973684
2022-12-09,0.0126220270,119.9077896913,0.0126477063,0.0124420270,8989481
2022-12-12,-0.0018079276,119.6912009421,0.0122549302,-0.0019879276,8601483
2022-12-13,0.0003890831,119.7377798268,0.0115659855,0.0002090831,6045727
2022-12-14,0.0023037182,120.0139399058,0.0109033969,0.0021237182,12129697
2022-12-15,-0.0023429384,119.7330837787,0.0103042319,-0.0025229384,8395320
2022-12-16,-0.0146832161,117.9878611354,0.0097908513,-0.0148632161,15759957
2022-12-19,-0.0068831979,117.1785159710,0.0109608724,-0.0070631979,11143837
2022-12-20,-0.0076914714,116.2806979635,0.0107123848,-0.0078714714,12356763
2022-12-21,0.0003778192,116.3246393447,0.0105802090,0.0001978192,7444988
2022-12-22,0.0095696672,117.4431708856,0.0099945319,0.0093896672,12735752
2022-12-23,-0.0107916641,116.1825778155,0.0097084501,-0.0109716641,11489112
2022-12-26,0.0091939651,117.2556818609,0.0101567456,0.0090139651,16865322
2022-12-27,0.0024824701,117.5471271833,0.0098345099,0.0023024701,8248704
2022-12-28,-0.0052284153,116.9341458369,0.0093239409,-0.0054084153,7934476
2022-12-29,0.0101412145,118.1260334723,0.0090922005,0.0099612145,7977929
2022-12-30,0.0009205666,118.2348264237,0.0089374870,0.0007405666,8029789
2023-01-02,-0.0062798814,117.4946522776,0.0084867314,-0.0064598814,11551428
2023-01-03,-0.0036657309,117.0647369559,0.0084634255,-0.0038457309,10723739
2023-01-04,-0.0166138470,115.1359083267,0.0081920768,-0.0167938470,17500553
2023-01-05,0.0082028813,116.0842387139,0.0102274614,0.0080228813,19379596
2023-01-06,0.0068890507,116.8867098810,0.0098510408,0.0067090507,11646812
2023-01-09,-0.0042037615,116.3963773691,0.0094553181,-0.0043837615,8611077
2023-01-10,-0.0042124260,115.9070974979,0.0091246554,-0.0043924260,9138375
2023-01-11,-0.0026646155,115.5986607612,0.0088275761,-0.0028446155,8000553
2023-01-12,0.0002614662,115.6288898587,0.0084587199,0.0000814662,9582672
2023-01-13,-0.0020621665,115.3906895194,0.0080466648,-0.0022421665,8672881
2023-01-16,0.0043643723,115.8953980144,0.0077207967,0.0041843723,13261193
2023-01-17,-0.0000886706,115.8851219498,0.0074380309,-0.0002686706,8121590
2023-01-18,-0.0007651497,115.7964863935,0.0071164129,-0.0009451497,6539891
2023-01-19,-0.0027085287,115.4832726554,0.0068336054,-0.0028885287,9619646
2023-01-20,-0.0032172029,115.1123365459,0.0066648825,-0.0033972029,10878770
2023-01-23,0.0000699649,115.1203906491,0.0065524672,-0.0001100351,5431098
2023-01-24,-0.0017227585,114.9222367467,0.0063130956,-0.0019027585,8713051
2023-01-25,-0.0051118265,114.3362731570,0.0061428966,-0.0052918265,8767724
2023-01-26,0.0033742286,114.7227214994,0.0062984234,0.0031942286,10778439
2023-01-27,0.0067971249,115.5051623324,0.0061297789,0.0066171249,9280596
2023-01-30,-0.0036076206,115.0892142711,0.0061317040,-0.0037876206,10226241
2023-01-31,0.0031476901,115.4520501938,0.0061183103,0.0029676901,9154734
2023-02-01,0.0099336610,116.6046268970,0.0059625274,0.0097536610,14593957
2023-02-02,-0.0081167399,115.6620081418,0.0062179074,-0.0082967399,14320376
2023-02-03,0.0029024501,115.9981990053,0.0068414784,0.0027224501,8682857
2023-02-06,0.0043414726,116.5028967839,0.0066052036,0.0041614726,9166059
2023-02-07,-0.0107144893,115.2612912011,0.0064350186,-0.0108944893,11159765
2023-02-08,0.0065927477,116.0236902086,0.0075447444,0.0064127477,7981160
2023-02-09,0.0074948065,116.8965321223,0.0073678314,0.0073148065,6444664
2023-02-10,-0.0011083055,116.7670468190,0.0072574616,-0.0012883055,8944319
2023-02-13,0.0101600565,117.9594538152,0.0069699935,0.0099800565,17323888
2023-02-14,-0.0005137898,117.8988630143,0.0070882571,-0.0006937898,8775993
2023-02-15,-0.0020627650,117.6559160181,0.0068034077,-0.0022427650,8773428
2023-02-16,0.0028416966,117.9907339401,0.0065991499,0.0026616966,12608236
2023-02-17,-0.0021203541,117.7408168482,0.0063856944,-0.0023003541,7119469
2023-02-20,0.0015699626,117.9258107004,0.0062286654,0.0013899626,6449050
2023-02-21,0.0089747091,118.9889239805,0.0060298439,0.0087947091,9431675
2023-02-22,0.0055123404,119.6466425471,0.0061956779,0.0053323404,7577541
2023-02-23,-0.0021290438,119.3921805757,0.0061204617,-0.0023090438,7148535
2023-02-24,-0.0062825668,118.6444425458,0.0059930506,-0.0064625668,12338694
2023-02-27,-0.0029269476,118.2976842013,0.0063420052,-0.0031069476,8535971
2023-02-28,-0.0085727214,117.2878856534,0.0062440796,-0.0087527214,9276678
2023-03-01,-0.0126267484,115.8162316830,0.0069494310,-0.0128067484,18806838
2023-03-02,0.0053377095,116.4360778855,0.0083629110,0.0051577095,11304876
2023-03-03,0.0048354071,117.0004571228,0.0080504293,0.0046554071,7082775
2023-03-06,-0.0105315302,115.7747289999,0.0077508834,-0.0107115302,15946467
2023-03-07,-0.0042964375,115.2783771528,0.0085176584,-0.0044764375,9229161
2023-03-08,-0.0047463935,114.7325170660,0.0082900485,-0.0049263935,13049659
2023-03-09,-0.0090383651,113.7001949690,0.0081272638,-0.0092183651,10943621
2023-03-10,-0.0076982195,112.8282663693,0.0085520309,-0.0078782195,10327068
2023-03-13,-0.0019444985,112.6090851466,0.0087034289,-0.0021244985,7065340
2023-03-14,-0.0159430563,110.8279879531,0.0083127498,-0.0161230563,16420988
2023-03-15,-0.0099602801,109.7295894130,0.0101445197,-0.0101402801,9501937
2023-03-16,0.0108284195,110.9242438750,0.0103908966,0.0106484195,8444879
2023-03-17,0.0038333330,111.3502694720,0.0101326661,0.0036533330,5686871
2023-03-20,-0.0191628726,109.2367932604,0.0096206954,-0.0193428726,19336071
2023-03-21,-0.0110531529,108.0360306163,0.0118751004,-0.0112331529,14351029
2023-03-22,-0.0083579129,107.1368378046,0.0120309661,-0.0085379129,14875376
2023-03-23,0.0135147053,108.5945889438,0.0118205871,0.0133347053,13094543
2023-03-24,-0.0002519810,108.5672286190,0.0115689954,-0.0004319810,10378854
2023-03-27,0.0011901036,108.6965117862,0.0109073903,0.0010101036,7802731
2023-03-28,0.0034444088,109.0715525306,0.0102985935,0.0032644088,5710710
2023-03-29,0.0184350105,111.1009361297,0.0097652033,0.0182550105,10579384
2023-03-30,0.0048335777,111.6392510854,0.0101877867,0.0046535777,10023818
2023-03-31,-0.0222198023,109.1860052509,0.0096948046,-0.0223998023,17080180
2023-04-03,0.0157120203,110.9150860852,0.0127295743,0.0155320203,13375017
2023-04-04,0.0028416867,111.2307202677,0.0125197841,0.0026616867,12088445
2023-04-05,-0.0056094483,110.6085240182,0.0118007541,-0.0057894483,13602620
2023-04-06,0.0021949517,110.8515710234,0.0113511906,0.0020149517,10211935
2023-04-07,-0.0213640856,108.5084470413,0.0107155211,-0.0215440856,21542729
2023-04-10,-0.0064872239,107.8068067603,0.0132037253,-0.0066672239,5958440
2023-04-11,-0.0103345737,106.6984066593,0.0126911156,-0.0105145737,18646521
2023-04-12,-0.0175258091,104.8447218620,0.0126397097,-0.0177058091,18197621
2023-04-13,-0.0078112534,104.0289434494,0.0137871316,-0.0079912534,7764586
2023-04-14,-0.0165178012,102.3247277348,0.0133331267,-0.0166978012,17494281
2023-04-17,0.0185331155,104.2388058591,0.0141555092,0.0183531155,13167296
2023-04-18,0.0029587832,104.5476826097,0.0139769550,0.0027787832,7961211
2023-04-19,0.0040029320,104.9670186033,0.0131485275,0.0038229320,11241918
2023-04-20,0.0118598259,106.2193205354,0.0123980926,0.0116798259,16635165
2023-04-21,0.0075957411,107.0292069441,0.0119888722,0.0074157411,6696903
2023-04-24,-0.0059674814,106.3924140534,0.0114268275,-0.0061474814,11178138
2023-04-25,-0.0049550874,105.8665343067,0.0110433538,-0.0051350874,11080112
2023-04-26,0.0116010048,107.1018440408,0.0106154906,0.0114210048,13842506
2023-04-27,-0.0030164814,106.7792601028,0.0103785009,-0.0031964814,8927939
2023-04-28,-0.0048601508,106.2615558758,0.0098890984,-0.0050401508,10301616
2023-05-01,-0.0055692801,105.6714003989,0.0095665300,-0.0057492801,11614017
2023-05-02,-0.0024686121,105.4108604170,0.0093404762,-0.0026486121,10866924
2023-05-03,-0.0003891670,105.3698459742,0.0089157198,-0.0005691670,7006160
2023-05-04,0.0072574420,106.1373431810,0.0084679728,0.0070774420,10602926
2023-05-05,-0.0065434444,105.4451066513,0.0082243340,-0.0067234444,9418923
2023-05-08,-0.0168095290,103.6874382462,0.0082676020,-0.0169895290,13112563
2023-05-09,0.0075566624,104.4739371177,0.0103299156,0.0073766624,7113967
2023-05-10,-0.0119136871,103.2366522697,0.0099160506,-0.0120936871,17913225
2023-05-11,-0.0043526018,102.7882807261,0.0105221332,-0.0045326018,10376100
2023-05-12,0.0082479891,103.6395832899,0.0100998364,0.0080679891,14814153
2023-05-15,0.0014633809,103.7913585029,0.0097378596,0.0012833809,8175087
2023-05-16,0.0041872472,104.2268697407,0.0092243769,0.0040072472,9077771
2023-05-17,-0.0074603614,103.4521929029,0.0087983370,-0.0076403614,11763961
2023-05-18,-0.0060552549,102.8276562783,0.0088823129,-0.0062352549,14004587
2023-05-19,0.0060257103,103.4491364994,0.0087843738,0.0058457103,11288588
2023-05-22,-0.0027267028,103.1674456717,0.0084565490,-0.0029067028,8971458
2023-05-23,-0.0040815560,102.7472201331,0.0081256437,-0.0042615560,8967446
2023-05-24,0.0047157456,103.2328941437,0.0079219712,0.0045357456,5593166
2023-05-25,0.0054366528,103.7956639557,0.0076309010,0.0052566528,9613646
2023-05-26,0.0001443224,103.8106450790,0.0073946229,-0.0000356776,9362529
2023-05-29,0.0002275788,103.8342728702,0.0070761704,0.0000475788,6566764
2023-05-30,0.0004487931,103.8808834348,0.0067869674,0.0002687931,8124249
2023-05-31,-0.0003537800,103.8441389610,0.0065252372,-0.0005337800,7513020
2023-06-01,0.0042048920,104.2817116798,0.0062918717,0.0040248920,10530415
2023-06-02,0.0101354672,105.3440300010,0.0061507919,0.0099554672,7494504
2023-06-05,-0.0087041707,104.4310765979,0.0063925874,-0.0088841707,12134036
2023-06-06,-0.0020648035,104.2156694094,0.0070913057,-0.0022448035,9964950
2023-06-07,0.0031934932,104.5490134210,0.0068578731,0.0030134932,7645077
2023-06-08,-0.0037761940,104.1549605461,0.0066269096,-0.0039561940,8141441
2023-06-09,0.0016104832,104.3228354998,0.0065675595,0.0014304832,7819008
2023-06-12,0.0024778106,104.5816482401,0.0063354648,0.0022978106,9296840
2023-06-13,-0.0026195385,104.3080510950,0.0061408921,-0.0027995385,8050849
2023-06-14,0.0006291879,104.3737011127,0.0060434248,0.0004491879,7390204
2023-06-15,0.0077569946,105.1864756140,0.0058554328,0.0075769946,10655462
2023-06-16,0.0025016884,105.4499488231,0.0059570544,0.0023216884,7582916
2023-06-19,-0.0041891628,105.0091258061,0.0058025611,-0.0043691628,13449196
2023-06-20,0.0124805656,106.3279115693,0.0058950435,0.0123005656,16510821
2023-06-21,0.0030315532,106.6507393804,0.0064074608,0.0028515532,6200424
2023-06-22,-0.0004597994,106.6017127082,0.0062181634,-0.0006397994,8091355
2023-06-23,0.0026113705,106.8804530693,0.0060168498,0.0024313705,11269383
2023-06-26,-0.0021410282,106.6518637965,0.0058584380,-0.0023210282,8098985
2023-06-27,0.0024580637,106.9143433358,0.0057614702,0.0022780637,8919781
2023-06-28,0.0123134514,108.2389665131,0.0056271374,0.0121334514,12208049
2023-06-29,-0.0010744455,108.1227321013,0.0061761965,-0.0012544455,4944134
2023-06-30,0.0062024020,108.7954367885,0.0059941983,0.0060224020,7127216
2023-07-03,0.0055351994,109.3993109640,0.0059794877,0.0053551994,14311205
2023-07-04,0.0066391443,110.1280451833,0.0059315694,0.0064591443,7609989
2023-07-05,-0.0025614418,109.8463195696,0.0059501503,-0.0027414418,11087299
2023-07-06,-0.0035757743,109.4542353403,0.0058708291,-0.0037557743,6215355
2023-07-07,-0.0003550585,109.4153795767,0.0058883255,-0.0005350585,4905084
2023-07-10,0.0085543089,110.3553672772,0.0057192082,0.0083743089,6705832
2023-07-11,0.0006062280,110.4222880695,0.0059003581,0.0004262280,8147745
2023-07-12,0.0093037606,111.4544245327,0.0057269860,0.0091237606,10560998
2023-07-13,-0.0070179036,110.6749863301,0.0059676583,-0.0071979036,9438685
2023-07-14,0.0059403744,111.3343938105,0.0064431192,0.0057603744,15308432
2023-07-17,-0.0130780594,109.8878356993,0.0063594023,-0.0132580594,17708291
2023-07-18,0.0079938871,110.7697870702,0.0080579054,0.0078138871,10382993
2023-07-19,-0.0040003162,110.3275580185,0.0078960171,-0.0041803162,8234316
2023-07-20,-0.0035817575,109.9330983093,0.0077104213,-0.0037617575,5778757
2023-07-21,0.0049134628,110.4745796829,0.0075110183,0.0047334628,10319193
2023-07-24,0.0005746433,110.5380814072,0.0072673039,0.0003946433,7581310
2023-07-25,0.0036922533,110.9469703939,0.0069610696,0.0035122533,5206795
2023-07-26,0.0036248448,111.3498657195,0.0067331733,0.0034448448,4568272
2023-07-27,-0.0079862186,110.4641428418,0.0065264595,-0.0081662186,11864493
2023-07-28,-0.0070747231,109.6853975653,0.0070635594,-0.0072547231,12128613
2023-07-31,-0.0014681814,109.5244776624,0.0073529228,-0.0016481814,11009292
2023-08-01,-0.0001313466,109.5100929360,0.0070680988,-0.0003113466,6520656
2023-08-02,0.0070313010,110.2828047682,0.0067807450,0.0068513010,9448768
2023-08-03,0.0037391738,110.6959432557,0.0067143887,0.0035591738,7438613
2023-08-04,-0.0083658235,109.7737433914,0.0065129830,-0.0085458235,12495386
2023-08-07,0.0028406600,110.0860165909,0.0071220998,0.0026606600,6818429
2023-08-08,-0.0029815702,109.7582762381,0.0068570764,-0.0031615702,6086625
2023-08-09,0.0000255370,109.7610791658,0.0067049436,-0.0001544630,6032110
2023-08-10,0.0092321180,110.7790984040,0.0064510194,0.0090521180,7494861
2023-08-11,0.0015995856,110.9564408564,0.0065736111,0.0014195856,6510791
2023-08-14,0.0190885961,113.0947876331,0.0063407881,0.0189085961,22067831
2023-08-15,0.0077922437,113.9794922180,0.0075593182,0.0076122437,12077274
2023-08-16,-0.0018346495,113.7705715065,0.0074432323,-0.0020146495,9138210
2023-08-17,-0.0017358988,113.5732486216,0.0071643982,-0.0019158988,7070089
2023-08-18,-0.0055249088,112.9474969815,0.0069083165,-0.0057049088,7331918
2023-08-21,0.0040529854,113.4062004742,0.0070046581,0.0038729854,10095685
2023-08-22,-0.0043152346,112.9178804782,0.0067831966,-0.0044952346,6484897
2023-08-23,0.0026293871,113.2151759724,0.0067573910,0.0024493871,7322822
2023-08-24,-0.0024882055,112.9338235241,0.0065235115,-0.0026682055,9141484
2023-08-25,0.0017083256,113.1269161519,0.0063739619,0.0015283256,8448495
2023-08-28,0.0075622482,113.9856528631,0.0061623289,0.0073822482,9078948
2023-08-29,0.0054227158,114.6054436179,0.0062076571,0.0052427158,9464787
2023-08-30,0.0001199179,114.6191876824,0.0061267601,-0.0000600821,9451508
2023-08-31,0.0051467785,115.2106279517,0.0059294110,0.0049667785,9817854
2023-09-01,0.0016338395,115.3990174823,0.0058689159,0.0014538395,6319794
2023-09-04,0.0008716839,115.4996528049,0.0057081242,0.0006916839,8956969
2023-09-05,-0.0024389377,115.2182995887,0.0055563700,-0.0026189377,9543298
2023-09-06,-0.0043756135,114.7152502178,0.0055156907,-0.0045556135,8975730
2023-09-07,0.0003998516,114.7611284609,0.0056731548,0.0002198516,9574984
2023-09-08,-0.0019488701,114.5376917284,0.0055229824,-0.0021288701,7704292
2023-09-11,0.0014866775,114.7080989722,0.0054534736,0.0013066775,10414680
2023-09-12,-0.0010469774,114.5880650359,0.0053355443,-0.0012269774,6315613
2023-09-13,0.0003344072,114.6263905125,0.0052440955,0.0001544072,8139749
2023-09-14,0.0013322226,114.7792001410,0.0051406983,0.0011522226,8592568
2023-09-15,-0.0001245691,114.7649030936,0.0050561167,-0.0003045691,7430668
2023-09-18,-0.0041704778,114.2872752711,0.0049754732,-0.0043504778,7628451
2023-09-19,0.0060871191,114.9850771756,0.0051933392,0.0059071191,11227867
2023-09-20,-0.0018104574,114.7770899240,0.0052805061,-0.0019904574,8456527
2023-09-21,0.0007473200,114.8628972028,0.0052319170,0.0005673200,9740062
2023-09-22,-0.0008158559,114.7692238506,0.0051314884,-0.0009958559,6404594
2023-09-25,-0.0027337314,114.4559040756,0.0050559577,-0.0029137314,8404115
2023-09-26,-0.0016275863,114.2697687350,0.0051044569,-0.0018075863,8016859
2023-09-27,-0.0069287290,113.4807610431,0.0050670218,-0.0071087290,9856940
2023-09-28,-0.0039767254,113.0303753458,0.0057157477,-0.0041567254,10847345
2023-09-29,0.0032152794,113.3943844672,0.0057966239,0.0030352794,9997092
2023-10-02,-0.0166339272,111.5237913189,0.0056779793,-0.0168139272,15198580
2023-10-03,0.0012500008,111.6632833085,0.0086236931,0.0010700008,9502344
2023-10-04,-0.0001140054,111.6505538202,0.0082014146,-0.0002940054,8386495
2023-10-05,-0.0016749562,111.4637005570,0.0078123226,-0.0018549562,8725547
2023-10-06,0.0048739194,112.0082917133,0.0074920963,0.0046939194,10690279
2023-10-09,0.0020013204,112.2326806502,0.0072488772,0.0018213204,7530175
2023-10-10,-0.0048214097,111.6928633064,0.0069568425,-0.0050014097,11997427
2023-10-11,0.0129129779,113.1445031023,0.0069629841,0.0127329779,13569410
2023-10-12,-0.0042728462,112.6620854246,0.0073210258,-0.0044528462,15457781
2023-10-13,-0.0015119830,112.4918709744,0.0072251691,-0.0016919830,9520505
2023-10-16,-0.0131984492,111.0169077537,0.0069541646,-0.0133784492,16431262
2023-10-17,-0.0056615795,110.3901525954,0.0085038757,-0.0058415795,10092299
2023-10-18,-0.0140904632,108.8456114148,0.0084085708,-0.0142704632,15274480
2023-10-19,-0.0028638304,108.5343419666,0.0097763840,-0.0030438304,8140379
2023-10-20,0.0019962028,108.7512149084,0.0093321297,0.0018162028,11688408
2023-10-23,-0.0022416856,108.5077019156,0.0088571182,-0.0024216856,8200562
2023-10-24,0.0015403001,108.6749651235,0.0084651781,0.0013603001,5038245
2023-10-25,0.0032051812,109.0238468942,0.0080588654,0.0030251812,9709490
2023-10-26,0.0038836682,109.4480826008,0.0077139980,0.0037036682,10764096
2023-10-27,0.0067191190,110.1859534421,0.0074178474,0.0065391190,11094041
2023-10-30,-0.0154651084,108.4950246321,0.0072610663,-0.0156451084,17274720
2023-10-31,0.0156153491,110.2025091093,0.0092902284,0.0154353491,11826188
2023-11-01,0.0072732769,111.0069644369,0.0095232352,0.0070932769,9981349
2023-11-02,-0.0013803602,110.8538405447,0.0091743855,-0.0015603602,8649741
2023-11-03,0.0001993454,110.8759409496,0.0087238017,0.0000193454,5328575
2023-11-06,0.0017703280,111.0724015791,0.0082892173,0.0015903280,5481086
2023-11-07,-0.0005044052,111.0163902065,0.0079004924,-0.0006844052,7533347
2023-11-08,-0.0087733832,110.0466609925,0.0075416227,-0.0089533832,11762736
2023-11-09,-0.0077536253,109.1966998143,0.0080254258,-0.0079336253,7597451
2023-11-10,0.0009525035,109.3007596038,0.0082638104,0.0007725035,7677874
2023-11-13,0.0061740354,109.9776738621,0.0078705535,0.0059940354,8818410
2023-11-14,-0.0025345409,109.6992838895,0.0076399442,-0.0027145409,9552837
2023-11-15,0.0077830664,110.5564119199,0.0073771921,0.0076030664,12420189
2023-11-16,-0.0031613449,110.2074568466,0.0072819875,-0.0033413449,9428946
2023-11-17,-0.0042306474,109.7421928333,0.0070967809,-0.0044106474,5822979
2023-11-20,0.0020227483,109.9643983268,0.0070236942,0.0018427483,5247100
2023-11-21,-0.0012303658,109.8291850949,0.0067532103,-0.0014103658,8089839
2023-11-22,0.0054982504,110.4347166165,0.0065180828,0.0053182504,5943378
2023-11-23,-0.0048186263,109.9038530285,0.0064045226,-0.0049986263,9077862
2023-11-24,-0.0103038697,108.7772322939,0.0064852488,-0.0104838697,13294812
2023-11-27,0.0020347287,108.9987897758,0.0074918048,0.0018547287,5788317
2023-11-28,-0.0104315646,107.8676717832,0.0071777303,-0.0106115646,13852926
2023-11-29,-0.0085316422,106.9512980461,0.0080483575,-0.0087116422,8283649
2023-11-30,0.0092602498,107.9462936302,0.0084034839,0.0090802498,5724108
2023-12-01,-0.0114363473,106.7188146453,0.0082748373,-0.0116163473,10995269
2023-12-04,-0.0020744848,106.4976575551,0.0091097243,-0.0022544848,7724319
2023-12-05,0.0150886822,108.1167511385,0.0086883011,0.0149086822,10634782
2023-12-06,-0.0001639420,108.0990277121,0.0089664991,-0.0003439420,10192640
2023-12-07,-0.0014531188,107.9420610592,0.0085126193,-0.0016331188,11012534
2023-12-08,-0.0073770536,107.1486966288,0.0081214331,-0.0075570536,5789289
2023-12-11,-0.0059161874,106.5166563364,0.0082906623,-0.0060961874,13483553
2023-12-12,-0.0043116591,106.0583815014,0.0082498402,-0.0044916591,14466933
2023-12-13,0.0020467089,106.2756744249,0.0080522796,0.0018667089,10274268
2023-12-14,-0.0053565681,105.7079234970,0.0076877671,-0.0055365681,9311966
2023-12-15,0.0016123749,105.8785017813,0.0076596240,0.0014323749,6390153
2023-12-18,-0.0061016562,105.2344345057,0.0073249986,-0.0062816562,12776909
2023-12-19,0.0029149393,105.5416340068,0.0074361651,0.0027349393,7716333
2023-12-20,-0.0155962515,103.9083498031,0.0071427862,-0.0157762515,15723422
2023-12-21,0.0018933848,104.1052746609,0.0092447196,0.0017133848,7861910
2023-12-22,-0.0010833903,103.9925490939,0.0087758688,-0.0012633903,7483747
2023-12-25,0.0066453559,104.6859178781,0.0083517192,0.0064653559,12169945
2023-12-26,0.0025199349,104.9500522350,0.0080921321,0.0023399349,10792482
2023-12-27,-0.0045105410,104.4777367200,0.0077311710,-0.0046905410,12629566
2023-12-28,0.0024932976,104.7385558282,0.0076099249,0.0023132976,6899035
2023-12-29,0.0061254485,105.3820954323,0.0072922463,0.0059454485,10779017
2024-01-01,0.0064661809,106.0657229744,0.0071209567,0.0062861809,9182928
2024-01-02,0.0002287597,106.0899893110,0.0069849384,0.0000487597,5936583
2024-01-03,0.0013912018,106.2376846034,0.0067042433,0.0012112018,10057546
2024-01-04,0.0012972492,106.3755907866,0.0064563511,0.0011172492,8022218
2024-01-05,-0.0097329712,105.3452624366,0.0062317046,-0.0099129712,10226957
2024-01-08,-0.0011891770,105.2200627315,0.0071775406,-0.0013691770,9089536
2024-01-09,0.0102922823,106.3086095312,0.0069000317,0.0101122823,8360906
2024-01-10,-0.0013185304,106.1685307714,0.0070388411,-0.0014985304,6382243
2024-01-11,0.0027007742,106.4556555528,0.0067788247,0.0025207742,4661628
2024-01-12,0.0049346830,106.9822787541,0.0065443205,0.0047546830,8757655
2024-01-15,0.0002827917,107.0125367275,0.0064034256,0.0001027917,6674088
2024-01-16,0.0023071064,107.2597110504,0.0061785062,0.0021271064,9513726
2024-01-17,0.0019805396,107.4723536581,0.0059966806,0.0018005396,8617089
2024-01-18,-0.0086930214,106.5421432116,0.0058278351,-0.0088730214,10155892
2024-01-19,-0.0037612602,106.1421631760,0.0066521887,-0.0039412602,6176584
2024-01-22,-0.0028896799,105.8358890275,0.0065883687,-0.0030696799,7188777
2024-01-23,-0.0167215158,104.0808667508,0.0064594349,-0.0169015158,16237617
2024-01-24,0.0038492006,104.4822669279,0.0091146932,0.0036692006,7811594
2024-01-25,-0.0112928737,103.3089991395,0.0086901097,-0.0114728737,14173480
2024-01-26,-0.0123939454,102.0364950027,0.0094129073,-0.0125739454,11488424
2024-01-29,-0.0169240991,100.3241500639,0.0102024798,-0.0171040991,18515355
2024-01-30,0.0022834166,100.5534936412,0.0117645271,0.0021034166,10405689
2024-01-31,-0.0002484262,100.5285166215,0.0110975180,-0.0004284262,7328758
2024-02-01,0.0235106404,102.9200090239,0.0104724982,0.0233306404,20880643
2024-02-02,0.0178014872,104.7685427567,0.0113072204,0.0176214872,17875444
2024-02-05,0.0005901820,104.8303935190,0.0114372521,0.0004101820,9164961
2024-02-06,-0.0232164920,102.4246342341,0.0107849244,-0.0233964920,34863764
2024-02-07,0.0180506879,104.2902565726,0.0137309887,0.0178706879,9696938
2024-02-08,-0.0202600802,102.1985878405,0.0135681512,-0.0204400802,18427298
2024-02-09,0.0168660458,103.9368918556,0.0150804817,0.0166860458,17087384
2024-02-12,-0.0023967046,103.6880841080,0.0146856915,-0.0025767046,8821292
2024-02-13,0.0422992550,108.1680954341,0.0138261203,0.0421192550,41294815
2024-02-14,-0.0093276286,107.1638345801,0.0163212235,-0.0095076286,10298164
2024-02-15,-0.0002283082,107.1393709902,0.0157563910,-0.0004083082,8811641
2024-02-16,0.0051070814,107.6879400837,0.0147822663,0.0049270814,11021350
2024-02-19,-0.0208961182,105.4610280963,0.0139263629,-0.0210761182,40515491
2024-02-20,0.0146072765,107.0128327257,0.0154945908,0.0144272765,15191246
2024-02-21,-0.0077985831,106.1815299647,0.0149271460,-0.0079785831,9640565
2024-02-22,0.0169198675,107.9933923953,0.0143603651,0.0167398675,19677229
2024-02-23,0.0008976188,108.0903728111,0.0140471971,0.0007176188,7420713
2024-02-26,0.0036242189,108.4828267262,0.0131984842,0.0034442189,7963960
2024-02-27,0.0037686432,108.8924311314,0.0124381040,0.0035886432,9485289
2024-02-28,-0.0071636406,108.1151522828,0.0117389482,-0.0073436406,12524079
2024-02-29,0.0096768022,109.1664395744,0.0114344887,0.0094968022,12295628
2024-03-01,-0.0222050416,106.7691091583,0.0110095759,-0.0223850416,21783768
2024-03-04,-0.0157480221,105.1008770256,0.0136243284,-0.0159280221,18802171
2024-03-05,0.0090046739,106.0515499804,0.0142588645,0.0088246739,12568130
2024-03-06,-0.0157708934,104.3921418614,0.0135523930,-0.0159508934,27775631
2024-03-07,0.0150704807,105.9772961400,0.0142030773,0.0148904807,11811384
2024-03-08,-0.0007833847,105.8943076569,0.0137912217,-0.0009633847,10031874
2024-03-11,-0.0063097325,105.2282464491,0.0129659530,-0.0064897325,15539033
2024-03-12,0.0194516528,107.2951469136,0.0124614985,0.0192716528,16455975
2024-03-13,-0.0142885671,105.7729538795,0.0125709265,-0.0144685671,12430836
2024-03-14,-0.0025141692,105.5073567961,0.0131313419,-0.0026941692,8535931
2024-03-15,-0.0052915107,104.9505379959,0.0123952022,-0.0054715107,5893090
2024-03-18,-0.0017456764,104.7674881362,0.0118662549,-0.0019256764,8892959
2024-03-19,-0.0030996175,104.4432517644,0.0112061474,-0.0032796175,9640204
2024-03-20,-0.0136599238,103.0262649014,0.0106498731,-0.0138399238,10563335
2024-03-21,0.0150488242,104.5884138227,0.0114396007,0.0148688242,13568128
2024-03-22,0.0037468120,104.9810220012,0.0113362953,0.0035668120,6671266
2024-03-25,0.0081406669,105.8391255638,0.0107240292,0.0079606669,8591843
2024-03-26,-0.0091437572,104.8757693539,0.0102975555,-0.0093237572,14222140
2024-03-27,0.0139129338,106.3450966189,0.0104033180,0.0137329338,18265751
2024-03-28,-0.0118543445,105.0918878657,0.0103456219,-0.0120343445,24064666
2024-03-29,-0.0041377178,104.6579456788,0.0108658037,-0.0043177178,6317094
2024-04-01,-0.0058606762,104.0463732161,0.0103974404,-0.0060406762,9592688
2024-04-02,0.0127002380,105.3762136888,0.0101098369,0.0125202380,17021724
2024-04-03,0.0056166851,105.9697439750,0.0100021626,0.0054366851,5696353
2024-04-04,-0.0026496346,105.6893345282,0.0095479474,-0.0028296346,10458308
2024-04-05,0.0098243213,106.7327776730,0.0091133489,0.0096443213,15027787
2024-04-08,-0.0200070689,104.6185875294,0.0089371099,-0.0201870689,20857129
2024-04-09,-0.0101342129,103.5637146712,0.0116255681,-0.0103142129,13414525
2024-04-10,0.0080735734,104.4032283002,0.0116864536,0.0078935734,10752850
2024-04-11,-0.0095741057,103.4084305015,0.0111689592,-0.0097541057,12064747
2024-04-12,0.0166388889,105.1434260571,0.0112149817,0.0164588889,30461848
2024-04-15,-0.0102392130,104.0723330503,0.0112616245,-0.0104192130,11909919
2024-04-16,0.0071431359,104.8183973138,0.0113870032,0.0069631359,14203969
2024-04-17,0.0116849860,106.0503826667,0.0108615943,0.0115049860,17140174
2024-04-18,0.0035926922,106.4320742902,0.0106027185,0.0034126922,10901496
2024-04-19,0.0214387923,108.7384844090,0.0100470843,0.0212587923,24362583
2024-04-22,0.0081847754,109.6321366608,0.0107320869,0.0080047754,12128469
2024-04-23,0.0171593434,111.5295850653,0.0103067353,0.0169793434,19237689
2024-04-24,-0.0208501099,109.2282558117,0.0105249915,-0.0210301099,24855861
2024-04-25,-0.0017160815,109.0409719659,0.0129393119,-0.0018960815,9021911
2024-04-26,-0.0075546287,108.2203117019,0.0121949861,-0.0077346287,10536937
2024-04-29,0.0140569357,109.7522999685,0.0118809587,0.0138769357,19711105
2024-04-30,0.0063442147,110.4508055104,0.0116575324,0.0061642147,10793632
2024-05-01,-0.0137818798,108.9390272849,0.0110824716,-0.0139618798,17467813
2024-05-02,0.0107727716,110.1189466390,0.0118139413,0.0105927716,17126684
2024-05-03,0.0014763957,110.2816458542,0.0114059890,0.0012963957,8120677
2024-05-06,-0.0031172224,109.9384086906,0.0107599473,-0.0032972224,10967102
2024-05-07,0.0103801398,111.0855280731,0.0102425892,0.0102001398,12850166
2024-05-08,-0.0040574386,110.6357185170,0.0099746984,-0.0042374386,10043024
2024-05-09,0.0147442197,112.2790408391,0.0095835000,0.0145642197,14548241
2024-05-10,0.0151755974,113.9959368658,0.0096989808,0.0149955974,22879486
2024-05-13,0.0152384388,115.7463599632,0.0098340650,0.0150584388,19370003
2024-05-14,0.0046798791,116.2893084066,0.0099553151,0.0044998791,10760202
2024-05-15,0.0066503769,117.0652534386,0.0094782862,0.0064703769,12976673
2024-05-16,0.0151859439,118.8565667732,0.0091083258,0.0150059439,21629997
2024-05-17,-0.0002385662,118.8282149980,0.0093306699,-0.0004185662,10738505
2024-05-20,-0.0018860883,118.6043057156,0.0088470658,-0.0020660883,6077435
2024-05-21,0.0055186764,119.2606539179,0.0084413892,0.0053386764,7782706
2024-05-22,0.0061060945,119.9910985486,0.0081278051,0.0059260945,13729381
2024-05-23,0.0161298460,121.9422299151,0.0078679591,0.0159498460,13813184
2024-05-24,-0.0055301000,121.2697383702,0.0083874326,-0.0057101000,9285222
2024-05-27,0.0070636492,122.1293777776,0.0082920121,0.0068836492,9312937
2024-05-28,-0.0056808443,121.4375467536,0.0080576144,-0.0058608443,9030374
2024-05-29,0.0001541976,121.4562735752,0.0080192925,-0.0000258024,8793509
2024-05-30,0.0016352216,121.6550439679,0.0076451931,0.0014552216,12346192
2024-05-31,-0.0001718620,121.6341378861,0.0073121189,-0.0003518620,8707622
2024-06-03,0.0123804737,123.1493865304,0.0070025390,0.0122004737,12759160
2024-06-04,0.0012004825,123.2973139880,0.0073039555,0.0010204825,10058353
2024-06-05,-0.0024664549,122.9935814537,0.0069978449,-0.0026464549,5525549
2024-06-06,-0.0008765811,122.8858148452,0.0067962734,-0.0010565811,7035169
2024-06-07,-0.0080970212,121.8948232557,0.0065465834,-0.0082770212,13656859
2024-06-10,0.0030260145,122.2642374023,0.0070996587,0.0028460145,5221911
2024-06-11,0.0060827462,123.0102061943,0.0068409044,0.0059027462,11613048
2024-06-12,-0.0303094714,119.3377678410,0.0067179289,-0.0304894714,27459842
2024-06-13,-0.0040814431,118.8516901521,0.0136327845,-0.0042614431,13219377
2024-06-14,0.0084326243,119.8581594314,0.0129231085,0.0082526243,14320347
2024-06-17,0.0124419058,121.3587390335,0.0123102265,0.0122619058,17737530
2024-06-18,0.0099760588,122.5754800016,0.0119419742,0.0097960588,15063106
2024-06-19,0.0055721103,123.2603905234,0.0114825651,0.0053921103,14023221
2024-06-20,-0.0142966528,121.5107165571,0.0108999087,-0.0144766528,15663958
2024-06-21,-0.0050794820,120.8950699710,0.0117620941,-0.0052594820,10742349
2024-06-24,0.0027790258,121.2315077531,0.0112760542,0.0025990258,8612521
2024-06-25,0.0067823637,122.0565386036,0.0106532389,0.0066023637,9466165
2024-06-26,-0.0053396629,121.4065347756,0.0101801336,-0.0055196629,17501350
2024-06-27,-0.0112679181,120.0462142681,0.0098683783,-0.0114479181,14835217
2024-06-28,0.0002841316,120.0803280365,0.0103700700,0.0001041316,9052320
2024-07-01,0.0056245944,120.7576341802,0.0098009675,0.0054445944,8212194
2024-07-02,-0.0087064083,119.7108324664,0.0093649184,-0.0088864083,14941850
2024-07-03,0.0120468117,121.1616878709,0.0095415174,0.0118668117,18950100
2024-07-04,-0.0154737955,119.3012875384,0.0094578248,-0.0156537955,16110302
2024-07-05,0.0060988266,120.0311086702,0.0108767318,0.0059188266,8751522
2024-07-08,-0.0158894476,118.1389531213,0.0103610161,-0.0160694476,17518859
2024-07-09,-0.0145494943,116.4325349605,0.0116584852,-0.0147294943,24325372
2024-07-10,-0.0159450641,114.5907335718,0.0124249399,-0.0161250641,28784788
2024-07-11,-0.0004960142,114.5339090400,0.0133083653,-0.0006760142,10706645
2024-07-12,-0.0038411715,114.0948085257,0.0125163407,-0.0040211715,10234393
2024-07-15,-0.0050351687,113.5217658055,0.0118869451,-0.0052151687,6652336
2024-07-16,-0.0068189189,112.7503033548,0.0113862295,-0.0069989189,13892188
2024-07-17,0.0281659669,115.9711711677,0.0110853447,0.0279859669,35791733
2024-07-18,-0.0181769748,113.8822091298,0.0123485474,-0.0183569748,28682325
2024-07-19,-0.0327769408,110.2100092009,0.0136892306,-0.0329569408,33921696
2024-07-22,0.0067142375,110.9524751340,0.0182726153,0.0065342375,19839335
2024-07-23,0.0081102252,111.8559835713,0.0171852048,0.0079302252,11696005
2024-07-24,-0.0018725941,111.6467187135,0.0162141008,-0.0020525941,9563490
2024-07-25,0.0010646046,111.7656416104,0.0152273926,0.0008846046,9595045
2024-07-26,0.0014979028,111.9331811285,0.0142924095,0.0013179028,6525397
2024-07-29,-0.0027188210,111.6292681749,0.0134280681,-0.0028988210,10927150
2024-07-30,0.0081359569,112.5411837093,0.0126757568,0.0079559569,13107375
2024-07-31,0.0041185035,113.0056407501,0.0120734599,0.0039385035,9317176
2024-08-01,-0.0066852415,112.2526903803,0.0114092807,-0.0068652415,8511756
2024-08-02,0.0051040584,112.8270993288,0.0110930049,0.0049240584,9170858
2024-08-05,0.0193345555,115.0297865124,0.0105304885,0.0191545555,19262897
2024-08-06,0.0156742172,116.8469928080,0.0109157990,0.0154942172,16625776
2024-08-07,-0.0180351127,114.7585335290,0.0109255871,-0.0182151127,13676348
2024-08-08,0.0089021968,115.7846973594,0.0125609735,0.0087221968,10442144
2024-08-09,0.0141987525,117.4404224228,0.0119979635,0.0140187525,19280100
2024-08-12,-0.0066092049,116.6667939593,0.0117705726,-0.0067892049,14328760
2024-08-13,0.0073044933,117.5221057810,0.0114096368,0.0071244933,7560252
2024-08-14,-0.0160539523,115.6504752275,0.0108879819,-0.0162339523,14593458
2024-08-15,0.0017255757,115.8502111611,0.0121031309,0.0015455757,7470060
2024-08-16,0.0070493809,116.6697687172,0.0114049993,0.0068693809,8058870
2024-08-19,-0.0167723379,114.7292628362,0.0108747299,-0.0169523379,19554416
2024-08-20,-0.0157058408,112.9414198346,0.0122445970,-0.0158858408,15036902
2024-08-21,0.0046021959,113.4623962679,0.0131169747,0.0044221959,10303035
2024-08-22,-0.0070718357,112.6628393457,0.0123799613,-0.0072518357,13813447
2024-08-23,0.0062334516,113.3673110712,0.0119996045,0.0060534516,10787301
2024-08-26,-0.0062388818,112.6622275712,0.0113924176,-0.0064188818,10851043
2024-08-27,-0.0075169806,111.8185228182,0.0110363563,-0.0076969806,12180416
2024-08-28,0.0004597568,111.8699439642,0.0108466472,0.0002797568,6924704
2024-08-29,-0.0035372699,111.4749288291,0.0102400972,-0.0037172699,13834465
2024-08-30,-0.0022146749,111.2283212754,0.0097913048,-0.0023946749,7428617
2024-09-02,0.0133661818,112.7249993884,0.0093164069,0.0131861818,14069610
2024-09-03,0.0071457943,113.5333939205,0.0093581610,0.0069657943,14560252
2024-09-04,0.0134283243,115.0682392886,0.0090199296,0.0132483243,11696699
2024-09-05,0.0110955723,116.3520966541,0.0091069171,0.0109155723,12932313
2024-09-06,0.0076028092,117.2400707214,0.0090115204,0.0074228092,17393418
2024-09-09,0.0108619278,118.5204650872,0.0087281683,0.0106819278,10433482
2024-09-10,-0.0158221352,116.6599755371,0.0086633191,-0.0160021352,12983341
2024-09-11,0.0059176952,117.3523804200,0.0103675835,0.0057376952,7779645
2024-09-12,-0.0089989425,116.3010705298,0.0098906101,-0.0091789425,7532223
2024-09-13,0.0035732151,116.7173826194,0.0100332566,0.0033932151,9099084
2024-09-16,-0.0021066446,116.4717593864,0.0095243316,-0.0022866446,8501715
2024-09-17,-0.0031077662,116.1103542657,0.0090681129,-0.0032877662,10960790
2024-09-18,-0.0071606766,115.2818952754,0.0087015023,-0.0073406766,8402109
2024-09-19,-0.0016673876,115.0898358307,0.0087592980,-0.0018473876,8644092
2024-09-20,-0.0074982559,114.2300901198,0.0083534426,-0.0076782559,12297982
2024-09-23,0.0022791563,114.4907352647,0.0085056876,0.0020991563,8348804
2024-09-24,0.0082340599,115.4373507344,0.0081045668,0.0080540599,8480050
2024-09-25,0.0033015326,115.8191007415,0.0079506488,0.0031215326,11232709
2024-09-26,0.0098933008,116.9706207145,0.0076178126,0.0097133008,12384041
2024-09-27,-0.0037385745,116.5341337644,0.0076273312,-0.0039185745,12008689
2024-09-30,0.0084579114,117.5239491236,0.0074493851,0.0082779114,10126724
2024-10-01,-0.0018016387,117.3124040502,0.0073856627,-0.0019816387,9935435
2024-10-02,0.0028675424,117.6492851236,0.0071109381,0.0026875424,7503731
2024-10-03,-0.0210888228,115.1941788340,0.0068475683,-0.0212688228,24461125
2024-10-04,-0.0101001362,114.0365578408,0.0106494054,-0.0102801362,11449869
2024-10-07,0.0063106557,114.7584787924,0.0108419160,0.0061306557,9189360
2024-10-08,0.0141299067,116.3915155451,0.0103360140,0.0139499067,14078805
2024-10-09,0.0075247186,117.2706323551,0.0103028086,0.0073447186,9818085
2024-10-10,0.0014623647,117.4422502441,0.0098901776,0.0012823647,5753531
2024-10-11,-0.0427641931,112.5258004208,0.0093642954,-0.0429441931,49467407
2024-10-14,0.0231472472,115.1608422725,0.0190955990,0.0229672472,24117384
2024-10-15,-0.0201672855,112.8616231180,0.0186748667,-0.0203472855,24153785
2024-10-16,0.0211140221,115.2699208758,0.0192375915,0.0209340221,28190123
2024-10-17,-0.0111395806,113.9929877504,0.0186702094,-0.0113195806,14389287
2024-10-18,0.0009520100,114.1015618924,0.0180450089,0.0007720100,10925579
2024-10-21,-0.0134609535,112.5759372901,0.0169063367,-0.0136409535,16502648
2024-10-22,0.0213524008,115.0055505475,0.0167334632,0.0211724008,25839269
2024-10-23,0.0094511837,116.0976417845,0.0164548634,0.0092711837,11356035
2024-10-24,0.0337898050,120.0875886014,0.0155817495,0.0336098050,52556816
2024-10-25,-0.0141831912,118.3963850570,0.0166089477,-0.0143631912,14494712
2024-10-28,0.0086431648,119.4241396469,0.0165672088,0.0084631648,13910891
2024-10-29,-0.0107406032,118.1483161711,0.0156598333,-0.0109206032,17331813
2024-10-30,-0.0009538193,118.0356777537,0.0153080261,-0.0011338193,11070315
2024-10-31,0.0022942458,118.3067914922,0.0143725881,0.0021142458,13772794
2024-11-01,0.0012315531,118.4525823388,0.0135078819,0.0010515531,6822284
2024-11-04,-0.0115557698,117.0916500216,0.0127005321,-0.0117357698,9567416
2024-11-05,0.0004384721,117.1430026995,0.0128133502,0.0002584721,8914305
2024-11-06,-0.0197390041,114.8533881903,0.0120557856,-0.0199190041,21497448
2024-11-07,-0.0136991649,113.2907207405,0.0138002301,-0.0138791649,14306578
2024-11-08,0.0293134635,116.6608174374,0.0140728876,0.0291334635,37961899
2024-11-11,0.0064467329,117.4153280138,0.0148822677,0.0062667329,10605341
2024-11-12,0.0141765749,119.0917299514,0.0140481032,0.0139965749,18637193
2024-11-13,0.0047065769,119.6535654647,0.0136003137,0.0045265769,8122561
2024-11-14,-0.0238028917,116.8390937750,0.0128276875,-0.0239828917,15707849
2024-11-15,0.0237688772,119.6494955883,0.0153235402,0.0235888772,29227796
2024-11-18,0.0203878774,122.1139317834,0.0154074463,0.0202078774,25851366
2024-11-19,0.0100643377,123.3491329415,0.0152147457,0.0098843377,14408820
2024-11-20,0.0010992377,123.4847975063,0.0144661152,0.0009192377,8761849
2024-11-21,0.0124001982,125.0255666474,0.0135871285,0.0122201982,15930817
2024-11-22,-0.0081131606,124.0153178458,0.0130890825,-0.0082931606,13416458
2024-11-25,-0.0035035560,123.5815834902,0.0127362597,-0.0036835560,10669265
2024-11-26,-0.0216204995,120.9383647387,0.0120717787,-0.0218004995,30665324
2024-11-27,-0.0089517787,119.8605824975,0.0142460099,-0.0091317787,14263516
2024-11-28,-0.0134713535,118.2567255355,0.0138560748,-0.0136513535,14286540
2024-11-29,0.0046803771,118.8115088925,0.0140860824,0.0045003771,8477872
2024-12-02,-0.0064945281,118.0423844675,0.0132754417,-0.0066745281,11572839
2024-12-03,0.0338818155,122.1104015055,0.0127566313,0.0337018155,37510327
2024-12-04,-0.0003592166,122.0665452978,0.0143717156,-0.0005392166,8227835
2024-12-05,-0.0018391430,121.8422537763,0.0134996395,-0.0020191430,10518168
2024-12-06,-0.0106956345,120.5460179534,0.0127153828,-0.0108756345,12862195
2024-12-09,0.0111780607,121.9010478543,0.0127080976,0.0109980607,15744523
2024-12-10,-0.0141387440,120.1896471822,0.0122333132,-0.0143187440,25492526
2024-12-11,-0.0068690065,119.3668926999,0.0128248990,-0.0070490065,10690581
2024-12-12,0.0063843522,120.1314108589,0.0123813411,0.0062043522,15450797
2024-12-13,-0.0005829511,120.0614005287,0.0117467479,-0.0007629511,6868410
2024-12-16,0.0129773234,121.6296298477,0.0110742097,0.0127973234,13885699
2024-12-17,0.0024398784,121.9267536751,0.0108721017,0.0022598784,8096797
2024-12-18,0.0034779407,122.3515459613,0.0102770203,0.0032979407,13158283
2024-12-19,-0.0130633015,120.7636251530,0.0097460310,-0.0132433015,8167187
2024-12-20,-0.0025097851,120.4609144361,0.0105981949,-0.0026897851,7923577
2024-12-23,0.0022679271,120.7344210397,0.0100668429,0.0020879271,12307636
2024-12-24,0.0021970541,120.9999727066,0.0095345017,0.0020170541,12614527
2024-12-25,0.0110679024,122.3466271629,0.0090450327,0.0108879024,10715548
2024-12-26,-0.0010569233,122.2173844792,0.0089552794,-0.0012369233,8797303
2024-12-27,-0.0019576701,121.9783572000,0.0085151960,-0.0021376701,10444484
2024-12-30,0.0090957410,123.0929018645,0.0081419127,0.0089157410,8096317
2024-12-31,-0.0153050011,121.2233084220,0.0080339853,-0.0154850011,13622636
2025-01-01,-0.0030723358,120.8514412505,0.0097888097,-0.0032523358,8007592
2025-01-02,-0.0072395164,119.9796945783,0.0093543377,-0.0074195164,11569229
2025-01-03,-0.0183788666,117.7947437347,0.0093359944,-0.0185588666,16720312
2025-01-06,0.0043362160,118.3066362234,0.0114767929,0.0041562160,5707601
2025-01-07,0.0061402643,119.0353050606,0.0108647905,0.0059602643,12763043
2025-01-08,-0.0132724909,117.4658483960,0.0103514181,-0.0134524909,16091174
2025-01-09,0.0112735498,118.7975981581,0.0111253040,0.0110935498,10164458
2025-01-10,0.0174477310,120.8885346938,0.0108143726,0.0172677310,28783259
2025-01-13,-0.0166380712,118.8938227442,0.0109839278,-0.0168180712,15917343
2025-01-14,-0.0178655686,116.7885786824,0.0123005678,-0.0180455686,22245760
2025-01-15,0.0092693677,117.8761678002,0.0135870912,0.0090893677,13482841
2025-01-16,0.0036789640,118.3106286679,0.0129481189,0.0034989640,9585467
2025-01-17,0.0253139336,121.3437643937,0.0122078722,0.0251339336,18642327
2025-01-20,0.0041080704,121.8432784371,0.0129190661,0.0039280704,10791435
2025-01-21,0.0141544117,123.5801616506,0.0121882570,0.0139744117,21379209
2025-01-22,0.0028872609,123.9374854089,0.0119365937,0.0027072609,6406055
2025-01-23,-0.0043632867,123.3978886929,0.0112633336,-0.0045432867,10298420
2025-01-24,0.0021064413,123.6580930616,0.0107735770,0.0019264413,11026044
2025-01-27,0.0000390035,123.6629162518,0.0101825822,-0.0001409965,5641761
2025-01-28,0.0024534772,123.9666929039,0.0096285520,0.0022734772,10078494
2025-01-29,0.0111544142,125.3572095265,0.0091346112,0.0109744142,10903271
2025-01-30,0.0015361929,125.5499303745,0.0090397927,0.0013561929,6662328
2025-01-31,-0.0024457325,125.2432440243,0.0085846194,-0.0026257325,9481628
2025-02-03,-0.0013683891,125.0719797363,0.0082270222,-0.0015483891,6507539
2025-02-04,0.0026332001,125.4017532701,0.0078585369,0.0024532001,9769049
2025-02-05,-0.0039897414,124.9024294572,0.0075205880,-0.0041697414,11829903
2025-02-06,-0.0118218192,123.4345491165,0.0073757364,-0.0120018192,14535272
2025-02-07,-0.0097091557,122.2419030210,0.0084944724,-0.0098891557,15730023
2025-02-10,-0.0026239630,121.9215652501,0.0089685038,-0.0028039630,10181908
2025-02-11,0.0081619362,122.9207533917,0.0085846535,0.0079819362,14129375
2025-02-12,0.0039391975,123.4059174645,0.0083737615,0.0037591975,11354658
2025-02-13,-0.0043834450,122.8661582818,0.0080175765,-0.0045634450,5760025
2025-02-14,0.0086751361,123.9366756527,0.0078519306,0.0084951361,12037976
2025-02-17,-0.0079967680,122.9495350410,0.0077528802,-0.0081767680,12363569
2025-02-18,0.0137377126,124.6502355404,0.0080719545,0.0135577126,9651251
2025-02-19,0.0040640386,125.1578496912,0.0083244067,0.0038840386,7921010
2025-02-20,0.0082834827,126.1988983752,0.0079760276,0.0081034827,8156955
2025-02-21,0.0084350046,127.2678887902,0.0078395445,0.0082550046,11604423
2025-02-24,-0.0075635382,126.3089244102,0.0077276671,-0.0077435382,17021641
2025-02-25,-0.0000182168,126.3066234915,0.0079842232,-0.0001982168,4881731
2025-02-26,0.0028659123,126.6691264019,0.0076135861,0.0026859123,7999665
2025-02-27,0.0002862013,126.7053844558,0.0073025886,0.0001062013,8285100
2025-02-28,0.0083104074,127.7627452872,0.0069925536,0.0081304074,8463566
2025-03-03,-0.0017275780,127.5422157273,0.0069767503,-0.0019075780,10682191
2025-03-04,0.0016304252,127.7503333832,0.0067387916,0.0014504252,4713028
2025-03-05,0.0004543738,127.8083929758,0.0064902655,0.0002743738,5932006
2025-03-06,-0.0097128788,126.5730147941,0.0062571260,-0.0098928788,10652239
2025-03-07,0.0060910073,127.3463246792,0.0071924695,0.0059110073,9036999
2025-03-10,0.0058763001,128.0968528984,0.0070305197,0.0056963001,10008757
2025-03-11,-0.0008632414,127.9863221047,0.0068765668,-0.0010432414,8375200
2025-03-12,-0.0086613130,126.8825793398,0.0066188015,-0.0088413130,10669732
2025-03-13,-0.0109511972,125.5006439262,0.0072615144,-0.0111311972,11953479
2025-03-14,-0.0040483717,124.9935977203,0.0082206931,-0.0042283717,6087772
2025-03-17,0.0112680289,126.4099941991,0.0080041043,0.0110880289,19195179
2025-03-18,-0.0012696457,126.2496001397,0.0080622012,-0.0014496457,5936237
2025-03-19,-0.0069123684,125.3799256110,0.0077055133,-0.0070923684,10221549
2025-03-20,-0.0081237900,124.3654915238,0.0078710200,-0.0083037900,9407254
2025-03-21,0.0012636414,124.5227442432,0.0081906517,0.0010836414,7215341
2025-03-24,0.0004380882,124.5773081343,0.0078057722,0.0002580882,9256387
2025-03-25,0.0008721475,124.6860053184,0.0074506934,0.0006921475,8142551
2025-03-26,-0.0004932037,124.6245248855,0.0071289910,-0.0006732037,7573051
2025-03-27,-0.0000210163,124.6219057709,0.0068400170,-0.0002010163,5125436
2025-03-28,0.0025592019,124.9412468400,0.0065734266,0.0023792019,10529447
2025-03-31,0.0002263373,124.9695289029,0.0063564124,0.0000463373,8133356
2025-04-01,0.0026266196,125.2982077877,0.0061360883,0.0024466196,9336574
2025-04-02,-0.0005499909,125.2293138658,0.0059654088,-0.0007299909,5927137
2025-04-03,0.0005538955,125.2986970304,0.0057915892,0.0003738955,7996863
2025-04-04,0.0087675229,126.4020861500,0.0056293578,0.0085875229,15079600
2025-04-07,-0.0016467614,126.1941033711,0.0058417478,-0.0018267614,8787817
2025-04-08,-0.0023598060,125.8966608539,0.0057189928,-0.0025398060,11359447
2025-04-09,-0.0065859429,125.0702370097,0.0056528603,-0.0067659429,14888162
2025-04-10,0.0071994127,125.9739183529,0.0061152506,0.0070194127,8716702
2025-04-11,0.0124751995,127.5553117039,0.0061436748,0.0122951995,11212842
2025-04-14,-0.0026790478,127.2140422671,0.0066069948,-0.0028590478,8040833
2025-04-15,-0.0078998484,126.2130297487,0.0064610034,-0.0080798484,10632540
2025-04-16,0.0018293629,126.4441305025,0.0069954831,0.0016493629,8547690
2025-04-17,-0.0060140126,125.6859759694,0.0067249255,-0.0061940126,12468513
2025-04-18,-0.0048670171,125.0757463819,0.0069131845,-0.0050470171,7806882
2025-04-21,0.0035189998,125.5166632506,0.0069301778,0.0033389998,12074110
2025-04-22,-0.0046062876,124.9398269526,0.0067005222,-0.0047862876,6777056
2025-04-23,0.0047411481,125.5335916204,0.0067164881,0.0045611481,8566826
2025-04-24,-0.0006221277,125.4555179846,0.0065491205,-0.0008021277,7212314
2025-04-25,0.0036479848,125.9140135949,0.0063178224,0.0034679848,8344394
2025-04-28,0.0025069173,126.2300656119,0.0061552763,0.0023269173,6058100
2025-04-29,0.0053229877,126.9037781945,0.0059799549,0.0051429877,7226458
2025-04-30,-0.0010838143,126.7663125770,0.0059216422,-0.0012638143,6003653
2025-05-01,0.0017697249,126.9908527063,0.0057667024,0.0015897249,8767370
2025-05-02,0.0007679145,127.0884082820,0.0056187830,0.0005879145,10990071
2025-05-05,-0.0066712534,126.2433911050,0.0054759053,-0.0068512534,10207402
2025-05-06,0.0015549151,126.4398415519,0.0059885782,0.0013749151,5407283
2025-05-07,0.0014228662,126.6198765852,0.0058141931,0.0012428662,11612903
2025-05-08,0.0008586332,126.7286432994,0.0056564274,0.0006786332,6477231
2025-05-09,0.0030873454,127.1205029819,0.0055100933,0.0029073454,5325741
2025-05-12,-0.0086908891,126.0204997128,0.0054202470,-0.0088708891,14019193
2025-05-13,0.0142215627,127.8255127793,0.0063448532,0.0140415627,13695270
2025-05-14,0.0048761075,128.4503258120,0.0069546986,0.0046961075,8341371
2025-05-15,-0.0029969200,128.0659467278,0.0067670491,-0.0031769200,16653747
2025-05-16,-0.0020172212,127.8078697696,0.0066260287,-0.0021972212,6182727
2025-05-19,0.0011573003,127.9558674750,0.0064377798,0.0009773003,6171279
2025-05-20,0.0019099819,128.2004944093,0.0062136695,0.0017299819,9383296
2025-05-21,0.0059166660,128.9612622995,0.0060212155,0.0057366660,7231899
2025-05-22,-0.0048120074,128.3421904337,0.0059876452,-0.0049920074,9222268
2025-05-23,0.0132557798,130.0547921105,0.0061281131,0.0130757798,12229224
2025-05-26,0.0022166443,130.3433970747,0.0066764856,0.0020366443,5426996
2025-05-27,0.0053462995,131.0421180396,0.0064427313,0.0051662995,9779554
2025-05-28,0.0083782602,132.1446351342,0.0063309265,0.0081982602,10334726
2025-05-29,-0.0011668172,131.9905364171,0.0064083367,-0.0013468172,11410911
2025-05-30,-0.0000142285,131.9886584073,0.0062055825,-0.0001942285,4902822
2025-06-02,0.0012159104,132.1492424003,0.0060007415,0.0010359104,15402587
2025-06-03,0.0045675632,132.7542230074,0.0058212338,0.0043875632,6022110
2025-06-04,-0.0047495050,132.1252011099,0.0057480669,-0.0049295050,8572776
2025-06-05,-0.0025396122,131.7900800503,0.0059170551,-0.0027196122,8190707
2025-06-06,0.0077330912,132.8131755045,0.0058400741,0.0075530912,8838960
2025-06-09,0.0064853329,133.6773122449,0.0059422496,0.0063053329,12187501
2025-06-10,-0.0109536974,132.2210417549,0.0059503474,-0.0111336974,8980688
2025-06-11,0.0045567603,132.8249161598,0.0072468925,0.0043767603,7454199
2025-06-12,-0.0008549680,132.7114036409,0.0070173901,-0.0010349680,9107722
2025-06-13,-0.0056271984,131.9667074871,0.0067459695,-0.0058071984,10484035
2025-06-16,0.0056858806,132.7191916739,0.0068788954,0.0055058806,12723755
2025-06-17,0.0034453991,133.1772509029,0.0067331282,0.0032653991,12091694
2025-06-18,-0.0104026776,131.7990319167,0.0065213433,-0.0105826776,12268547
2025-06-19,-0.0023072061,131.4952949066,0.0075404386,-0.0024872061,7090500
2025-06-20,-0.0119551860,129.9326039404,0.0072749919,-0.0121351860,10420728
2025-06-23,0.0089571727,131.1016606163,0.0084481309,0.0087771727,12493468
2025-06-24,0.0062616122,131.9251438478,0.0082963744,0.0060816122,7251035
2025-06-25,0.0030023307,132.3218219420,0.0080259691,0.0028223307,9942377
2025-06-26,-0.0182643381,129.9269880515,0.0076798556,-0.0184443381,13179420
2025-06-27,0.0041414687,130.4661923877,0.0103219556,0.0039614687,10969771
2025-06-30,0.0143040910,132.3458036977,0.0098007824,0.0141240910,10968630
2025-07-01,-0.0117362663,130.8016372039,0.0098508928,-0.0119162663,10058414
2025-07-02,-0.0062197569,129.9906076407,0.0104371680,-0.0063997569,11502537
2025-07-03,0.0097377917,131.2626123130,0.0101794553,0.0095577917,9741815
2025-07-04,-0.0231869121,128.2540520665,0.0098830596,-0.0233669121,22125473
2025-07-07,-0.0010784291,128.1158137207,0.0131190352,-0.0012584291,11885858
2025-07-08,-0.0004901076,128.0530385708,0.0123482941,-0.0006701076,11382031
2025-07-09,-0.0024729299,127.7367636098,0.0116287369,-0.0026529299,7493988
2025-07-10,0.0189026293,130.1742895524,0.0110108510,0.0187226293,17470281
2025-07-11,-0.0085032982,129.0720716398,0.0112808385,-0.0086832982,9906148
2025-07-14,0.0170383185,131.2900846498,0.0111759033,0.0168583185,25709652
2025-07-15,-0.0109520247,129.8600376499,0.0112603227,-0.0111320247,15953464
2025-07-16,0.0032847812,130.2873008082,0.0114899713,0.0031047812,6911974
2025-07-17,0.0183853762,132.7048374158,0.0108575824,0.0182053762,15739432
2025-07-18,-0.0026360329,132.3554837543,0.0111036362,-0.0028160329,6956504
2025-07-21,0.0056778384,133.1091142682,0.0105352788,0.0054978384,15447733
2025-07-22,-0.0115701246,131.5779004797,0.0100362128,-0.0117501246,17756536
2025-07-23,0.0112165042,133.0620524976,0.0105608421,0.0110365042,17680825
2025-07-24,0.0095449068,134.3381980477,0.0103068690,0.0093649068,16431723
2025-07-25,0.0181315257,136.7961705946,0.0099872433,0.0179515257,17076837
2025-07-28,-0.0125406041,135.0913758921,0.0103441928,-0.0127206041,19190763
2025-07-29,0.0054902690,135.8351036484,0.0109851335,0.0053102690,8913101
2025-07-30,-0.0030808754,135.4172566175,0.0104420587,-0.0032608754,6694339
2025-07-31,0.0046469926,136.0480040162,0.0099503767,0.0044669926,10336949
2025-08-01,-0.0045331627,135.4326720260,0.0094729176,-0.0047131627,12810898
2025-08-04,-0.0208865805,132.6332832115,0.0091658944,-0.0210665805,25888776
2025-08-05,0.0180929775,135.0548548792,0.0120158635,0.0179129775,13401551
2025-08-06,-0.0050879807,134.3694435446,0.0120730925,-0.0052679807,9185062
2025-08-07,-0.0016250514,134.1512636148,0.0115590795,-0.0018050514,10208941
2025-08-08,-0.0005422452,134.0785404509,0.0109200614,-0.0007222452,10676022
2025-08-11,0.0042979659,134.6560456117,0.0103114688,0.0041179659,9583931
2025-08-12,0.0041426608,135.2150369854,0.0097947245,0.0039626608,8748956
2025-08-13,0.0032144692,135.6503808871,0.0093181819,0.0030344692,12444284
2025-08-14,0.0279453780,139.4946466063,0.0088626885,0.0277653780,27027889
2025-08-15,0.0017205804,139.7348649570,0.0106412639,0.0015405804,10620614
2025-08-18,0.0088009622,140.9700938490,0.0100571511,0.0086209622,10729786
2025-08-19,-0.0110679380,139.4184481859,0.0097254782,-0.0112479380,9640841
2025-08-20,-0.0054711671,138.6577494119,0.0102175771,-0.0056511671,10077275
2025-08-21,0.0084837678,139.8390935994,0.0099134787,0.0083037678,12228410
2025-08-22,0.0131117871,141.6847072300,0.0095808889,0.0129317871,18613465
2025-08-25,0.0038633221,142.2331395933,0.0095685943,0.0036833221,6937710
2025-08-26,0.0053688784,142.9988256248,0.0091050335,0.0051888784,6482546
2025-08-27,-0.0168153046,140.6143607488,0.0087238333,-0.0169953046,13152830
2025-08-28,0.0041859986,141.2042059550,0.0106527856,0.0040059986,6020189
2025-08-29,0.0129659264,143.0469700502,0.0101050405,0.0127859264,11958565
2025-09-01,-0.0126679264,141.2462910707,0.0100164215,-0.0128479264,11505230
2025-09-02,0.0060079576,142.0974470904,0.0107411218,0.0058279576,8297532
2025-09-03,0.0028289011,142.4999958350,0.0102343273,0.0026489011,14339462
2025-09-04,-0.0063633745,141.5960939812,0.0096959262,-0.0065433745,11261260
2025-09-05,0.0182820506,144.2085688765,0.0095355124,0.0181020506,15166868
2025-09-08,-0.0211894106,141.1850210245,0.0099813952,-0.0213694106,24022772
2025-09-09,0.0154629569,143.3851251409,0.0126474342,0.0152829569,13496082
2025-09-10,-0.0010652915,143.2324595236,0.0124301805,-0.0012452915,8637798
2025-09-11,-0.0302445601,138.9653110741,0.0117116837,-0.0304245601,31933131
2025-09-12,0.0173131849,141.3921910921,0.0162882971,0.0171331849,13709299
2025-09-15,0.0005152417,141.4650610208,0.0157944146,0.0003352417,6590357
2025-09-16,0.0106434190,142.9787741922,0.0148168639,0.0104634190,16111167
2025-09-17,-0.0157461909,140.7450357110,0.0141251867,-0.0159261909,16712142
2025-09-18,-0.0237219257,137.4455818562,0.0146764414,-0.0239019257,18327486
2025-09-19,-0.0221777931,134.4308952900,0.0166867618,-0.0223577931,25724756
2025-09-22,0.0097546853,135.7486430274,0.0179507596,0.0095746853,16921333
2025-09-23,0.0113571975,137.2991552459,0.0169670858,0.0111771975,12093067
2025-09-24,-0.0128316222,135.5486393492,0.0161191959,-0.0130116222,22024557
2025-09-25,0.0139911794,137.4584538024,0.0159622252,0.0138111794,17128418
2025-09-26,0.0107055400,138.9379259194,0.0153186412,0.0105255400,13625679
2025-09-29,0.0161836407,141.2047405778,0.0145858888,0.0160036407,25547419
2025-09-30,-0.0008738039,141.0814092203,0.0142013134,-0.0010538039,7725616
2025-10-01,-0.0073319052,140.0507965012,0.0133465868,-0.0075119052,6947894
2025-10-02,0.0151762049,142.1924460370,0.0128926627,0.0149962049,12624732
2025-10-03,-0.0001058502,142.1773957294,0.0126285705,-0.0002858502,7661349
2025-10-06,0.0024813054,142.5306193099,0.0118853252,0.0023013054,11829692
2025-10-07,0.0044222377,143.1623193294,0.0112110799,0.0042422377,8529790
2025-10-08,-0.0015794590,142.9363787980,0.0106225535,-0.0017594590,7550414
2025-10-09,-0.0123443250,141.1827715078,0.0100573084,-0.0125243250,17492707
2025-10-10,0.0008558989,141.3036614130,0.0107150886,0.0006758989,8988571
2025-10-13,0.0036513591,141.8205549245,0.0101199083,0.0034713591,11182235
2025-10-14,0.0054833427,142.6003415903,0.0096052945,0.0053033427,11502116
2025-10-15,0.0098026135,144.0050713899,0.0091822962,0.0096226135,13748963
2025-10-16,-0.0052057470,143.2573652996,0.0089970205,-0.0053857470,10766458
2025-10-17,0.0113408570,144.8912740457,0.0087988249,0.0111608570,12004264
2025-10-20,-0.0010996192,144.7320363842,0.0087581887,-0.0012796192,6843687
2025-10-21,0.0025607199,145.1031295194,0.0083359407,0.0023807199,10581753
2025-10-22,-0.0008125544,144.9852732172,0.0079540059,-0.0009925544,6555731
2025-10-23,-0.0101235837,143.5249072098,0.0075956766,-0.0103035837,9339166
2025-10-24,-0.0038953036,142.9669215841,0.0083156141,-0.0040753036,7579139
2025-10-27,0.0112391683,144.5828145070,0.0080767733,0.0110591683,13775876
2025-10-28,-0.0205530422,141.6415275576,0.0081228442,-0.0207330422,21348790
2025-10-29,-0.0075139592,140.5812274168,0.0112486120,-0.0076939592,7781703
2025-10-30,-0.0119523263,138.9109564160,0.0110343891,-0.0121323263,15998968
2025-10-31,0.0196886821,141.6730316629,0.0114561863,0.0195086821,18444077
2025-11-03,0.0071633852,142.6915337712,0.0117309349,0.0069833852,8155761
2025-11-04,0.0036240100,143.2095874704,0.0111761857,0.0034440100,10248076
2025-11-05,-0.0097221860,141.8240234897,0.0105745717,-0.0099021860,11300217
2025-11-06,-0.0122748550,140.0937950419,0.0107230137,-0.0124548550,23943939
2025-11-07,0.0055921015,140.8794083269,0.0112507493,0.0054121015,10405129
2025-11-10,0.0094707632,142.2199819512,0.0106880793,0.0092907632,13920482
2025-11-11,-0.0020067692,141.9348654448,0.0103262766,-0.0021867692,9804784
2025-11-12,0.0119273219,143.6379044375,0.0097985221,0.0117473219,17540456
2025-11-13,0.0023745246,143.9793814334,0.0096757210,0.0021945246,8632989
2025-11-14,0.0026324093,144.3588933952,0.0091768136,0.0024524093,13420693
2025-11-17,0.0029349950,144.7832083988,0.0087233530,0.0027549950,10078350
2025-11-18,0.0030659978,145.2277945982,0.0083139486,0.0028859978,5699289
2025-11-19,-0.0000290836,145.2235709082,0.0079431738,-0.0002090836,5952237
2025-11-20,-0.0045491897,144.5644217689,0.0075761840,-0.0047291897,14233010
2025-11-21,-0.0003043811,144.5204257816,0.0074768551,-0.0004843811,6969643
2025-11-24,-0.0005469832,144.4413971502,0.0071534811,-0.0007269832,4674676
2025-11-25,-0.0052363134,143.6870334944,0.0068630760,-0.0054163134,5088640
2025-11-26,0.0017441553,143.9378646778,0.0069300596,0.0015641553,5691867
2025-11-27,0.0026504753,144.3198744596,0.0066646038,0.0024704753,9132759
2025-11-28,-0.0033134362,143.8424711258,0.0064403742,-0.0034934362,9346906
2025-12-01,-0.0102029588,142.3823139533,0.0063622213,-0.0103829588,10790394
2025-12-02,0.0001715675,142.4067442280,0.0073773737,-0.0000084325,8711425
2025-12-03,-0.0028730087,141.9981955824,0.0070604759,-0.0030530087,9597656
2025-12-04,-0.0001585781,141.9756795675,0.0068785545,-0.0003385781,5791815
2025-12-05,-0.0009437233,141.8417570121,0.0066091901,-0.0011237233,7415834
2025-12-08,-0.0044157984,141.2167932841,0.0063795407,-0.0045957984,11529248
2025-12-09,0.0019578096,141.4935397015,0.0064172845,0.0017778096,6295142
2025-12-10,-0.0065137068,140.5748874324,0.0062049798,-0.0066937068,10864651
2025-12-11,0.0063710374,141.4733543454,0.0065529710,0.0061910374,9572973
2025-12-12,-0.0009750375,141.3354797468,0.0064782046,-0.0011550375,9619170
2025-12-15,0.0060585241,142.1943633075,0.0062624432,0.0058785241,14125814
2025-12-16,0.0063913875,143.1060930940,0.0062064859,0.0062113875,11528685
2025-12-17,-0.0001272547,143.0878833234,0.0061753364,-0.0003072547,5818152
2025-12-18,-0.0024202529,142.7419932034,0.0059742691,-0.0026002529,8726002
2025-12-19,-0.0019965454,142.4572866494,0.0058821721,-0.0021765454,6853575
2025-12-22,0.0002489547,142.4927564722,0.0057737548,0.0000689547,10279340
2025-12-23,-0.0054011043,141.7252128831,0.0056127350,-0.0055811043,8344635
2025-12-24,0.0013255255,141.9131978232,0.0058936817,0.0011455255,7973578
2025-12-25,-0.0000757210,141.9024524224,0.0057264337,-0.0002557210,5235751
2025-12-26,0.0043958399,142.5276059183,0.0055712847,0.0042158399,9757675
2025-12-29,0.0052391825,143.2762935954,0.0055210187,0.0050591825,14056537
2025-12-30,-0.0020788166,142.9787578330,0.0055160472,-0.0022588166,11404845
2025-12-31,0.0005063876,143.0511788363,0.0054554692,0.0003263876,4724666
2026-01-01,0.0095596485,144.4252552016,0.0053290642,0.0093796485,14341091
2026-01-02,0.0050017804,145.1494482237,0.0056609049,0.0048217804,10674852
2026-01-05,0.0029604228,145.5797886412,0.0056265985,0.0027804228,7854792
2026-01-06,0.0067575259,146.5668792200,0.0055197991,0.0065775259,6997377
2026-01-07,-0.0131768759,144.6482541403,0.0056023950,-0.0133568759,10978977
2026-01-08,0.0054658603,145.4410459667,0.0075802040,0.0052858603,11491517
2026-01-09,0.0045166060,146.0994315773,0.0073502705,0.0043366060,17428152
2026-01-12,0.0088620409,147.3999247205,0.0071089643,0.0086820409,7682923
2026-01-13,0.0118240197,149.1531288614,0.0071143022,0.0116440197,17438167
2026-01-14,-0.0030177923,148.7036941872,0.0073478325,-0.0031977923,7968969
2026-01-15,0.0032488577,149.1875969748,0.0071454090,0.0030688577,10402023
2026-01-16,0.0028713949,149.6165890840,0.0068874858,0.0026913949,8133182
2026-01-19,-0.0003164346,149.5692527133,0.0066459754,-0.0004964346,9668124
2026-01-20,-0.0015237006,149.3415274914,0.0064004078,-0.0017037006,7027911
2026-01-21,0.0009820219,149.4882561683,0.0062120563,0.0008020219,6525656
2026-01-22,0.0040049177,150.0881447871,0.0060090239,0.0038249177,7224921
2026-01-23,-0.0003235578,150.0395904571,0.0058922771,-0.0005035578,7231448
2026-01-26,0.0072508978,151.1314659499,0.0057223048,0.0070708978,12318122
2026-01-27,0.0047283475,151.8477601503,0.0058084266,0.0045483475,8508851
2026-01-28,-0.0053674386,151.0349100416,0.0057436673,-0.0055474386,9516868
2026-01-29,0.0035430686,151.5709862011,0.0059975856,0.0033630686,6911499
2026-01-30,-0.0094618504,150.1436076785,0.0058665885,-0.0096418504,11664461
2026-02-02,0.0068344847,151.1732764932,0.0068448731,0.0066544847,9600348
2026-02-03,0.0004599859,151.2428300711,0.0067599563,0.0002799859,6491920
2026-02-04,-0.0002745134,151.2013175873,0.0065008238,-0.0004545134,8898624
2026-02-05,-0.0131143077,149.2313625199,0.0062688785,-0.0132943077,21076480
2026-02-06,-0.0067955334,148.2206937148,0.0080052779,-0.0069755334,14038678
2026-02-09,-0.0049934609,147.4824043198,0.0081114421,-0.0051734609,6337890
2026-02-10,0.0005604818,147.5650886939,0.0079931600,0.0003804818,9896266
2026-02-11,0.0009701084,147.7083122922,0.0076218626,0.0007901084,9174774
2026-02-12,-0.0001763459,147.6822668301,0.0072852634,-0.0003563459,10315159
2026-02-13,-0.0030428430,147.2335758654,0.0069781793,-0.0032228430,8898487
2026-02-16,-0.0084679106,145.9920789705,0.0068172267,-0.0086479106,13123135
2026-02-17,0.0019967393,146.2838783191,0.0073840889,0.0018167393,6991613
2026-02-18,-0.0135878781,144.3096340847,0.0070794124,-0.0137678781,12230210
2026-02-19,-0.0061418404,143.4260236233,0.0086881339,-0.0063218404,9961492
2026-02-20,-0.0013545083,143.2318834019,0.0086235417,-0.0015345083,11789871
2026-02-23,0.0004346790,143.2941568228,0.0082196680,0.0002546790,8224584
2026-02-24,-0.0034082146,142.8066108892,0.0078283668,-0.0035882146,5791900
2026-02-25,-0.0081991070,141.6405112264,0.0076034310,-0.0083791070,9548407
2026-02-26,-0.0145832690,139.5899180613,0.0079799151,-0.0147632690,27535460
2026-02-27,-0.0011209649,139.4335303362,0.0095751583,-0.0013009649,10745891
2026-03-02,0.0004248123,139.4927760037,0.0090844438,0.0002448123,9339506
2026-03-03,-0.0010903227,139.3407667500,0.0086198544,-0.0012703227,4357937
2026-03-04,0.0130606168,141.1725793646,0.0082093100,0.0128806168,16586367
2026-03-05,-0.0049979837,140.4687614207,0.0083819316,-0.0051779837,7703960
2026-03-06,-0.0006282773,140.3805358071,0.0082328112,-0.0008082773,7581044
2026-03-09,0.0016362132,140.6104163060,0.0078466012,0.0014562132,9728876
2026-03-10,0.0006222777,140.6979422600,0.0074954514,0.0004422777,6737525
2026-03-11,0.0008575333,140.8186471764,0.0071686064,0.0006775333,10172588
2026-03-12,-0.0079403888,139.7049199384,0.0068726709,-0.0081203888,11160286
2026-03-13,0.0006756638,139.7993453894,0.0073358059,0.0004956638,9617500
2026-03-16,0.0075595195,140.8601658671,0.0070236553,0.0073795195,9204408
2026-03-17,0.0046293026,141.5137618761,0.0069579998,0.0044493026,11064114
2026-03-18,0.0034384906,142.0011931494,0.0067608260,0.0032584906,8575912
2026-03-19,0.0045694634,142.6515471599,0.0065460373,0.0043894634,6208743
2026-03-20,-0.0008271064,142.5336079293,0.0063905972,-0.0010071064,10110193
2026-03-23,-0.0022015074,142.2201642933,0.0061796261,-0.0023815074,11558229
2026-03-24,0.0018267977,142.4802092194,0.0060499968,0.0016467977,7726545
2026-03-25,-0.0057486115,141.6634955871,0.0058730996,-0.0059286115,7795654
2026-03-26,0.0034989524,142.1600376034,0.0061609396,0.0033189524,6568256
2026-03-27,-0.0035813284,141.6518264047,0.0060107066,-0.0037613284,8731052
2026-03-30,-0.0082672461,140.4855833441,0.0060103871,-0.0084472461,14080192
2026-03-31,-0.0050165707,139.7825922542,0.0067073624,-0.0051965707,7763661
2026-04-01,-0.0050545760,139.0778331468,0.0067694794,-0.0052345760,8651272
2026-04-02,0.0049807480,139.7722727710,0.0068275627,0.0048007480,7730555
2026-04-03,-0.0051302956,139.0570359465,0.0066575655,-0.0053102956,9426301
2026-04-06,0.0046985604,139.7119411838,0.0067403299,0.0045185604,6811181
2026-04-07,0.0002905762,139.7525440455,0.0065687775,0.0001105762,6698715
2026-04-08,0.0036110166,140.2581050412,0.0063277295,0.0034310166,11638256
2026-04-09,-0.0021272876,139.9600528405,0.0061629857,-0.0023072876,11041966
2026-04-10,0.0112098894,141.5378163134,0.0060307409,0.0110298894,10698939
2026-04-13,0.0011563116,141.7015727855,0.0063900683,0.0009763116,10152623
2026-04-14,-0.0037773872,141.1673207507,0.0061706654,-0.0039573872,7650667
2026-04-15,-0.0031078216,140.7292789303,0.0061688353,-0.0032878216,6981394
2026-04-16,0.0012527462,140.9056874811,0.0061059769,0.0010727462,7445139
2026-04-17,0.0013183408,141.0915716979,0.0059160344,0.0011383408,5450217
2026-04-20,-0.0063106694,140.2039929828,0.0057463731,-0.0064906694,10158791
2026-04-21,-0.0057619472,139.3984678980,0.0061447588,-0.0059419472,6894220
2026-04-22,-0.0042957421,138.8009323736,0.0063892142,-0.0044757421,7677126
2026-04-23,0.0092386069,140.0892013615,0.0064125028,0.0090586069,12666777
2026-04-24,-0.0001703386,140.0653407969,0.0065412366,-0.0003503386,6158222
2026-04-27,-0.0023652971,139.7344361499,0.0063043152,-0.0025452971,6991149
2026-04-28,-0.0012704844,139.5570184554,0.0061710447,-0.0014504844,8635975
2026-04-29,0.0033155208,140.0204905593,0.0059964377,0.0031355208,9312718
2026-04-30,-0.0132404691,138.1787730902,0.0058586306,-0.0134204691,11042967
2026-05-01,0.0049980990,138.8711330810,0.0077639155,0.0048180990,12454582
2026-05-04,-0.0055663090,138.1002808385,0.0074979309,-0.0057463090,9958270
2026-05-05,-0.0085519597,136.9242884940,0.0075185512,-0.0087319597,7616897
2026-05-06,-0.0102036131,135.5342696943,0.0079685756,-0.0103836131,12945595
2026-05-07,-0.0120530578,133.9104728286,0.0086287567,-0.0122330578,11721638
2026-05-08,0.0060038630,134.7168712894,0.0095116575,0.0058238630,8834925
2026-05-11,-0.0002799982,134.6791560947,0.0091145912,-0.0004599982,7831018
2026-05-12,-0.0092458683,133.4396692528,0.0086492034,-0.0094258683,18775444
2026-05-13,-0.0026258898,133.0897310316,0.0090196934,-0.0028058898,8688419
2026-05-14,-0.0046493814,132.4723823746,0.0086312835,-0.0048293814,8685585
2026-05-15,0.0016216074,132.6873748342,0.0084219493,0.0014416074,6374981
2026-05-18,-0.0159067305,130.5934504192,0.0080201455,-0.0160867305,14643309
2026-05-19,-0.0430276957,125.0934890249,0.0099283497,-0.0432076957,61214291
2026-05-20,0.0138248591,126.8348985229,0.0194326535,0.0136448591,26761186
2026-05-21,0.0088866629,127.9670606334,0.0184736677,0.0087066629,14345348
2026-05-22,0.0063070902,128.7767110125,0.0174235414,0.0061270902,12771447
2026-05-25,0.0047745028,129.3930259128,0.0163914365,0.0045945028,14464105
2026-05-26,-0.0225479200,126.5081287555,0.0154081769,-0.0227279200,21788201
2026-05-27,0.0119210335,128.0252613240,0.0170033794,0.0117410335,11321957
2026-05-28,0.0028813745,128.3946820126,0.0161744188,0.0027013745,10661067
2026-05-29,0.0104978971,129.7496559128,0.0151823465,0.0103178971,14895253
2026-06-01,-0.0078197673,128.7390004894,0.0144531456,-0.0079997673,14963704
2026-06-02,0.0114242027,130.2181740333,0.0139340122,0.0112442027,12198792
2026-06-03,0.0018313872,130.4568724332,0.0133555266,0.0016513872,5154427
2026-06-04,-0.0090555234,129.2808499541,0.0125631194,-0.0092355234,11138740
2026-06-05,-0.0032773962,128.8578389476,0.0123707122,-0.0034573962,7017291
2026-06-08,-0.0591938989,121.4516054143,0.0117257341,-0.0593738989,105759692
2026-06-09,0.0112047660,122.8200947158,0.0258560254,0.0110247660,23860910
2026-06-10,0.0099527775,124.0485991608,0.0243065757,0.0097727775,14477464
2026-06-11,0.0039110540,124.5347099076,0.0228420067,0.0037310540,27198734
2026-06-12,0.0262949249,127.8527736926,0.0213821062,0.0261149249,33695287
2026-06-15,0.0159421046,129.9073496003,0.0209229204,0.0157621046,19866936
2026-06-16,-0.0045474458,129.3179441280,0.0199254384,-0.0047274458,16673741
2026-06-17,0.0054133875,130.0198905060,0.0187449766,0.0052333875,9682694
2026-06-18,0.0072443834,130.9652244905,0.0175983485,0.0070643834,11010210
2026-06-19,0.0159593112,133.0721067456,0.0165736366,0.0157793112,26943047
2026-06-22,0.0104019440,134.4635396072,0.0159740599,0.0102219440,15934008
2026-06-23,-0.0025136974,134.1259634207,0.0151738347,-0.0026936974,11213157
2026-06-24,-0.0028281013,133.7471774846,0.0142806883,-0.0030081013,10606650
2026-06-25,0.0003894954,133.7992815389,0.0134658328,0.0002094954,5652867
2026-06-26,-0.0344171757,129.2726322261,0.0126593184,-0.0345971757,34349781
2026-06-29,-0.0195301307,126.7724150774,0.0180956975,-0.0197101307,19857294
2026-06-30,-0.0186155204,124.4343106393,0.0186440619,-0.0187955204,26719068
2026-07-01,0.0122884001,125.9728429216,0.0189649678,0.0121084001,14920231
2026-07-02,0.0166542385,128.0883922285,0.0179854563,0.0164742385,24806065
2026-07-03,-0.0124722312,126.5007653880,0.0172873279,-0.0126522312,17199046
2026-07-06,0.0196823400,129.0152608634,0.0169503163,0.0195023400,29929660
2026-07-07,-0.0346517655,124.6212245302,0.0165342454,-0.0348317655,60181202
2026-07-08,-0.0077206840,123.6627681721,0.0206977233,-0.0079006840,14112221
